frame,det_conf,s1,s2,margin,label,unknown
101,0.370,0.0000,0.0000,0.0000,,1
102,0.540,0.5971,0.5656,0.0315,,1
103,0.648,0.0000,0.0000,0.0000,,1
104,0.691,0.0000,0.0000,0.0000,,1
105,0.716,0.5902,0.5581,0.0321,,1
106,0.752,0.0000,0.0000,0.0000,,1
107,0.702,0.0000,0.0000,0.0000,,1
108,0.752,0.5962,0.5703,0.0259,,1
109,0.804,0.0000,0.0000,0.0000,,1
110,0.719,0.0000,0.0000,0.0000,,1
111,0.759,0.6036,0.5802,0.0234,,1
112,0.756,0.0000,0.0000,0.0000,,1
113,0.703,0.0000,0.0000,0.0000,,1
114,0.558,0.5957,0.5890,0.0068,,1
115,0.552,0.0000,0.0000,0.0000,,1
116,0.561,0.0000,0.0000,0.0000,,1
117,0.551,0.5967,0.5695,0.0271,,1
117,0.480,0.5977,0.5720,0.0258,,1
118,0.523,0.0000,0.0000,0.0000,,1
119,0.591,0.0000,0.0000,0.0000,,1
120,0.376,0.5793,0.5587,0.0206,,1
121,0.322,0.0000,0.0000,0.0000,,1
122,0.773,0.0000,0.0000,0.0000,,1
123,0.821,0.5836,0.5600,0.0236,,1
124,0.740,0.0000,0.0000,0.0000,,1
125,0.390,0.0000,0.0000,0.0000,,1
126,0.380,0.5241,0.5005,0.0236,,1
128,0.256,0.0000,0.0000,0.0000,,1
130,0.252,0.0000,0.0000,0.0000,,1
131,0.458,0.0000,0.0000,0.0000,,1
132,0.516,0.5823,0.5604,0.0218,,1
132,0.335,0.5841,0.5725,0.0117,,1
86,0.267,0.0000,0.0000,0.0000,,1
90,0.342,0.5502,0.5410,0.0092,,1
91,0.454,0.0000,0.0000,0.0000,,1
92,0.337,0.0000,0.0000,0.0000,,1
93,0.279,0.5653,0.5594,0.0059,,1
95,0.272,0.0000,0.0000,0.0000,,1
96,0.585,0.5669,0.5455,0.0215,,1
97,0.520,0.0000,0.0000,0.0000,,1
112,0.268,0.0000,0.0000,0.0000,,1
113,0.294,0.0000,0.0000,0.0000,,1
188,0.500,0.0000,0.0000,0.0000,,1
189,0.336,0.6152,0.5725,0.0427,,1
194,0.291,0.0000,0.0000,0.0000,,1
195,0.281,0.5397,0.5163,0.0234,,1
234,0.419,0.5526,0.5522,0.0004,,1
239,0.311,0.0000,0.0000,0.0000,,1
327,0.510,0.7071,0.6981,0.0089,,1
328,0.323,0.0000,0.0000,0.0000,,1
446,0.268,0.0000,0.0000,0.0000,,1
72,0.258,0.5847,0.5604,0.0243,,1
77,0.287,0.0000,0.0000,0.0000,,1
109,0.251,0.0000,0.0000,0.0000,,1
110,0.327,0.0000,0.0000,0.0000,,1
111,0.394,0.5844,0.5695,0.0149,,1
114,0.293,0.5780,0.5671,0.0109,,1
204,0.310,0.5812,0.5727,0.0086,,1
205,0.354,0.0000,0.0000,0.0000,,1
314,0.265,0.0000,0.0000,0.0000,,1
321,0.310,0.7395,0.7325,0.0070,,1
322,0.500,0.0000,0.0000,0.0000,,1
323,0.289,0.0000,0.0000,0.0000,,1
325,0.254,0.0000,0.0000,0.0000,,1
327,0.439,0.7092,0.6946,0.0146,,1
328,0.322,0.0000,0.0000,0.0000,,1
329,0.255,0.0000,0.0000,0.0000,,1
330,0.264,0.7415,0.7250,0.0165,,1
331,0.250,0.0000,0.0000,0.0000,,1
332,0.668,0.0000,0.0000,0.0000,,1
333,0.638,0.7748,0.7418,0.0330,,1
334,0.786,0.0000,0.0000,0.0000,,1
335,0.453,0.0000,0.0000,0.0000,,1
336,0.456,0.7671,0.7313,0.0358,,1
337,0.310,0.0000,0.0000,0.0000,,1
338,0.315,0.0000,0.0000,0.0000,,1
339,0.317,0.7673,0.7378,0.0295,,1
340,0.318,0.0000,0.0000,0.0000,,1
341,0.412,0.0000,0.0000,0.0000,,1
342,0.398,0.7432,0.7263,0.0168,,1
343,0.278,0.0000,0.0000,0.0000,,1
347,0.259,0.0000,0.0000,0.0000,,1
348,0.342,0.7543,0.7324,0.0219,,1
349,0.320,0.0000,0.0000,0.0000,,1
350,0.610,0.0000,0.0000,0.0000,,1
351,0.430,0.7717,0.7464,0.0253,,1
352,0.291,0.0000,0.0000,0.0000,,1
353,0.354,0.0000,0.0000,0.0000,,1
362,0.255,0.0000,0.0000,0.0000,,1
365,0.277,0.0000,0.0000,0.0000,,1
388,0.410,0.0000,0.0000,0.0000,,1
391,0.330,0.0000,0.0000,0.0000,,1
392,0.360,0.0000,0.0000,0.0000,,1
395,0.258,0.0000,0.0000,0.0000,,1
396,0.348,0.8179,0.7835,0.0344,,1
397,0.472,0.0000,0.0000,0.0000,,1
398,0.415,0.0000,0.0000,0.0000,,1
399,0.654,0.7724,0.7489,0.0236,,1
400,0.718,0.0000,0.0000,0.0000,,1
401,0.716,0.0000,0.0000,0.0000,,1
402,0.739,0.7978,0.7818,0.0160,,1
403,0.820,0.0000,0.0000,0.0000,,1
404,0.933,0.0000,0.0000,0.0000,,1
405,0.914,0.7814,0.7719,0.0095,,1
406,0.922,0.0000,0.0000,0.0000,,1
407,0.857,0.0000,0.0000,0.0000,,1
408,0.862,0.7715,0.7650,0.0065,,1
409,0.878,0.0000,0.0000,0.0000,,1
410,0.868,0.0000,0.0000,0.0000,,1
411,0.919,0.7666,0.7636,0.0031,,1
412,0.913,0.0000,0.0000,0.0000,,1
413,0.894,0.0000,0.0000,0.0000,,1
414,0.878,0.7732,0.7729,0.0003,,1
415,0.882,0.0000,0.0000,0.0000,,1
416,0.912,0.0000,0.0000,0.0000,,1
417,0.917,0.7471,0.7471,0.0001,,1
418,0.905,0.0000,0.0000,0.0000,,1
419,0.898,0.0000,0.0000,0.0000,,1
420,0.897,0.7849,0.7783,0.0066,,1
421,0.927,0.0000,0.0000,0.0000,,1
422,0.917,0.0000,0.0000,0.0000,,1
423,0.913,0.7587,0.7499,0.0089,,1
424,0.915,0.0000,0.0000,0.0000,,1
425,0.910,0.0000,0.0000,0.0000,,1
426,0.919,0.7723,0.7623,0.0101,,1
427,0.905,0.0000,0.0000,0.0000,,1
428,0.908,0.0000,0.0000,0.0000,,1
429,0.896,0.7518,0.7508,0.0010,,1
430,0.921,0.0000,0.0000,0.0000,,1
431,0.901,0.0000,0.0000,0.0000,,1
432,0.908,0.7795,0.7668,0.0127,,1
433,0.883,0.0000,0.0000,0.0000,,1
434,0.884,0.0000,0.0000,0.0000,,1
435,0.901,0.7784,0.7714,0.0070,,1
436,0.911,0.0000,0.0000,0.0000,,1
437,0.907,0.0000,0.0000,0.0000,,1
438,0.854,0.7800,0.7691,0.0110,,1
439,0.866,0.0000,0.0000,0.0000,,1
440,0.869,0.0000,0.0000,0.0000,,1
441,0.899,0.7610,0.7511,0.0099,,1
442,0.876,0.0000,0.0000,0.0000,,1
443,0.911,0.0000,0.0000,0.0000,,1
444,0.885,0.7747,0.7595,0.0152,,1
445,0.765,0.0000,0.0000,0.0000,,1
447,0.310,0.8114,0.7823,0.0291,,1
448,0.460,0.0000,0.0000,0.0000,,1
449,0.405,0.0000,0.0000,0.0000,,1
450,0.471,0.8323,0.7937,0.0385,,1
451,0.368,0.0000,0.0000,0.0000,,1
452,0.475,0.0000,0.0000,0.0000,,1
453,0.614,0.8251,0.7792,0.0459,,1
454,0.737,0.0000,0.0000,0.0000,,1
455,0.601,0.0000,0.0000,0.0000,,1
456,0.683,0.7876,0.7638,0.0238,,1
457,0.316,0.0000,0.0000,0.0000,,1
458,0.881,0.0000,0.0000,0.0000,,1
459,0.855,0.6284,0.6178,0.0106,,1
460,0.895,0.0000,0.0000,0.0000,,1
461,0.777,0.0000,0.0000,0.0000,,1
462,0.727,0.6756,0.6652,0.0104,,1
463,0.616,0.0000,0.0000,0.0000,,1
610,0.287,0.0000,0.0000,0.0000,,1
611,0.386,0.0000,0.0000,0.0000,,1
612,0.539,0.4967,0.4884,0.0083,,1
613,0.306,0.0000,0.0000,0.0000,,1
647,0.384,0.0000,0.0000,0.0000,,1
650,0.279,0.0000,0.0000,0.0000,,1
651,0.339,0.6643,0.6504,0.0139,,1
654,0.397,0.7394,0.7359,0.0035,,1
656,0.394,0.0000,0.0000,0.0000,,1
659,0.583,0.0000,0.0000,0.0000,,1
660,0.458,0.7346,0.7197,0.0148,,1
660,0.391,0.7347,0.7132,0.0215,,1
661,0.514,0.0000,0.0000,0.0000,,1
662,0.952,0.0000,0.0000,0.0000,,1
663,0.499,0.6273,0.6263,0.0011,,1
672,0.345,0.6868,0.6719,0.0148,,1
674,0.490,0.0000,0.0000,0.0000,,1
675,0.453,0.7333,0.7298,0.0035,,1
676,0.729,0.0000,0.0000,0.0000,,1
677,0.306,0.0000,0.0000,0.0000,,1
679,0.373,0.0000,0.0000,0.0000,,1
680,0.388,0.0000,0.0000,0.0000,,1
681,0.310,0.7098,0.6943,0.0155,,1
682,0.301,0.0000,0.0000,0.0000,,1
697,0.284,0.0000,0.0000,0.0000,,1
702,0.521,0.7772,0.7643,0.0129,,1
702,0.325,0.7970,0.7676,0.0294,,1
703,0.419,0.0000,0.0000,0.0000,,1
703,0.285,0.0000,0.0000,0.0000,,1
705,0.324,0.7168,0.7012,0.0156,,1
723,0.318,0.5225,0.4936,0.0289,,1
724,0.322,0.0000,0.0000,0.0000,,1
749,0.563,0.0000,0.0000,0.0000,,1
753,0.293,0.6602,0.6529,0.0074,,1
754,0.424,0.0000,0.0000,0.0000,,1
754,0.355,0.0000,0.0000,0.0000,,1
755,0.468,0.0000,0.0000,0.0000,,1
755,0.334,0.0000,0.0000,0.0000,,1
756,0.556,0.8441,0.8170,0.0272,,1
757,0.807,0.0000,0.0000,0.0000,,1
758,0.810,0.0000,0.0000,0.0000,,1
758,0.680,0.0000,0.0000,0.0000,,1
759,0.944,0.8356,0.8042,0.0314,,1
760,0.936,0.0000,0.0000,0.0000,,1
761,0.820,0.0000,0.0000,0.0000,,1
762,0.736,0.8709,0.8262,0.0447,,1
763,0.777,0.0000,0.0000,0.0000,,1
764,0.944,0.0000,0.0000,0.0000,,1
765,0.935,0.8611,0.8262,0.0349,,1
766,0.944,0.0000,0.0000,0.0000,,1
767,0.914,0.0000,0.0000,0.0000,,1
768,0.926,0.8767,0.8318,0.0449,,1
769,0.903,0.0000,0.0000,0.0000,,1
770,0.874,0.0000,0.0000,0.0000,,1
771,0.758,0.8708,0.8198,0.0510,nike_blazer_mid77_darkblue,0
772,0.773,0.0000,0.0000,0.0000,nike_blazer_mid77_darkblue,0
773,0.544,0.0000,0.0000,0.0000,nike_blazer_mid77_darkblue,0
774,0.396,0.8669,0.8263,0.0405,nike_blazer_mid77_darkblue,0
775,0.532,0.0000,0.0000,0.0000,nike_blazer_mid77_darkblue,0
776,0.572,0.0000,0.0000,0.0000,nike_blazer_mid77_darkblue,0
777,0.727,0.8751,0.8368,0.0383,nike_blazer_mid77_darkblue,0
778,0.945,0.0000,0.0000,0.0000,nike_blazer_mid77_darkblue,0
779,0.880,0.0000,0.0000,0.0000,,1
780,0.857,0.8694,0.8355,0.0340,,1
781,0.786,0.0000,0.0000,0.0000,,1
782,0.828,0.0000,0.0000,0.0000,,1
783,0.889,0.8676,0.8326,0.0349,,1
784,0.811,0.0000,0.0000,0.0000,,1
785,0.846,0.0000,0.0000,0.0000,,1
786,0.844,0.8722,0.8300,0.0422,,1
787,0.843,0.0000,0.0000,0.0000,,1
788,0.896,0.0000,0.0000,0.0000,,1
789,0.905,0.8671,0.8370,0.0301,,1
790,0.800,0.0000,0.0000,0.0000,,1
791,0.515,0.0000,0.0000,0.0000,,1
792,0.606,0.8823,0.8387,0.0436,,1
793,0.648,0.0000,0.0000,0.0000,,1
794,0.819,0.0000,0.0000,0.0000,,1
795,0.900,0.8628,0.8345,0.0282,,1
796,0.873,0.0000,0.0000,0.0000,,1
797,0.801,0.0000,0.0000,0.0000,,1
798,0.856,0.8493,0.8201,0.0292,,1
799,0.806,0.0000,0.0000,0.0000,,1
799,0.452,0.0000,0.0000,0.0000,,1
800,0.823,0.0000,0.0000,0.0000,,1
801,0.812,0.8675,0.8396,0.0280,,1
802,0.853,0.0000,0.0000,0.0000,,1
803,0.832,0.0000,0.0000,0.0000,,1
804,0.870,0.8609,0.8188,0.0421,,1
805,0.766,0.0000,0.0000,0.0000,,1
806,0.790,0.0000,0.0000,0.0000,,1
807,0.640,0.8420,0.8226,0.0194,,1
808,0.460,0.0000,0.0000,0.0000,,1
809,0.643,0.0000,0.0000,0.0000,,1
809,0.294,0.0000,0.0000,0.0000,,1
810,0.775,0.8323,0.8119,0.0204,,1
810,0.375,0.4629,0.4490,0.0139,,1
811,0.344,0.0000,0.0000,0.0000,,1
811,0.302,0.0000,0.0000,0.0000,,1
812,0.494,0.0000,0.0000,0.0000,,1
812,0.372,0.0000,0.0000,0.0000,,1
813,0.413,0.5832,0.5823,0.0009,,1
813,0.262,0.4938,0.4890,0.0048,,1
813,0.251,0.7792,0.7702,0.0090,,1
814,0.517,0.0000,0.0000,0.0000,,1
814,0.473,0.0000,0.0000,0.0000,,1
815,0.397,0.0000,0.0000,0.0000,,1
816,0.448,0.4928,0.4910,0.0019,,1
817,0.449,0.0000,0.0000,0.0000,,1
818,0.359,0.0000,0.0000,0.0000,,1
819,0.402,0.6010,0.5920,0.0090,,1
820,0.446,0.0000,0.0000,0.0000,,1
820,0.263,0.0000,0.0000,0.0000,,1
821,0.256,0.0000,0.0000,0.0000,,1
822,0.299,0.7054,0.6966,0.0087,,1
823,0.357,0.0000,0.0000,0.0000,,1
824,0.590,0.0000,0.0000,0.0000,,1
825,0.410,0.5012,0.4938,0.0074,,1
826,0.306,0.0000,0.0000,0.0000,,1
827,0.496,0.0000,0.0000,0.0000,,1
828,0.417,0.8527,0.8275,0.0252,,1
829,0.306,0.0000,0.0000,0.0000,,1
830,0.270,0.0000,0.0000,0.0000,,1
842,0.309,0.0000,0.0000,0.0000,,1
843,0.278,0.4871,0.4848,0.0024,,1
856,0.270,0.0000,0.0000,0.0000,,1
857,0.317,0.0000,0.0000,0.0000,,1
858,0.365,0.4801,0.4779,0.0022,,1
859,0.307,0.0000,0.0000,0.0000,,1
860,0.462,0.0000,0.0000,0.0000,,1
861,0.475,0.4830,0.4828,0.0002,,1
861,0.260,0.8301,0.8038,0.0263,,1
862,0.396,0.0000,0.0000,0.0000,,1
863,0.498,0.0000,0.0000,0.0000,,1
863,0.364,0.0000,0.0000,0.0000,,1
864,0.536,0.4844,0.4805,0.0039,,1
865,0.390,0.0000,0.0000,0.0000,,1
870,0.261,0.4880,0.4838,0.0042,,1
871,0.257,0.0000,0.0000,0.0000,,1
875,0.316,0.0000,0.0000,0.0000,,1
875,0.303,0.0000,0.0000,0.0000,,1
876,0.381,0.7602,0.7300,0.0302,,1
879,0.282,0.7294,0.7072,0.0222,,1
881,0.394,0.0000,0.0000,0.0000,,1
882,0.464,0.8257,0.7791,0.0466,,1
884,0.344,0.0000,0.0000,0.0000,,1
886,0.332,0.0000,0.0000,0.0000,,1
887,0.293,0.0000,0.0000,0.0000,,1
888,0.395,0.7821,0.7660,0.0162,,1
889,0.373,0.0000,0.0000,0.0000,,1
890,0.442,0.0000,0.0000,0.0000,,1
891,0.267,0.7827,0.7597,0.0230,,1
892,0.295,0.0000,0.0000,0.0000,,1
896,0.333,0.0000,0.0000,0.0000,,1
908,0.677,0.0000,0.0000,0.0000,,1
909,0.634,0.7035,0.6991,0.0044,,1
910,0.747,0.0000,0.0000,0.0000,,1
911,0.365,0.0000,0.0000,0.0000,,1
912,0.389,0.7107,0.6960,0.0148,,1
913,0.517,0.0000,0.0000,0.0000,,1
914,0.791,0.0000,0.0000,0.0000,,1
915,0.739,0.5793,0.5760,0.0034,,1
915,0.449,0.5781,0.5762,0.0019,,1
916,0.609,0.0000,0.0000,0.0000,,1
916,0.530,0.0000,0.0000,0.0000,,1
918,0.415,0.5924,0.5863,0.0061,,1
920,0.691,0.0000,0.0000,0.0000,,1
921,0.719,0.5615,0.5527,0.0088,,1
922,0.390,0.0000,0.0000,0.0000,,1
935,0.250,0.0000,0.0000,0.0000,,1
936,0.257,0.5171,0.4994,0.0176,,1
942,0.261,0.5357,0.5225,0.0132,,1
951,0.850,0.6233,0.6169,0.0064,,1
952,0.671,0.0000,0.0000,0.0000,,1
965,0.372,0.0000,0.0000,0.0000,,1
965,0.285,0.0000,0.0000,0.0000,,1
966,0.606,0.5862,0.5790,0.0072,,1
966,0.465,0.5058,0.4965,0.0093,,1
967,0.739,0.0000,0.0000,0.0000,,1
968,0.356,0.0000,0.0000,0.0000,,1
970,0.460,0.0000,0.0000,0.0000,,1
970,0.258,0.0000,0.0000,0.0000,,1
971,0.801,0.0000,0.0000,0.0000,,1
971,0.306,0.0000,0.0000,0.0000,,1
972,0.510,0.5833,0.5817,0.0016,,1
972,0.375,0.5795,0.5689,0.0105,,1
1079,0.390,0.0000,0.0000,0.0000,,1
1089,0.261,0.7847,0.7810,0.0037,,1
1090,0.628,0.0000,0.0000,0.0000,,1
1091,0.663,0.0000,0.0000,0.0000,,1
1092,0.757,0.7502,0.7460,0.0041,,1
1093,0.695,0.0000,0.0000,0.0000,,1
1094,0.596,0.0000,0.0000,0.0000,,1
1095,0.503,0.7634,0.7545,0.0089,,1
1096,0.625,0.0000,0.0000,0.0000,,1
1096,0.352,0.0000,0.0000,0.0000,,1
1097,0.606,0.0000,0.0000,0.0000,,1
1098,0.525,0.8235,0.7895,0.0340,,1
1099,0.512,0.0000,0.0000,0.0000,,1
1100,0.425,0.0000,0.0000,0.0000,,1
1101,0.383,0.8120,0.7762,0.0358,,1
1102,0.371,0.0000,0.0000,0.0000,,1
1103,0.300,0.0000,0.0000,0.0000,,1
1104,0.373,0.8009,0.7794,0.0215,,1
1105,0.360,0.0000,0.0000,0.0000,,1
1106,0.377,0.0000,0.0000,0.0000,,1
1107,0.277,0.8429,0.8045,0.0385,,1
1108,0.262,0.0000,0.0000,0.0000,,1
1123,0.253,0.0000,0.0000,0.0000,,1
1124,0.316,0.0000,0.0000,0.0000,,1
1125,0.268,0.8297,0.7965,0.0332,,1
1126,0.360,0.0000,0.0000,0.0000,,1
1127,0.412,0.0000,0.0000,0.0000,,1
1128,0.489,0.8285,0.8130,0.0154,,1
1129,0.351,0.0000,0.0000,0.0000,,1
1164,0.339,0.8809,0.8294,0.0516,nike_blazer_mid77_darkblue,0
1165,0.369,0.0000,0.0000,0.0000,nike_blazer_mid77_darkblue,0
1166,0.380,0.0000,0.0000,0.0000,nike_blazer_mid77_darkblue,0
1170,0.379,0.8652,0.8319,0.0334,nike_blazer_mid77_darkblue,0
1171,0.328,0.0000,0.0000,0.0000,nike_blazer_mid77_darkblue,0
1172,0.320,0.0000,0.0000,0.0000,nike_blazer_mid77_darkblue,0
1173,0.442,0.8688,0.8301,0.0386,nike_blazer_mid77_darkblue,0
1173,0.251,0.7799,0.7718,0.0081,,1
1174,0.681,0.0000,0.0000,0.0000,nike_blazer_mid77_darkblue,0
1175,0.633,0.0000,0.0000,0.0000,,1
1194,0.268,0.8607,0.8198,0.0409,,1
1196,0.317,0.0000,0.0000,0.0000,,1
1197,0.310,0.8535,0.8457,0.0078,,1
1198,0.269,0.0000,0.0000,0.0000,,1
1199,0.318,0.0000,0.0000,0.0000,,1
1200,0.328,0.8629,0.8447,0.0182,,1
1201,0.263,0.0000,0.0000,0.0000,,1
1203,0.359,0.8676,0.8377,0.0299,,1
1204,0.381,0.0000,0.0000,0.0000,,1
1205,0.536,0.0000,0.0000,0.0000,,1
1206,0.488,0.8773,0.8582,0.0191,,1
1207,0.362,0.0000,0.0000,0.0000,,1
1208,0.263,0.0000,0.0000,0.0000,,1
1209,0.253,0.8861,0.8531,0.0330,,1
1210,0.528,0.0000,0.0000,0.0000,,1
1211,0.592,0.0000,0.0000,0.0000,,1
1212,0.429,0.8806,0.8554,0.0252,,1
1213,0.343,0.0000,0.0000,0.0000,,1
1214,0.311,0.0000,0.0000,0.0000,,1
1215,0.334,0.8651,0.8511,0.0141,,1
1216,0.251,0.0000,0.0000,0.0000,,1
1217,0.749,0.0000,0.0000,0.0000,,1
1218,0.583,0.8896,0.8459,0.0437,,1
1219,0.578,0.0000,0.0000,0.0000,,1
1220,0.346,0.0000,0.0000,0.0000,,1
1221,0.346,0.8793,0.8477,0.0317,,1
1222,0.306,0.0000,0.0000,0.0000,,1
1223,0.387,0.0000,0.0000,0.0000,,1
1223,0.276,0.0000,0.0000,0.0000,,1
1224,0.374,0.8968,0.8420,0.0547,nike_blazer_mid77_darkblue,0
1224,0.284,0.8356,0.8069,0.0286,,1
1225,0.397,0.0000,0.0000,0.0000,nike_blazer_mid77_darkblue,0
1225,0.393,0.0000,0.0000,0.0000,,1
1226,0.896,0.0000,0.0000,0.0000,nike_blazer_mid77_darkblue,0
1227,0.870,0.8956,0.8485,0.0472,nike_blazer_mid77_darkblue,0
1228,0.914,0.0000,0.0000,0.0000,nike_blazer_mid77_darkblue,0
1229,0.843,0.0000,0.0000,0.0000,nike_blazer_mid77_darkblue,0
1230,0.758,0.8929,0.8423,0.0506,nike_blazer_mid77_darkblue,0
1231,0.710,0.0000,0.0000,0.0000,nike_blazer_mid77_darkblue,0
1232,0.755,0.0000,0.0000,0.0000,nike_blazer_mid77_darkblue,0
1233,0.814,0.8924,0.8423,0.0500,nike_blazer_mid77_darkblue,0
1234,0.775,0.0000,0.0000,0.0000,nike_blazer_mid77_darkblue,0
1235,0.757,0.0000,0.0000,0.0000,nike_blazer_mid77_darkblue,0
1236,0.578,0.8966,0.8422,0.0544,nike_blazer_mid77_darkblue,0
1237,0.551,0.0000,0.0000,0.0000,nike_blazer_mid77_darkblue,0
1238,0.425,0.0000,0.0000,0.0000,nike_blazer_mid77_darkblue,0
1238,0.378,0.0000,0.0000,0.0000,,1
1239,0.541,0.8982,0.8507,0.0475,nike_blazer_mid77_darkblue,0
1239,0.323,0.8538,0.8233,0.0305,,1
1240,0.599,0.0000,0.0000,0.0000,nike_blazer_mid77_darkblue,0
1241,0.462,0.0000,0.0000,0.0000,nike_blazer_mid77_darkblue,0
1242,0.475,0.8943,0.8599,0.0344,nike_blazer_mid77_darkblue,0
1242,0.408,0.8491,0.8193,0.0298,,1
1243,0.468,0.0000,0.0000,0.0000,nike_blazer_mid77_darkblue,0
1243,0.406,0.0000,0.0000,0.0000,,1
1244,0.492,0.0000,0.0000,0.0000,,1
1245,0.506,0.8980,0.8477,0.0503,nike_blazer_mid77_darkblue,0
1245,0.363,0.8274,0.7962,0.0312,,1
1246,0.474,0.0000,0.0000,0.0000,nike_blazer_mid77_darkblue,0
1247,0.392,0.0000,0.0000,0.0000,nike_blazer_mid77_darkblue,0
1247,0.349,0.0000,0.0000,0.0000,,1
1248,0.517,0.8903,0.8528,0.0375,nike_blazer_mid77_darkblue,0
1248,0.311,0.8370,0.7978,0.0392,,1
1249,0.413,0.0000,0.0000,0.0000,nike_blazer_mid77_darkblue,0
1249,0.333,0.0000,0.0000,0.0000,,1
1250,0.526,0.0000,0.0000,0.0000,nike_blazer_mid77_darkblue,0
1251,0.581,0.8928,0.8450,0.0479,nike_blazer_mid77_darkblue,0
1252,0.456,0.0000,0.0000,0.0000,nike_blazer_mid77_darkblue,0
1252,0.330,0.0000,0.0000,0.0000,,1
1253,0.416,0.0000,0.0000,0.0000,,1
1254,0.531,0.8962,0.8440,0.0521,nike_blazer_mid77_darkblue,0
1255,0.360,0.0000,0.0000,0.0000,nike_blazer_mid77_darkblue,0
1255,0.333,0.0000,0.0000,0.0000,,1
1256,0.636,0.0000,0.0000,0.0000,nike_blazer_mid77_darkblue,0
1257,0.693,0.8958,0.8483,0.0474,nike_blazer_mid77_darkblue,0
1258,0.548,0.0000,0.0000,0.0000,nike_blazer_mid77_darkblue,0
1259,0.336,0.0000,0.0000,0.0000,nike_blazer_mid77_darkblue,0
1259,0.277,0.0000,0.0000,0.0000,,1
1260,0.458,0.8971,0.8444,0.0528,nike_blazer_mid77_darkblue,0
1261,0.370,0.0000,0.0000,0.0000,nike_blazer_mid77_darkblue,0
1261,0.332,0.0000,0.0000,0.0000,,1
1262,0.401,0.0000,0.0000,0.0000,nike_blazer_mid77_darkblue,0
1262,0.331,0.0000,0.0000,0.0000,,1
1263,0.449,0.8964,0.8401,0.0563,nike_blazer_mid77_darkblue,0
1263,0.291,0.8419,0.8052,0.0368,,1
1264,0.352,0.0000,0.0000,0.0000,nike_blazer_mid77_darkblue,0
1264,0.350,0.0000,0.0000,0.0000,,1
1265,0.428,0.0000,0.0000,0.0000,nike_blazer_mid77_darkblue,0
1266,0.385,0.8984,0.8414,0.0570,nike_blazer_mid77_darkblue,0
1266,0.318,0.8464,0.8183,0.0281,,1
1267,0.424,0.0000,0.0000,0.0000,nike_blazer_mid77_darkblue,0
1267,0.299,0.0000,0.0000,0.0000,,1
1268,0.423,0.0000,0.0000,0.0000,nike_blazer_mid77_darkblue,0
1269,0.474,0.8959,0.8499,0.0460,nike_blazer_mid77_darkblue,0
1270,0.379,0.0000,0.0000,0.0000,nike_blazer_mid77_darkblue,0
1270,0.280,0.0000,0.0000,0.0000,,1
1271,0.428,0.0000,0.0000,0.0000,nike_blazer_mid77_darkblue,0
1272,0.420,0.9016,0.8499,0.0517,nike_blazer_mid77_darkblue,0
1273,0.343,0.0000,0.0000,0.0000,nike_blazer_mid77_darkblue,0
1273,0.325,0.0000,0.0000,0.0000,,1
1274,0.430,0.0000,0.0000,0.0000,nike_blazer_mid77_darkblue,0
1274,0.318,0.0000,0.0000,0.0000,,1
1275,0.463,0.8983,0.8424,0.0559,nike_blazer_mid77_darkblue,0
1276,0.483,0.0000,0.0000,0.0000,nike_blazer_mid77_darkblue,0
1277,0.434,0.0000,0.0000,0.0000,nike_blazer_mid77_darkblue,0
1278,0.384,0.8972,0.8415,0.0557,nike_blazer_mid77_darkblue,0
1278,0.289,0.8437,0.8083,0.0354,,1
1279,0.402,0.0000,0.0000,0.0000,nike_blazer_mid77_darkblue,0
1279,0.326,0.0000,0.0000,0.0000,,1
1280,0.437,0.0000,0.0000,0.0000,nike_blazer_mid77_darkblue,0
1280,0.298,0.0000,0.0000,0.0000,,1
1281,0.376,0.8916,0.8458,0.0458,nike_blazer_mid77_darkblue,0
1281,0.314,0.8537,0.8170,0.0367,,1
1282,0.414,0.0000,0.0000,0.0000,nike_blazer_mid77_darkblue,0
1283,0.444,0.0000,0.0000,0.0000,nike_blazer_mid77_darkblue,0
1284,0.451,0.9046,0.8487,0.0559,nike_blazer_mid77_darkblue,0
1285,0.403,0.0000,0.0000,0.0000,nike_blazer_mid77_darkblue,0
1285,0.260,0.0000,0.0000,0.0000,,1
1286,0.620,0.0000,0.0000,0.0000,nike_blazer_mid77_darkblue,0
1287,0.524,0.9004,0.8471,0.0533,nike_blazer_mid77_darkblue,0
1288,0.497,0.0000,0.0000,0.0000,nike_blazer_mid77_darkblue,0
1289,0.499,0.0000,0.0000,0.0000,nike_blazer_mid77_darkblue,0
1290,0.592,0.8985,0.8502,0.0483,nike_blazer_mid77_darkblue,0
1291,0.596,0.0000,0.0000,0.0000,nike_blazer_mid77_darkblue,0
1292,0.499,0.0000,0.0000,0.0000,nike_blazer_mid77_darkblue,0
1293,0.515,0.9031,0.8575,0.0456,nike_blazer_mid77_darkblue,0
1294,0.502,0.0000,0.0000,0.0000,nike_blazer_mid77_darkblue,0
1295,0.407,0.0000,0.0000,0.0000,,1
1296,0.357,0.9024,0.8528,0.0496,,1
1297,0.376,0.0000,0.0000,0.0000,,1
1298,0.350,0.0000,0.0000,0.0000,,1
1298,0.341,0.0000,0.0000,0.0000,,1
1299,0.466,0.8856,0.8448,0.0408,,1
1300,0.518,0.0000,0.0000,0.0000,,1
1301,0.519,0.0000,0.0000,0.0000,,1
1302,0.538,0.8937,0.8461,0.0476,,1
1303,0.531,0.0000,0.0000,0.0000,,1
1304,0.558,0.0000,0.0000,0.0000,,1
1305,0.461,0.8801,0.8429,0.0373,,1
1306,0.410,0.0000,0.0000,0.0000,,1
1306,0.356,0.0000,0.0000,0.0000,,1
1307,0.373,0.0000,0.0000,0.0000,,1
1307,0.295,0.0000,0.0000,0.0000,,1
1308,0.468,0.8710,0.8395,0.0314,,1
1309,0.565,0.0000,0.0000,0.0000,,1
1310,0.469,0.0000,0.0000,0.0000,,1
1311,0.393,0.9019,0.8502,0.0517,nike_blazer_mid77_darkblue,0
1311,0.267,0.8256,0.8044,0.0212,,1
1312,0.493,0.0000,0.0000,0.0000,nike_blazer_mid77_darkblue,0
1313,0.492,0.0000,0.0000,0.0000,nike_blazer_mid77_darkblue,0
1314,0.278,0.8789,0.8490,0.0299,nike_blazer_mid77_darkblue,0
1315,0.255,0.0000,0.0000,0.0000,nike_blazer_mid77_darkblue,0
1316,0.382,0.0000,0.0000,0.0000,nike_blazer_mid77_darkblue,0
1317,0.330,0.8669,0.8327,0.0342,nike_blazer_mid77_darkblue,0
1319,0.343,0.0000,0.0000,0.0000,nike_blazer_mid77_darkblue,0
1319,0.268,0.0000,0.0000,0.0000,,1
1320,0.371,0.8502,0.8012,0.0491,,1
1321,0.359,0.0000,0.0000,0.0000,,1
1323,0.311,0.8795,0.8210,0.0586,nike_blazer_mid77_darkblue,0
1325,0.369,0.0000,0.0000,0.0000,nike_blazer_mid77_darkblue,0
1326,0.511,0.8764,0.8179,0.0584,nike_blazer_mid77_darkblue,0
1327,0.516,0.0000,0.0000,0.0000,nike_blazer_mid77_darkblue,0
1328,0.585,0.0000,0.0000,0.0000,nike_blazer_mid77_darkblue,0
1329,0.682,0.8772,0.8247,0.0525,nike_blazer_mid77_darkblue,0
1330,0.298,0.0000,0.0000,0.0000,nike_blazer_mid77_darkblue,0
1350,0.387,0.8550,0.8116,0.0435,nike_blazer_mid77_darkblue,0
1351,0.425,0.0000,0.0000,0.0000,nike_blazer_mid77_darkblue,0
1354,0.324,0.0000,0.0000,0.0000,nike_blazer_mid77_darkblue,0
1355,0.477,0.0000,0.0000,0.0000,nike_blazer_mid77_darkblue,0
1356,0.294,0.8662,0.8192,0.0470,nike_blazer_mid77_darkblue,0
1357,0.389,0.0000,0.0000,0.0000,nike_blazer_mid77_darkblue,0
1358,0.620,0.0000,0.0000,0.0000,,1
1359,0.611,0.8532,0.8243,0.0288,,1
1360,0.458,0.0000,0.0000,0.0000,,1
1361,0.498,0.0000,0.0000,0.0000,,1
1362,0.443,0.8807,0.8372,0.0436,,1
1363,0.388,0.0000,0.0000,0.0000,,1
1364,0.394,0.0000,0.0000,0.0000,,1
1365,0.525,0.8727,0.8354,0.0373,,1
1366,0.601,0.0000,0.0000,0.0000,,1
1367,0.348,0.0000,0.0000,0.0000,,1
1368,0.350,0.8741,0.8418,0.0323,,1
1369,0.409,0.0000,0.0000,0.0000,,1
1370,0.440,0.0000,0.0000,0.0000,,1
1371,0.556,0.8900,0.8529,0.0371,,1
1372,0.583,0.0000,0.0000,0.0000,,1
1373,0.653,0.0000,0.0000,0.0000,,1
1374,0.574,0.8774,0.8423,0.0351,,1
1375,0.577,0.0000,0.0000,0.0000,,1
1376,0.486,0.0000,0.0000,0.0000,,1
1377,0.435,0.8915,0.8600,0.0315,,1
1378,0.282,0.0000,0.0000,0.0000,,1
1379,0.277,0.0000,0.0000,0.0000,,1
1392,0.401,0.7859,0.7753,0.0106,,1
1393,0.485,0.0000,0.0000,0.0000,,1
1394,0.607,0.0000,0.0000,0.0000,,1
1395,0.440,0.9038,0.8524,0.0514,nike_blazer_mid77_darkblue,0
1396,0.358,0.0000,0.0000,0.0000,nike_blazer_mid77_darkblue,0
1397,0.611,0.0000,0.0000,0.0000,nike_blazer_mid77_darkblue,0
1398,0.432,0.8824,0.8436,0.0388,nike_blazer_mid77_darkblue,0
1398,0.379,0.8114,0.7906,0.0208,,1
1399,0.436,0.0000,0.0000,0.0000,nike_blazer_mid77_darkblue,0
1399,0.334,0.0000,0.0000,0.0000,,1
1400,0.527,0.0000,0.0000,0.0000,nike_blazer_mid77_darkblue,0
1401,0.433,0.8878,0.8381,0.0497,nike_blazer_mid77_darkblue,0
1401,0.318,0.8477,0.8187,0.0290,,1
1402,0.485,0.0000,0.0000,0.0000,nike_blazer_mid77_darkblue,0
1402,0.353,0.0000,0.0000,0.0000,,1
1403,0.495,0.0000,0.0000,0.0000,,1
1404,0.558,0.8943,0.8415,0.0528,nike_blazer_mid77_darkblue,0
1405,0.563,0.0000,0.0000,0.0000,nike_blazer_mid77_darkblue,0
1406,0.493,0.0000,0.0000,0.0000,nike_blazer_mid77_darkblue,0
1407,0.529,0.8917,0.8388,0.0529,nike_blazer_mid77_darkblue,0
1408,0.527,0.0000,0.0000,0.0000,nike_blazer_mid77_darkblue,0
1409,0.385,0.0000,0.0000,0.0000,nike_blazer_mid77_darkblue,0
1409,0.315,0.0000,0.0000,0.0000,,1
1410,0.474,0.8905,0.8429,0.0476,nike_blazer_mid77_darkblue,0
1411,0.465,0.0000,0.0000,0.0000,nike_blazer_mid77_darkblue,0
1412,0.523,0.0000,0.0000,0.0000,nike_blazer_mid77_darkblue,0
1413,0.442,0.8897,0.8379,0.0518,nike_blazer_mid77_darkblue,0
1413,0.403,0.8407,0.8076,0.0331,,1
1414,0.538,0.0000,0.0000,0.0000,nike_blazer_mid77_darkblue,0
1414,0.346,0.0000,0.0000,0.0000,,1
1415,0.535,0.0000,0.0000,0.0000,nike_blazer_mid77_darkblue,0
1415,0.363,0.0000,0.0000,0.0000,,1
1416,0.593,0.8863,0.8346,0.0517,nike_blazer_mid77_darkblue,0
1416,0.326,0.8609,0.8264,0.0345,,1
1417,0.555,0.0000,0.0000,0.0000,nike_blazer_mid77_darkblue,0
1417,0.343,0.0000,0.0000,0.0000,,1
1418,0.458,0.0000,0.0000,0.0000,nike_blazer_mid77_darkblue,0
1418,0.373,0.0000,0.0000,0.0000,,1
1419,0.478,0.8946,0.8432,0.0514,nike_blazer_mid77_darkblue,0
1419,0.359,0.8372,0.8049,0.0322,,1
1420,0.440,0.0000,0.0000,0.0000,nike_blazer_mid77_darkblue,0
1420,0.335,0.0000,0.0000,0.0000,,1
1421,0.504,0.0000,0.0000,0.0000,nike_blazer_mid77_darkblue,0
1421,0.341,0.0000,0.0000,0.0000,,1
1422,0.531,0.8903,0.8377,0.0527,nike_blazer_mid77_darkblue,0
1422,0.305,0.8410,0.8046,0.0364,,1
1423,0.585,0.0000,0.0000,0.0000,nike_blazer_mid77_darkblue,0
1424,0.428,0.0000,0.0000,0.0000,nike_blazer_mid77_darkblue,0
1425,0.442,0.8650,0.8235,0.0415,nike_blazer_mid77_darkblue,0
1867,0.285,0.0000,0.0000,0.0000,nike_blazer_mid77_darkblue,0
1869,0.263,0.5891,0.5794,0.0097,nike_blazer_mid77_darkblue,0
1870,0.557,0.0000,0.0000,0.0000,nike_blazer_mid77_darkblue,0
1871,0.525,0.0000,0.0000,0.0000,nike_blazer_mid77_darkblue,0
1872,0.599,0.7110,0.6964,0.0145,,1
1873,0.721,0.0000,0.0000,0.0000,,1
1874,0.670,0.0000,0.0000,0.0000,,1
1875,0.726,0.6986,0.6926,0.0060,,1
1876,0.586,0.0000,0.0000,0.0000,,1
1877,0.250,0.0000,0.0000,0.0000,,1
1878,0.307,0.6444,0.6307,0.0138,,1
1879,0.383,0.0000,0.0000,0.0000,,1
1880,0.337,0.0000,0.0000,0.0000,,1
1881,0.431,0.6584,0.6523,0.0061,,1
1882,0.372,0.0000,0.0000,0.0000,,1
1884,0.273,0.6401,0.6204,0.0197,,1
1886,0.336,0.0000,0.0000,0.0000,,1
1887,0.277,0.6685,0.6624,0.0060,,1
1888,0.315,0.0000,0.0000,0.0000,,1
1919,0.320,0.0000,0.0000,0.0000,,1
1920,0.681,0.7215,0.7188,0.0027,,1
1921,0.664,0.0000,0.0000,0.0000,,1
1922,0.288,0.0000,0.0000,0.0000,,1
1925,0.345,0.0000,0.0000,0.0000,,1
1926,0.449,0.7137,0.7051,0.0087,,1
1927,0.275,0.0000,0.0000,0.0000,,1
1928,0.742,0.0000,0.0000,0.0000,,1
1929,0.619,0.6871,0.6762,0.0109,,1
1939,0.387,0.0000,0.0000,0.0000,,1
1940,0.359,0.0000,0.0000,0.0000,,1
1941,0.471,0.7495,0.7234,0.0261,,1
1942,0.534,0.0000,0.0000,0.0000,,1
1943,0.631,0.0000,0.0000,0.0000,,1
1944,0.703,0.7974,0.7396,0.0577,nike_blazer_mid77_darkblue,0
1945,0.702,0.0000,0.0000,0.0000,nike_blazer_mid77_darkblue,0
1946,0.501,0.0000,0.0000,0.0000,nike_blazer_mid77_darkblue,0
1947,0.623,0.7609,0.7526,0.0083,nike_blazer_mid77_darkblue,0
1948,0.775,0.0000,0.0000,0.0000,nike_blazer_mid77_darkblue,0
1948,0.571,0.0000,0.0000,0.0000,,1
1949,0.758,0.0000,0.0000,0.0000,nike_blazer_mid77_darkblue,0
1950,0.703,0.7779,0.7611,0.0169,nike_blazer_mid77_darkblue,0
1950,0.633,0.7556,0.7523,0.0033,,1
1951,0.669,0.0000,0.0000,0.0000,nike_blazer_mid77_darkblue,0
1952,0.717,0.0000,0.0000,0.0000,,1
1953,0.708,0.7938,0.7329,0.0609,nike_blazer_mid77_darkblue,0
1954,0.629,0.0000,0.0000,0.0000,nike_blazer_mid77_darkblue,0
1955,0.629,0.0000,0.0000,0.0000,nike_blazer_mid77_darkblue,0
1956,0.281,0.7456,0.7401,0.0055,nike_blazer_mid77_darkblue,0
1959,0.263,0.7562,0.7280,0.0282,nike_blazer_mid77_darkblue,0
1960,0.472,0.0000,0.0000,0.0000,nike_blazer_mid77_darkblue,0
1961,0.559,0.0000,0.0000,0.0000,nike_blazer_mid77_darkblue,0
1962,0.600,0.7911,0.7467,0.0443,nike_blazer_mid77_darkblue,0
1963,0.602,0.0000,0.0000,0.0000,,1
1964,0.550,0.0000,0.0000,0.0000,,1
1965,0.539,0.8035,0.7545,0.0490,,1
1966,0.500,0.0000,0.0000,0.0000,,1
1967,0.608,0.0000,0.0000,0.0000,,1
1968,0.522,0.8141,0.7420,0.0720,nike_blazer_mid77_darkblue,0
1969,0.464,0.0000,0.0000,0.0000,nike_blazer_mid77_darkblue,0
1970,0.502,0.0000,0.0000,0.0000,nike_blazer_mid77_darkblue,0
1971,0.486,0.8062,0.7477,0.0585,nike_blazer_mid77_darkblue,0
1972,0.533,0.0000,0.0000,0.0000,nike_blazer_mid77_darkblue,0
1973,0.450,0.0000,0.0000,0.0000,nike_blazer_mid77_darkblue,0
1974,0.490,0.8055,0.7560,0.0495,nike_blazer_mid77_darkblue,0
1975,0.536,0.0000,0.0000,0.0000,nike_blazer_mid77_darkblue,0
1976,0.594,0.0000,0.0000,0.0000,nike_blazer_mid77_darkblue,0
1977,0.546,0.8088,0.7541,0.0547,nike_blazer_mid77_darkblue,0
1978,0.495,0.0000,0.0000,0.0000,nike_blazer_mid77_darkblue,0
1979,0.522,0.0000,0.0000,0.0000,nike_blazer_mid77_darkblue,0
1980,0.503,0.8136,0.7629,0.0507,nike_blazer_mid77_darkblue,0
1981,0.587,0.0000,0.0000,0.0000,nike_blazer_mid77_darkblue,0
1982,0.504,0.0000,0.0000,0.0000,nike_blazer_mid77_darkblue,0
1983,0.410,0.7754,0.7457,0.0297,nike_blazer_mid77_darkblue,0
1984,0.407,0.0000,0.0000,0.0000,nike_blazer_mid77_darkblue,0
1985,0.470,0.0000,0.0000,0.0000,nike_blazer_mid77_darkblue,0
1986,0.403,0.7345,0.6992,0.0352,nike_blazer_mid77_darkblue,0
1987,0.518,0.0000,0.0000,0.0000,nike_blazer_mid77_darkblue,0
1988,0.364,0.0000,0.0000,0.0000,,1
1990,0.268,0.0000,0.0000,0.0000,,1
1992,0.387,0.6803,0.6551,0.0253,,1
1993,0.327,0.0000,0.0000,0.0000,,1
1995,0.338,0.7681,0.7263,0.0417,,1
1997,0.428,0.0000,0.0000,0.0000,,1
1998,0.314,0.8269,0.7661,0.0608,nike_blazer_mid77_darkblue,0
1999,0.292,0.0000,0.0000,0.0000,nike_blazer_mid77_darkblue,0
2010,0.259,0.7873,0.7438,0.0435,nike_blazer_mid77_darkblue,0
2011,0.263,0.0000,0.0000,0.0000,nike_blazer_mid77_darkblue,0
2014,0.256,0.0000,0.0000,0.0000,nike_blazer_mid77_darkblue,0
2018,0.383,0.0000,0.0000,0.0000,nike_blazer_mid77_darkblue,0
2019,0.294,0.7923,0.7257,0.0666,adidas_ozelia_cream_blue,0
2020,0.340,0.0000,0.0000,0.0000,adidas_ozelia_cream_blue,0
2021,0.311,0.0000,0.0000,0.0000,adidas_ozelia_cream_blue,0
2022,0.380,0.7998,0.7784,0.0214,adidas_ozelia_cream_blue,0
2023,0.486,0.0000,0.0000,0.0000,adidas_ozelia_cream_blue,0
2024,0.346,0.0000,0.0000,0.0000,adidas_ozelia_cream_blue,0
2025,0.385,0.7660,0.7190,0.0470,adidas_ozelia_cream_blue,0
2182,0.326,0.0000,0.0000,0.0000,adidas_ozelia_cream_blue,0
2183,0.399,0.0000,0.0000,0.0000,,1
2184,0.619,0.6232,0.6156,0.0076,,1
2185,0.691,0.0000,0.0000,0.0000,,1
2186,0.578,0.0000,0.0000,0.0000,,1
2187,0.514,0.6195,0.6127,0.0068,,1
2188,0.438,0.0000,0.0000,0.0000,,1
2189,0.555,0.0000,0.0000,0.0000,,1
2190,0.501,0.6868,0.6721,0.0147,,1
2191,0.488,0.0000,0.0000,0.0000,,1
2192,0.317,0.0000,0.0000,0.0000,,1
2193,0.334,0.6853,0.6689,0.0164,,1
2194,0.358,0.0000,0.0000,0.0000,,1
2195,0.357,0.0000,0.0000,0.0000,,1
2196,0.415,0.6748,0.6615,0.0133,,1
2197,0.440,0.0000,0.0000,0.0000,,1
2198,0.359,0.0000,0.0000,0.0000,,1
2199,0.318,0.7158,0.6968,0.0189,,1
2200,0.323,0.0000,0.0000,0.0000,,1
2201,0.330,0.0000,0.0000,0.0000,,1
2202,0.426,0.6122,0.5984,0.0137,,1
2203,0.449,0.0000,0.0000,0.0000,,1
2204,0.428,0.0000,0.0000,0.0000,,1
2205,0.453,0.6178,0.6047,0.0131,,1
2206,0.450,0.0000,0.0000,0.0000,,1
2207,0.428,0.0000,0.0000,0.0000,,1
2208,0.360,0.6626,0.6386,0.0240,,1
2209,0.438,0.0000,0.0000,0.0000,,1
2210,0.419,0.0000,0.0000,0.0000,,1
2211,0.502,0.6426,0.6324,0.0102,,1
2212,0.505,0.0000,0.0000,0.0000,,1
2213,0.528,0.0000,0.0000,0.0000,,1
2214,0.576,0.6739,0.6538,0.0200,,1
2215,0.375,0.0000,0.0000,0.0000,,1
2216,0.425,0.0000,0.0000,0.0000,,1
2217,0.522,0.6797,0.6760,0.0037,,1
2218,0.531,0.0000,0.0000,0.0000,,1
2219,0.351,0.0000,0.0000,0.0000,,1
2220,0.390,0.6863,0.6673,0.0190,,1
2221,0.369,0.0000,0.0000,0.0000,,1
2222,0.431,0.0000,0.0000,0.0000,,1
2223,0.458,0.7094,0.7049,0.0045,,1
2224,0.399,0.0000,0.0000,0.0000,,1
2225,0.418,0.0000,0.0000,0.0000,,1
2226,0.500,0.7238,0.7196,0.0042,,1
2227,0.479,0.0000,0.0000,0.0000,,1
2228,0.414,0.0000,0.0000,0.0000,,1
2229,0.379,0.6932,0.6818,0.0114,,1
2230,0.356,0.0000,0.0000,0.0000,,1
2231,0.370,0.0000,0.0000,0.0000,,1
2232,0.453,0.6992,0.6870,0.0122,,1
2233,0.490,0.0000,0.0000,0.0000,,1
2234,0.381,0.0000,0.0000,0.0000,,1
2235,0.336,0.7529,0.7315,0.0214,,1
2236,0.423,0.0000,0.0000,0.0000,,1
2237,0.328,0.0000,0.0000,0.0000,,1
2238,0.412,0.7911,0.7532,0.0379,,1
2239,0.417,0.0000,0.0000,0.0000,,1
2240,0.390,0.0000,0.0000,0.0000,,1
2241,0.392,0.7720,0.7412,0.0307,,1
2242,0.443,0.0000,0.0000,0.0000,,1
2243,0.378,0.0000,0.0000,0.0000,,1
2244,0.325,0.7406,0.7368,0.0038,,1
2245,0.370,0.0000,0.0000,0.0000,,1
2246,0.336,0.0000,0.0000,0.0000,,1
2247,0.376,0.7474,0.7464,0.0009,,1
2248,0.350,0.0000,0.0000,0.0000,,1
2249,0.383,0.0000,0.0000,0.0000,,1
2250,0.399,0.7222,0.7045,0.0176,,1
2251,0.434,0.0000,0.0000,0.0000,,1
2252,0.380,0.0000,0.0000,0.0000,,1
2253,0.319,0.7263,0.7167,0.0096,,1
2254,0.283,0.0000,0.0000,0.0000,,1
2255,0.291,0.0000,0.0000,0.0000,,1
2256,0.264,0.7282,0.7201,0.0081,,1
2257,0.335,0.0000,0.0000,0.0000,,1
2258,0.370,0.0000,0.0000,0.0000,,1
2259,0.393,0.7101,0.6994,0.0106,,1
2260,0.444,0.0000,0.0000,0.0000,,1
2261,0.298,0.0000,0.0000,0.0000,,1
2262,0.382,0.6470,0.6462,0.0007,,1
2263,0.384,0.0000,0.0000,0.0000,,1
2288,0.362,0.0000,0.0000,0.0000,,1
2292,0.254,0.6472,0.6397,0.0076,,1
2297,0.362,0.0000,0.0000,0.0000,,1
2298,0.338,0.6158,0.5899,0.0259,,1
2300,0.318,0.0000,0.0000,0.0000,,1
2301,0.398,0.6305,0.5973,0.0332,,1
2302,0.394,0.0000,0.0000,0.0000,,1
2308,0.301,0.0000,0.0000,0.0000,,1
2309,0.305,0.0000,0.0000,0.0000,,1
2310,0.560,0.6734,0.6606,0.0128,,1
2311,0.290,0.0000,0.0000,0.0000,,1
2314,0.269,0.0000,0.0000,0.0000,,1
2315,0.320,0.0000,0.0000,0.0000,,1
2319,0.250,0.5834,0.5539,0.0295,,1
2322,0.251,0.6967,0.6711,0.0257,,1
2324,0.284,0.0000,0.0000,0.0000,,1
2325,0.352,0.6998,0.6509,0.0489,,1
2326,0.401,0.0000,0.0000,0.0000,,1
2327,0.424,0.0000,0.0000,0.0000,,1
2328,0.387,0.5724,0.5414,0.0311,,1
2329,0.511,0.0000,0.0000,0.0000,,1
2330,0.547,0.0000,0.0000,0.0000,,1
2331,0.523,0.6108,0.5809,0.0300,,1
2332,0.661,0.0000,0.0000,0.0000,,1
2333,0.274,0.0000,0.0000,0.0000,,1
2344,0.323,0.0000,0.0000,0.0000,,1
2345,0.651,0.0000,0.0000,0.0000,,1
2346,0.728,0.7067,0.6600,0.0467,,1
2347,0.665,0.0000,0.0000,0.0000,,1
2348,0.565,0.0000,0.0000,0.0000,,1
2354,0.562,0.0000,0.0000,0.0000,,1
2355,0.802,0.8048,0.7813,0.0234,,1
2356,0.782,0.0000,0.0000,0.0000,,1
2357,0.662,0.0000,0.0000,0.0000,,1
2358,0.534,0.7821,0.7533,0.0288,,1
2359,0.668,0.0000,0.0000,0.0000,,1
2360,0.875,0.0000,0.0000,0.0000,,1
2361,0.822,0.7662,0.7661,0.0001,,1
2362,0.835,0.0000,0.0000,0.0000,,1
2363,0.817,0.0000,0.0000,0.0000,,1
2364,0.888,0.7921,0.7774,0.0147,,1
2365,0.887,0.0000,0.0000,0.0000,,1
2366,0.809,0.0000,0.0000,0.0000,,1
2367,0.829,0.7918,0.7915,0.0003,,1
2368,0.829,0.0000,0.0000,0.0000,,1
2369,0.757,0.0000,0.0000,0.0000,,1
2370,0.701,0.7944,0.7894,0.0050,,1
2371,0.751,0.0000,0.0000,0.0000,,1
2372,0.807,0.0000,0.0000,0.0000,,1
2373,0.808,0.7588,0.7549,0.0039,,1
2374,0.693,0.0000,0.0000,0.0000,,1
2383,0.273,0.0000,0.0000,0.0000,,1
2414,0.336,0.0000,0.0000,0.0000,,1
2415,0.340,0.7190,0.6860,0.0329,,1
2422,0.275,0.0000,0.0000,0.0000,,1
2423,0.424,0.0000,0.0000,0.0000,,1
2424,0.429,0.7338,0.7250,0.0087,,1
2425,0.694,0.0000,0.0000,0.0000,,1
2426,0.510,0.0000,0.0000,0.0000,,1
2427,0.658,0.6168,0.5906,0.0263,,1
2429,0.419,0.0000,0.0000,0.0000,,1
2430,0.258,0.7349,0.7302,0.0047,,1
2431,0.350,0.0000,0.0000,0.0000,,1
2432,0.744,0.0000,0.0000,0.0000,,1
2433,0.708,0.7086,0.6804,0.0282,,1
2434,0.572,0.0000,0.0000,0.0000,,1
2435,0.559,0.0000,0.0000,0.0000,,1
2436,0.625,0.6809,0.6570,0.0239,,1
2437,0.384,0.0000,0.0000,0.0000,,1
2438,0.436,0.0000,0.0000,0.0000,,1
2439,0.425,0.6689,0.6378,0.0312,,1
2440,0.521,0.0000,0.0000,0.0000,,1
2441,0.810,0.0000,0.0000,0.0000,,1
2442,0.691,0.7529,0.7215,0.0313,,1
2443,0.429,0.0000,0.0000,0.0000,,1
2444,0.622,0.0000,0.0000,0.0000,,1
2445,0.801,0.7785,0.7684,0.0100,,1
2446,0.888,0.0000,0.0000,0.0000,,1
2447,0.836,0.0000,0.0000,0.0000,,1
2448,0.875,0.8031,0.7931,0.0101,,1
2449,0.836,0.0000,0.0000,0.0000,,1
2450,0.688,0.0000,0.0000,0.0000,,1
2451,0.556,0.8015,0.7901,0.0114,,1
2452,0.546,0.0000,0.0000,0.0000,,1
2453,0.575,0.0000,0.0000,0.0000,,1
2454,0.660,0.7839,0.7452,0.0387,,1
2455,0.710,0.0000,0.0000,0.0000,,1
2456,0.703,0.0000,0.0000,0.0000,,1
2457,0.639,0.7816,0.7549,0.0267,,1
2458,0.670,0.0000,0.0000,0.0000,,1
2459,0.797,0.0000,0.0000,0.0000,,1
2460,0.826,0.8289,0.7829,0.0461,,1
2461,0.882,0.0000,0.0000,0.0000,,1
2462,0.885,0.0000,0.0000,0.0000,,1
2463,0.895,0.8243,0.7854,0.0389,,1
2464,0.865,0.0000,0.0000,0.0000,,1
2465,0.904,0.0000,0.0000,0.0000,,1
2466,0.847,0.8024,0.7998,0.0026,,1
2467,0.770,0.0000,0.0000,0.0000,,1
2468,0.697,0.0000,0.0000,0.0000,,1
2469,0.748,0.8018,0.7799,0.0219,,1
2470,0.742,0.0000,0.0000,0.0000,,1
2471,0.736,0.0000,0.0000,0.0000,,1
2472,0.723,0.8251,0.8137,0.0114,,1
2473,0.763,0.0000,0.0000,0.0000,,1
2474,0.826,0.0000,0.0000,0.0000,,1
2475,0.870,0.8102,0.8051,0.0051,,1
2476,0.616,0.0000,0.0000,0.0000,,1
2522,0.053,0.0000,0.0000,0.0000,,1
2529,0.075,0.4884,0.4764,0.0119,,1
2529,0.060,0.5376,0.5226,0.0150,,1
2530,0.055,0.0000,0.0000,0.0000,,1
2536,0.372,0.0000,0.0000,0.0000,,1
2537,0.287,0.0000,0.0000,0.0000,,1
2538,0.123,0.6977,0.6815,0.0163,,1
2539,0.140,0.0000,0.0000,0.0000,,1
2541,0.093,0.6482,0.6420,0.0062,,1
2543,0.472,0.0000,0.0000,0.0000,,1
2546,0.302,0.0000,0.0000,0.0000,,1
2547,0.637,0.8044,0.7712,0.0333,,1
2548,0.416,0.0000,0.0000,0.0000,,1
2548,0.060,0.0000,0.0000,0.0000,,1
2549,0.160,0.0000,0.0000,0.0000,,1
2549,0.110,0.0000,0.0000,0.0000,,1
2549,0.067,0.0000,0.0000,0.0000,,1
2550,0.135,0.7460,0.7301,0.0159,,1
2550,0.052,0.5816,0.5613,0.0204,,1
2551,0.319,0.0000,0.0000,0.0000,,1
2551,0.054,0.0000,0.0000,0.0000,,1
2552,0.620,0.0000,0.0000,0.0000,,1
2553,0.649,0.7447,0.7261,0.0186,,1
2554,0.558,0.0000,0.0000,0.0000,,1
2555,0.709,0.0000,0.0000,0.0000,,1
2556,0.668,0.7706,0.7589,0.0116,,1
2557,0.541,0.0000,0.0000,0.0000,,1
2558,0.496,0.0000,0.0000,0.0000,,1
2559,0.466,0.7909,0.7668,0.0241,,1
2560,0.452,0.0000,0.0000,0.0000,,1
2561,0.687,0.0000,0.0000,0.0000,,1
2562,0.691,0.7869,0.7739,0.0130,,1
2563,0.723,0.0000,0.0000,0.0000,,1
2564,0.766,0.0000,0.0000,0.0000,,1
2565,0.744,0.7776,0.7636,0.0139,,1
2566,0.763,0.0000,0.0000,0.0000,,1
2567,0.636,0.0000,0.0000,0.0000,,1
2568,0.663,0.7745,0.7710,0.0035,,1
2569,0.751,0.0000,0.0000,0.0000,,1
2570,0.814,0.0000,0.0000,0.0000,,1
2571,0.760,0.7994,0.7953,0.0041,,1
2572,0.724,0.0000,0.0000,0.0000,,1
2573,0.799,0.0000,0.0000,0.0000,,1
2574,0.811,0.7752,0.7705,0.0048,,1
2575,0.710,0.0000,0.0000,0.0000,,1
2576,0.761,0.0000,0.0000,0.0000,,1
2577,0.775,0.7937,0.7792,0.0144,,1
2578,0.737,0.0000,0.0000,0.0000,,1
2579,0.473,0.0000,0.0000,0.0000,,1
2580,0.187,0.7636,0.7200,0.0436,,1
2581,0.495,0.0000,0.0000,0.0000,,1
2582,0.503,0.0000,0.0000,0.0000,,1
2583,0.763,0.6406,0.6159,0.0247,,1
2584,0.759,0.0000,0.0000,0.0000,,1
2585,0.624,0.0000,0.0000,0.0000,,1
2585,0.136,0.0000,0.0000,0.0000,,1
2586,0.691,0.7148,0.6955,0.0193,,1
2587,0.662,0.0000,0.0000,0.0000,,1
2588,0.554,0.0000,0.0000,0.0000,,1
2589,0.430,0.7648,0.7369,0.0279,,1
2590,0.373,0.0000,0.0000,0.0000,,1
2591,0.384,0.0000,0.0000,0.0000,,1
2592,0.593,0.7093,0.6678,0.0415,,1
2593,0.570,0.0000,0.0000,0.0000,,1
2594,0.557,0.0000,0.0000,0.0000,,1
2595,0.637,0.7465,0.7242,0.0223,,1
2596,0.688,0.0000,0.0000,0.0000,,1
2597,0.793,0.0000,0.0000,0.0000,,1
2598,0.770,0.7002,0.6754,0.0248,,1
2599,0.819,0.0000,0.0000,0.0000,,1
2600,0.793,0.0000,0.0000,0.0000,,1
2601,0.739,0.7091,0.6779,0.0312,,1
2602,0.804,0.0000,0.0000,0.0000,,1
2603,0.807,0.0000,0.0000,0.0000,,1
2604,0.835,0.7445,0.7281,0.0164,,1
2605,0.800,0.0000,0.0000,0.0000,,1
2606,0.789,0.0000,0.0000,0.0000,,1
2607,0.773,0.6226,0.5989,0.0238,,1
2608,0.723,0.0000,0.0000,0.0000,,1
2609,0.805,0.0000,0.0000,0.0000,,1
2610,0.783,0.7151,0.7105,0.0046,,1
2611,0.756,0.0000,0.0000,0.0000,,1
2612,0.826,0.0000,0.0000,0.0000,,1
2613,0.764,0.7225,0.7141,0.0085,,1
2614,0.792,0.0000,0.0000,0.0000,,1
2615,0.893,0.0000,0.0000,0.0000,,1
2616,0.797,0.6888,0.6497,0.0391,,1
2616,0.059,0.5111,0.5081,0.0030,,1
2617,0.240,0.0000,0.0000,0.0000,,1
2617,0.100,0.0000,0.0000,0.0000,,1
2618,0.065,0.0000,0.0000,0.0000,,1
2619,0.107,0.4972,0.4972,0.0001,,1
2621,0.074,0.0000,0.0000,0.0000,,1
2622,0.074,0.4794,0.4790,0.0005,,1
2684,0.123,0.0000,0.0000,0.0000,,1
2723,0.061,0.0000,0.0000,0.0000,,1
2738,0.064,0.0000,0.0000,0.0000,,1
2755,0.128,0.0000,0.0000,0.0000,,1
2756,0.333,0.0000,0.0000,0.0000,,1
2757,0.424,0.5452,0.5450,0.0002,,1
2758,0.285,0.0000,0.0000,0.0000,,1
2759,0.189,0.0000,0.0000,0.0000,,1
2760,0.081,0.5414,0.5397,0.0017,,1
2761,0.060,0.0000,0.0000,0.0000,,1
2768,0.092,0.0000,0.0000,0.0000,,1
2769,0.121,0.5506,0.5410,0.0096,,1
2770,0.085,0.0000,0.0000,0.0000,,1
2771,0.091,0.0000,0.0000,0.0000,,1
2772,0.120,0.5504,0.5454,0.0050,,1
2773,0.087,0.0000,0.0000,0.0000,,1
2774,0.070,0.0000,0.0000,0.0000,,1
2775,0.077,0.5519,0.5446,0.0073,,1
2776,0.148,0.0000,0.0000,0.0000,,1
2777,0.101,0.0000,0.0000,0.0000,,1
2778,0.097,0.5525,0.5490,0.0036,,1
2779,0.128,0.0000,0.0000,0.0000,,1
2780,0.084,0.0000,0.0000,0.0000,,1
2781,0.098,0.5664,0.5631,0.0033,,1
2782,0.083,0.0000,0.0000,0.0000,,1
2786,0.063,0.0000,0.0000,0.0000,,1
2787,0.052,0.5580,0.5468,0.0112,,1
2791,0.051,0.0000,0.0000,0.0000,,1
2818,0.054,0.0000,0.0000,0.0000,,1
2828,0.063,0.0000,0.0000,0.0000,,1
2829,0.064,0.8043,0.7955,0.0089,,1
2830,0.070,0.0000,0.0000,0.0000,,1
2832,0.104,0.7989,0.7756,0.0233,,1
2833,0.076,0.0000,0.0000,0.0000,,1
2834,0.077,0.0000,0.0000,0.0000,,1
2835,0.081,0.7852,0.7764,0.0089,,1
2836,0.118,0.0000,0.0000,0.0000,,1
2837,0.070,0.0000,0.0000,0.0000,,1
2838,0.083,0.7995,0.7741,0.0254,,1
2839,0.078,0.0000,0.0000,0.0000,,1
2840,0.126,0.0000,0.0000,0.0000,,1
2841,0.084,0.7984,0.7882,0.0101,,1
2842,0.086,0.0000,0.0000,0.0000,,1
2843,0.063,0.0000,0.0000,0.0000,,1
2844,0.060,0.8129,0.7988,0.0140,,1
2845,0.059,0.0000,0.0000,0.0000,,1
2846,0.052,0.0000,0.0000,0.0000,,1
2847,0.073,0.7716,0.7658,0.0058,,1
2848,0.087,0.0000,0.0000,0.0000,,1
2849,0.064,0.0000,0.0000,0.0000,,1
2851,0.068,0.0000,0.0000,0.0000,,1
2852,0.095,0.0000,0.0000,0.0000,,1
2853,0.080,0.8030,0.7940,0.0090,,1
2854,0.088,0.0000,0.0000,0.0000,,1
2855,0.055,0.0000,0.0000,0.0000,,1
2856,0.066,0.8144,0.7970,0.0174,,1
2857,0.066,0.0000,0.0000,0.0000,,1
2858,0.053,0.0000,0.0000,0.0000,,1
2859,0.083,0.7981,0.7779,0.0203,,1
2861,0.070,0.0000,0.0000,0.0000,,1
2862,0.090,0.7882,0.7688,0.0194,,1
2863,0.083,0.0000,0.0000,0.0000,,1
2864,0.093,0.0000,0.0000,0.0000,,1
2865,0.062,0.8034,0.7844,0.0191,,1
2959,0.331,0.0000,0.0000,0.0000,,1
2961,0.371,0.7497,0.7427,0.0070,,1
2963,0.352,0.0000,0.0000,0.0000,,1
2964,0.404,0.7589,0.7452,0.0137,,1
2971,0.317,0.0000,0.0000,0.0000,,1
2974,0.352,0.0000,0.0000,0.0000,,1
2975,0.391,0.0000,0.0000,0.0000,,1
2976,0.323,0.7680,0.7591,0.0089,,1
2987,0.312,0.0000,0.0000,0.0000,,1
2990,0.499,0.0000,0.0000,0.0000,,1
2991,0.455,0.7602,0.7505,0.0097,,1
2992,0.335,0.0000,0.0000,0.0000,,1
2993,0.496,0.0000,0.0000,0.0000,,1
2994,0.443,0.7898,0.7761,0.0137,,1
2995,0.337,0.0000,0.0000,0.0000,,1
2996,0.493,0.0000,0.0000,0.0000,,1
2997,0.522,0.7780,0.7572,0.0209,,1
2998,0.470,0.0000,0.0000,0.0000,,1
2999,0.761,0.0000,0.0000,0.0000,,1
3000,0.687,0.7111,0.7032,0.0080,,1
3001,0.723,0.0000,0.0000,0.0000,,1
3002,0.668,0.0000,0.0000,0.0000,,1
3003,0.390,0.7352,0.7301,0.0051,,1
3004,0.793,0.0000,0.0000,0.0000,,1
3005,0.452,0.0000,0.0000,0.0000,,1
3006,0.801,0.7501,0.7457,0.0044,,1
3007,0.778,0.0000,0.0000,0.0000,,1
3008,0.447,0.0000,0.0000,0.0000,,1
3009,0.671,0.7486,0.7476,0.0010,,1
3010,0.746,0.0000,0.0000,0.0000,,1
3011,0.448,0.0000,0.0000,0.0000,,1
3012,0.746,0.7239,0.7234,0.0005,,1
3013,0.769,0.0000,0.0000,0.0000,,1
3014,0.406,0.0000,0.0000,0.0000,,1
3015,0.735,0.7208,0.7129,0.0079,,1
3016,0.672,0.0000,0.0000,0.0000,,1
3017,0.738,0.0000,0.0000,0.0000,,1
3018,0.752,0.7481,0.7424,0.0057,,1
3019,0.699,0.0000,0.0000,0.0000,,1
3020,0.809,0.0000,0.0000,0.0000,,1
3021,0.799,0.7712,0.7691,0.0021,,1
3022,0.757,0.0000,0.0000,0.0000,,1
3023,0.800,0.0000,0.0000,0.0000,,1
3024,0.825,0.7619,0.7572,0.0047,,1
3025,0.744,0.0000,0.0000,0.0000,,1
3026,0.696,0.0000,0.0000,0.0000,,1
3027,0.766,0.7647,0.7500,0.0147,,1
3028,0.422,0.0000,0.0000,0.0000,,1
3029,0.745,0.0000,0.0000,0.0000,,1
3030,0.718,0.7755,0.7754,0.0001,,1
3031,0.335,0.0000,0.0000,0.0000,,1
3032,0.726,0.0000,0.0000,0.0000,,1
3033,0.477,0.7649,0.7541,0.0107,,1
3034,0.527,0.0000,0.0000,0.0000,,1
3035,0.609,0.0000,0.0000,0.0000,,1
3036,0.523,0.7578,0.7435,0.0144,,1
3037,0.665,0.0000,0.0000,0.0000,,1
3038,0.676,0.0000,0.0000,0.0000,,1
3039,0.609,0.7679,0.7578,0.0101,,1
3040,0.714,0.0000,0.0000,0.0000,,1
3041,0.659,0.0000,0.0000,0.0000,,1
3042,0.629,0.7742,0.7708,0.0034,,1
3043,0.670,0.0000,0.0000,0.0000,,1
3044,0.636,0.0000,0.0000,0.0000,,1
3045,0.754,0.7790,0.7759,0.0030,,1
3046,0.662,0.0000,0.0000,0.0000,,1
3047,0.679,0.0000,0.0000,0.0000,,1
3048,0.695,0.7788,0.7781,0.0007,,1
3049,0.671,0.0000,0.0000,0.0000,,1
3050,0.645,0.0000,0.0000,0.0000,,1
3051,0.704,0.7651,0.7578,0.0073,,1
3052,0.671,0.0000,0.0000,0.0000,,1
3053,0.740,0.0000,0.0000,0.0000,,1
3054,0.741,0.7750,0.7746,0.0004,,1
3055,0.673,0.0000,0.0000,0.0000,,1
3056,0.684,0.0000,0.0000,0.0000,,1
3057,0.690,0.7663,0.7608,0.0055,,1
3058,0.674,0.0000,0.0000,0.0000,,1
3059,0.707,0.0000,0.0000,0.0000,,1
3060,0.737,0.7821,0.7718,0.0103,,1
3061,0.689,0.0000,0.0000,0.0000,,1
3062,0.735,0.0000,0.0000,0.0000,,1
3063,0.707,0.7871,0.7838,0.0033,,1
3064,0.726,0.0000,0.0000,0.0000,,1
3065,0.713,0.0000,0.0000,0.0000,,1
3066,0.677,0.7909,0.7867,0.0042,,1
3067,0.713,0.0000,0.0000,0.0000,,1
3068,0.658,0.0000,0.0000,0.0000,,1
3069,0.645,0.7961,0.7805,0.0156,,1
3070,0.666,0.0000,0.0000,0.0000,,1
3071,0.662,0.0000,0.0000,0.0000,,1
3072,0.667,0.7934,0.7748,0.0186,,1
3073,0.648,0.0000,0.0000,0.0000,,1
3074,0.703,0.0000,0.0000,0.0000,,1
3075,0.663,0.7727,0.7700,0.0027,,1
3076,0.708,0.0000,0.0000,0.0000,,1
3077,0.627,0.0000,0.0000,0.0000,,1
3078,0.682,0.7802,0.7712,0.0089,,1
3079,0.630,0.0000,0.0000,0.0000,,1
3080,0.658,0.0000,0.0000,0.0000,,1
3081,0.589,0.7820,0.7705,0.0115,,1
3082,0.614,0.0000,0.0000,0.0000,,1
3083,0.688,0.0000,0.0000,0.0000,,1
3084,0.677,0.7800,0.7744,0.0056,,1
3085,0.584,0.0000,0.0000,0.0000,,1
3086,0.703,0.0000,0.0000,0.0000,,1
3087,0.723,0.7899,0.7802,0.0097,,1
3088,0.737,0.0000,0.0000,0.0000,,1
3089,0.752,0.0000,0.0000,0.0000,,1
3090,0.681,0.7789,0.7779,0.0010,,1
3091,0.668,0.0000,0.0000,0.0000,,1
3092,0.707,0.0000,0.0000,0.0000,,1
3093,0.650,0.7802,0.7791,0.0011,,1
3094,0.715,0.0000,0.0000,0.0000,,1
3095,0.659,0.0000,0.0000,0.0000,,1
3096,0.625,0.7947,0.7798,0.0149,,1
3097,0.626,0.0000,0.0000,0.0000,,1
3098,0.633,0.0000,0.0000,0.0000,,1
3099,0.648,0.7958,0.7824,0.0134,,1
3100,0.671,0.0000,0.0000,0.0000,,1
3101,0.740,0.0000,0.0000,0.0000,,1
3102,0.695,0.7829,0.7600,0.0229,,1
3103,0.708,0.0000,0.0000,0.0000,,1
3104,0.806,0.0000,0.0000,0.0000,,1
3105,0.806,0.7709,0.7607,0.0102,,1
3269,0.633,0.0000,0.0000,0.0000,,1
3270,0.521,0.8112,0.7743,0.0369,,1
3271,0.509,0.0000,0.0000,0.0000,,1
3284,0.591,0.0000,0.0000,0.0000,,1
3286,0.502,0.0000,0.0000,0.0000,,1
3287,0.513,0.0000,0.0000,0.0000,,1
3353,0.518,0.0000,0.0000,0.0000,,1
3354,0.570,0.8081,0.7704,0.0378,,1
3355,0.607,0.0000,0.0000,0.0000,,1
3361,0.641,0.0000,0.0000,0.0000,,1
3366,0.625,0.7469,0.7426,0.0043,,1
3370,0.505,0.0000,0.0000,0.0000,,1
3371,0.540,0.0000,0.0000,0.0000,,1
3386,0.523,0.0000,0.0000,0.0000,,1
3393,0.551,0.7939,0.7710,0.0229,,1
3394,0.510,0.0000,0.0000,0.0000,,1
3396,0.534,0.8216,0.7794,0.0422,,1
3401,0.621,0.0000,0.0000,0.0000,,1
3603,0.711,0.8053,0.8047,0.0006,,1
3604,0.649,0.0000,0.0000,0.0000,,1
3605,0.564,0.0000,0.0000,0.0000,,1
3606,0.608,0.7779,0.7530,0.0249,,1
3607,0.548,0.0000,0.0000,0.0000,,1
3608,0.580,0.0000,0.0000,0.0000,,1
3609,0.532,0.8000,0.7895,0.0105,,1
3611,0.538,0.0000,0.0000,0.0000,,1
3615,0.596,0.8214,0.7926,0.0288,,1
3616,0.531,0.0000,0.0000,0.0000,,1
3617,0.502,0.0000,0.0000,0.0000,,1
3624,0.508,0.8450,0.8023,0.0428,,1
3625,0.501,0.0000,0.0000,0.0000,,1
3654,0.525,0.8607,0.8143,0.0464,,1
3655,0.518,0.0000,0.0000,0.0000,,1
3656,0.648,0.0000,0.0000,0.0000,,1
3657,0.686,0.8218,0.7794,0.0425,,1
3658,0.749,0.0000,0.0000,0.0000,,1
3659,0.706,0.0000,0.0000,0.0000,,1
3660,0.721,0.8397,0.8034,0.0363,,1
3661,0.730,0.0000,0.0000,0.0000,,1
3662,0.731,0.0000,0.0000,0.0000,,1
3663,0.718,0.8306,0.7931,0.0375,,1
3664,0.713,0.0000,0.0000,0.0000,,1
3665,0.749,0.0000,0.0000,0.0000,,1
3666,0.744,0.8212,0.7665,0.0547,adidas_ozelia_cream_blue,0
3667,0.740,0.0000,0.0000,0.0000,adidas_ozelia_cream_blue,0
3668,0.768,0.0000,0.0000,0.0000,adidas_ozelia_cream_blue,0
3669,0.762,0.8218,0.7814,0.0404,adidas_ozelia_cream_blue,0
3670,0.777,0.0000,0.0000,0.0000,adidas_ozelia_cream_blue,0
3671,0.756,0.0000,0.0000,0.0000,adidas_ozelia_cream_blue,0
3672,0.795,0.8344,0.7926,0.0417,adidas_ozelia_cream_blue,0
3673,0.804,0.0000,0.0000,0.0000,adidas_ozelia_cream_blue,0
3674,0.791,0.0000,0.0000,0.0000,,1
3675,0.807,0.8223,0.7722,0.0501,adidas_ozelia_cream_blue,0
3676,0.779,0.0000,0.0000,0.0000,adidas_ozelia_cream_blue,0
3677,0.784,0.0000,0.0000,0.0000,adidas_ozelia_cream_blue,0
3678,0.791,0.8386,0.8053,0.0333,adidas_ozelia_cream_blue,0
3679,0.788,0.0000,0.0000,0.0000,adidas_ozelia_cream_blue,0
3680,0.777,0.0000,0.0000,0.0000,adidas_ozelia_cream_blue,0
3681,0.782,0.8393,0.7891,0.0502,adidas_ozelia_cream_blue,0
3682,0.807,0.0000,0.0000,0.0000,adidas_ozelia_cream_blue,0
3683,0.792,0.0000,0.0000,0.0000,adidas_ozelia_cream_blue,0
3684,0.802,0.7885,0.7189,0.0696,adidas_ozelia_cream_blue,0
3685,0.798,0.0000,0.0000,0.0000,adidas_ozelia_cream_blue,0
3686,0.781,0.0000,0.0000,0.0000,adidas_ozelia_cream_blue,0
3687,0.777,0.8309,0.7703,0.0606,adidas_ozelia_cream_blue,0
3688,0.785,0.0000,0.0000,0.0000,adidas_ozelia_cream_blue,0
3689,0.795,0.0000,0.0000,0.0000,adidas_ozelia_cream_blue,0
3690,0.815,0.8407,0.7870,0.0537,adidas_ozelia_cream_blue,0
3691,0.806,0.0000,0.0000,0.0000,adidas_ozelia_cream_blue,0
3692,0.800,0.0000,0.0000,0.0000,adidas_ozelia_cream_blue,0
3693,0.820,0.8448,0.8026,0.0422,adidas_ozelia_cream_blue,0
3694,0.817,0.0000,0.0000,0.0000,adidas_ozelia_cream_blue,0
3695,0.809,0.0000,0.0000,0.0000,adidas_ozelia_cream_blue,0
3696,0.794,0.8419,0.8035,0.0384,adidas_ozelia_cream_blue,0
3697,0.815,0.0000,0.0000,0.0000,adidas_ozelia_cream_blue,0
3698,0.792,0.0000,0.0000,0.0000,,1
3699,0.771,0.8397,0.7878,0.0519,adidas_ozelia_cream_blue,0
3700,0.784,0.0000,0.0000,0.0000,adidas_ozelia_cream_blue,0
3701,0.787,0.0000,0.0000,0.0000,adidas_ozelia_cream_blue,0
3702,0.785,0.8232,0.7705,0.0527,nike_dunk_low_purple_court,0
3703,0.791,0.0000,0.0000,0.0000,nike_dunk_low_purple_court,0
3704,0.771,0.0000,0.0000,0.0000,nike_dunk_low_purple_court,0
3705,0.767,0.8312,0.7866,0.0446,nike_dunk_low_purple_court,0
3706,0.789,0.0000,0.0000,0.0000,nike_dunk_low_purple_court,0
3707,0.765,0.0000,0.0000,0.0000,nike_dunk_low_purple_court,0
3708,0.782,0.7858,0.7308,0.0551,nike_dunk_low_purple_court,0
3709,0.797,0.0000,0.0000,0.0000,nike_dunk_low_purple_court,0
3710,0.793,0.0000,0.0000,0.0000,nike_dunk_low_purple_court,0
3711,0.784,0.8462,0.8181,0.0282,nike_dunk_low_purple_court,0
3712,0.767,0.0000,0.0000,0.0000,nike_dunk_low_purple_court,0
3713,0.784,0.0000,0.0000,0.0000,nike_dunk_low_purple_court,0
3714,0.767,0.8288,0.7797,0.0491,nike_dunk_low_purple_court,0
3715,0.740,0.0000,0.0000,0.0000,nike_dunk_low_purple_court,0
3716,0.759,0.0000,0.0000,0.0000,,1
3717,0.744,0.8477,0.8151,0.0326,,1
3718,0.739,0.0000,0.0000,0.0000,,1
3719,0.736,0.0000,0.0000,0.0000,,1
3720,0.765,0.7945,0.7425,0.0520,nike_dunk_low_purple_court,0
3721,0.766,0.0000,0.0000,0.0000,nike_dunk_low_purple_court,0
3722,0.739,0.0000,0.0000,0.0000,nike_dunk_low_purple_court,0
3723,0.757,0.8412,0.7904,0.0508,nike_dunk_low_purple_court,0
3724,0.769,0.0000,0.0000,0.0000,nike_dunk_low_purple_court,0
3725,0.769,0.0000,0.0000,0.0000,nike_dunk_low_purple_court,0
3726,0.784,0.8529,0.8023,0.0506,nike_dunk_low_purple_court,0
3727,0.800,0.0000,0.0000,0.0000,nike_dunk_low_purple_court,0
3728,0.796,0.0000,0.0000,0.0000,nike_dunk_low_purple_court,0
3729,0.770,0.8484,0.7999,0.0485,nike_dunk_low_purple_court,0
3730,0.808,0.0000,0.0000,0.0000,nike_dunk_low_purple_court,0
3731,0.793,0.0000,0.0000,0.0000,nike_dunk_low_purple_court,0
3732,0.779,0.8224,0.7871,0.0352,nike_dunk_low_purple_court,0
3733,0.775,0.0000,0.0000,0.0000,nike_dunk_low_purple_court,0
3734,0.786,0.0000,0.0000,0.0000,,1
3735,0.760,0.8448,0.8051,0.0397,,1
3736,0.745,0.0000,0.0000,0.0000,,1
3737,0.757,0.0000,0.0000,0.0000,,1
3738,0.764,0.8413,0.8046,0.0368,,1
3739,0.748,0.0000,0.0000,0.0000,,1
3740,0.757,0.0000,0.0000,0.0000,,1
3741,0.715,0.8455,0.8028,0.0427,,1
3742,0.728,0.0000,0.0000,0.0000,,1
3743,0.729,0.0000,0.0000,0.0000,,1
3744,0.705,0.8396,0.8105,0.0291,,1
3745,0.734,0.0000,0.0000,0.0000,,1
3746,0.746,0.0000,0.0000,0.0000,,1
3747,0.733,0.8372,0.7993,0.0379,,1
3748,0.736,0.0000,0.0000,0.0000,,1
3749,0.724,0.0000,0.0000,0.0000,,1
3750,0.706,0.8428,0.8120,0.0308,,1
3751,0.729,0.0000,0.0000,0.0000,,1
3752,0.737,0.0000,0.0000,0.0000,,1
3753,0.724,0.8314,0.7930,0.0384,,1
3754,0.736,0.0000,0.0000,0.0000,,1
3755,0.741,0.0000,0.0000,0.0000,,1
3756,0.764,0.8544,0.8283,0.0260,,1
3757,0.723,0.0000,0.0000,0.0000,,1
3758,0.751,0.0000,0.0000,0.0000,,1
3759,0.744,0.8424,0.8075,0.0349,,1
3760,0.753,0.0000,0.0000,0.0000,,1
3761,0.749,0.0000,0.0000,0.0000,,1
3762,0.723,0.8522,0.8133,0.0389,,1
3763,0.735,0.0000,0.0000,0.0000,,1
3764,0.750,0.0000,0.0000,0.0000,,1
3765,0.773,0.8423,0.8067,0.0357,,1
3766,0.766,0.0000,0.0000,0.0000,,1
3767,0.734,0.0000,0.0000,0.0000,,1
3768,0.690,0.8320,0.7671,0.0649,nike_dunk_low_purple_court,0
3769,0.644,0.0000,0.0000,0.0000,nike_dunk_low_purple_court,0
3770,0.560,0.0000,0.0000,0.0000,nike_dunk_low_purple_court,0
3771,0.615,0.8442,0.7958,0.0484,nike_dunk_low_purple_court,0
3772,0.608,0.0000,0.0000,0.0000,nike_dunk_low_purple_court,0
3773,0.650,0.0000,0.0000,0.0000,nike_dunk_low_purple_court,0
3774,0.645,0.8411,0.7981,0.0430,nike_dunk_low_purple_court,0
3775,0.657,0.0000,0.0000,0.0000,nike_dunk_low_purple_court,0
3776,0.624,0.0000,0.0000,0.0000,,1
3777,0.639,0.8470,0.7970,0.0500,,1
3778,0.624,0.0000,0.0000,0.0000,,1
3779,0.670,0.0000,0.0000,0.0000,,1
3780,0.670,0.8463,0.8040,0.0424,,1
3781,0.642,0.0000,0.0000,0.0000,,1
3782,0.599,0.0000,0.0000,0.0000,,1
3783,0.613,0.8323,0.7817,0.0506,nike_dunk_low_purple_court,0
3784,0.623,0.0000,0.0000,0.0000,nike_dunk_low_purple_court,0
3785,0.599,0.0000,0.0000,0.0000,nike_dunk_low_purple_court,0
3786,0.616,0.7998,0.7482,0.0516,nike_dunk_low_purple_court,0
3787,0.608,0.0000,0.0000,0.0000,nike_dunk_low_purple_court,0
3788,0.595,0.0000,0.0000,0.0000,nike_dunk_low_purple_court,0
3789,0.607,0.8305,0.7837,0.0468,nike_dunk_low_purple_court,0
3790,0.604,0.0000,0.0000,0.0000,nike_dunk_low_purple_court,0
3791,0.606,0.0000,0.0000,0.0000,nike_dunk_low_purple_court,0
3792,0.621,0.8425,0.7820,0.0605,nike_dunk_low_purple_court,0
3793,0.627,0.0000,0.0000,0.0000,nike_dunk_low_purple_court,0
3794,0.607,0.0000,0.0000,0.0000,nike_dunk_low_purple_court,0
3795,0.647,0.8407,0.7942,0.0465,nike_dunk_low_purple_court,0
3796,0.648,0.0000,0.0000,0.0000,nike_dunk_low_purple_court,0
3797,0.625,0.0000,0.0000,0.0000,nike_dunk_low_purple_court,0
3798,0.627,0.8399,0.7850,0.0549,nike_dunk_low_purple_court,0
3799,0.655,0.0000,0.0000,0.0000,nike_dunk_low_purple_court,0
3800,0.639,0.0000,0.0000,0.0000,nike_dunk_low_purple_court,0
3801,0.628,0.8391,0.7905,0.0486,nike_dunk_low_purple_court,0
3802,0.629,0.0000,0.0000,0.0000,nike_dunk_low_purple_court,0
3803,0.650,0.0000,0.0000,0.0000,nike_dunk_low_purple_court,0
3804,0.621,0.8479,0.8028,0.0451,nike_dunk_low_purple_court,0
3805,0.625,0.0000,0.0000,0.0000,nike_dunk_low_purple_court,0
3806,0.656,0.0000,0.0000,0.0000,,1
3807,0.647,0.8401,0.7935,0.0467,,1
3808,0.644,0.0000,0.0000,0.0000,,1
3809,0.646,0.0000,0.0000,0.0000,,1
3810,0.619,0.8379,0.7871,0.0509,nike_dunk_low_purple_court,0
3811,0.619,0.0000,0.0000,0.0000,nike_dunk_low_purple_court,0
3812,0.651,0.0000,0.0000,0.0000,nike_dunk_low_purple_court,0
3813,0.620,0.8406,0.7909,0.0497,nike_dunk_low_purple_court,0
3814,0.642,0.0000,0.0000,0.0000,nike_dunk_low_purple_court,0
3815,0.628,0.0000,0.0000,0.0000,nike_dunk_low_purple_court,0
3816,0.649,0.8312,0.7848,0.0464,nike_dunk_low_purple_court,0
3817,0.623,0.0000,0.0000,0.0000,nike_dunk_low_purple_court,0
3818,0.634,0.0000,0.0000,0.0000,,1
3819,0.614,0.8456,0.7970,0.0486,,1
3820,0.625,0.0000,0.0000,0.0000,,1
3821,0.634,0.0000,0.0000,0.0000,,1
3822,0.623,0.8317,0.7774,0.0543,nike_dunk_low_purple_court,0
3823,0.611,0.0000,0.0000,0.0000,nike_dunk_low_purple_court,0
3824,0.592,0.0000,0.0000,0.0000,nike_dunk_low_purple_court,0
3825,0.606,0.8441,0.7994,0.0446,nike_dunk_low_purple_court,0
3826,0.644,0.0000,0.0000,0.0000,nike_dunk_low_purple_court,0
3827,0.596,0.0000,0.0000,0.0000,nike_dunk_low_purple_court,0
3828,0.605,0.8495,0.8065,0.0430,nike_dunk_low_purple_court,0
3829,0.612,0.0000,0.0000,0.0000,nike_dunk_low_purple_court,0
3830,0.657,0.0000,0.0000,0.0000,,1
3831,0.631,0.8540,0.8039,0.0501,nike_dunk_low_purple_court,0
3832,0.614,0.0000,0.0000,0.0000,nike_dunk_low_purple_court,0
3833,0.621,0.0000,0.0000,0.0000,nike_dunk_low_purple_court,0
3834,0.613,0.8364,0.7911,0.0453,nike_dunk_low_purple_court,0
3835,0.619,0.0000,0.0000,0.0000,nike_dunk_low_purple_court,0
3836,0.625,0.0000,0.0000,0.0000,nike_dunk_low_purple_court,0
3837,0.644,0.8222,0.7742,0.0480,nike_dunk_low_purple_court,0
3838,0.639,0.0000,0.0000,0.0000,nike_dunk_low_purple_court,0
3839,0.612,0.0000,0.0000,0.0000,,1
3840,0.580,0.8392,0.8072,0.0321,,1
3841,0.629,0.0000,0.0000,0.0000,,1
3842,0.606,0.0000,0.0000,0.0000,,1
3843,0.596,0.8335,0.7898,0.0437,,1
3844,0.620,0.0000,0.0000,0.0000,,1
3845,0.617,0.0000,0.0000,0.0000,,1
3846,0.598,0.8436,0.7978,0.0458,,1
3847,0.565,0.0000,0.0000,0.0000,,1
3848,0.562,0.0000,0.0000,0.0000,,1
3849,0.627,0.8242,0.7847,0.0395,,1
3850,0.641,0.0000,0.0000,0.0000,,1
3851,0.628,0.0000,0.0000,0.0000,,1
3852,0.606,0.8482,0.8200,0.0282,,1
3853,0.593,0.0000,0.0000,0.0000,,1
3854,0.678,0.0000,0.0000,0.0000,,1
3855,0.608,0.8376,0.8156,0.0220,,1
3856,0.585,0.0000,0.0000,0.0000,,1
3857,0.625,0.0000,0.0000,0.0000,,1
3858,0.654,0.8461,0.8132,0.0329,,1
3859,0.659,0.0000,0.0000,0.0000,,1
3860,0.672,0.0000,0.0000,0.0000,,1
3861,0.712,0.8429,0.8104,0.0325,,1
3862,0.694,0.0000,0.0000,0.0000,,1
3863,0.660,0.0000,0.0000,0.0000,,1
3864,0.597,0.8390,0.7819,0.0570,nike_dunk_low_purple_court,0
3865,0.599,0.0000,0.0000,0.0000,nike_dunk_low_purple_court,0
3866,0.686,0.0000,0.0000,0.0000,nike_dunk_low_purple_court,0
3867,0.676,0.8495,0.8022,0.0473,nike_dunk_low_purple_court,0
3868,0.642,0.0000,0.0000,0.0000,nike_dunk_low_purple_court,0
3869,0.678,0.0000,0.0000,0.0000,nike_dunk_low_purple_court,0
3870,0.659,0.8412,0.7920,0.0492,nike_dunk_low_purple_court,0
3871,0.694,0.0000,0.0000,0.0000,nike_dunk_low_purple_court,0
3872,0.650,0.0000,0.0000,0.0000,,1
3873,0.659,0.8400,0.8059,0.0341,,1
3874,0.649,0.0000,0.0000,0.0000,,1
3875,0.741,0.0000,0.0000,0.0000,,1
3876,0.732,0.8435,0.8148,0.0287,,1
3877,0.727,0.0000,0.0000,0.0000,,1
3878,0.707,0.0000,0.0000,0.0000,,1
3879,0.706,0.8330,0.8053,0.0277,,1
3880,0.663,0.0000,0.0000,0.0000,,1
3881,0.686,0.0000,0.0000,0.0000,,1
3882,0.699,0.8462,0.8250,0.0212,,1
3883,0.720,0.0000,0.0000,0.0000,,1
3884,0.694,0.0000,0.0000,0.0000,,1
3885,0.729,0.8508,0.8195,0.0313,,1
3886,0.762,0.0000,0.0000,0.0000,,1
3887,0.738,0.0000,0.0000,0.0000,,1
3888,0.738,0.8402,0.7952,0.0450,,1
3889,0.726,0.0000,0.0000,0.0000,,1
3890,0.720,0.0000,0.0000,0.0000,,1
3891,0.721,0.8442,0.8044,0.0398,,1
3892,0.742,0.0000,0.0000,0.0000,,1
3893,0.742,0.0000,0.0000,0.0000,,1
3894,0.706,0.8399,0.8046,0.0353,,1
3895,0.691,0.0000,0.0000,0.0000,,1
3896,0.675,0.0000,0.0000,0.0000,,1
3897,0.696,0.8426,0.7923,0.0503,nike_dunk_low_purple_court,0
3898,0.686,0.0000,0.0000,0.0000,nike_dunk_low_purple_court,0
3899,0.730,0.0000,0.0000,0.0000,nike_dunk_low_purple_court,0
3900,0.733,0.8342,0.7937,0.0404,nike_dunk_low_purple_court,0
3901,0.719,0.0000,0.0000,0.0000,nike_dunk_low_purple_court,0
3902,0.726,0.0000,0.0000,0.0000,nike_dunk_low_purple_court,0
3903,0.725,0.8408,0.7997,0.0411,nike_dunk_low_purple_court,0
3904,0.714,0.0000,0.0000,0.0000,nike_dunk_low_purple_court,0
3905,0.742,0.0000,0.0000,0.0000,,1
3906,0.738,0.8517,0.8176,0.0341,,1
3907,0.758,0.0000,0.0000,0.0000,,1
3908,0.757,0.0000,0.0000,0.0000,,1
3909,0.746,0.8233,0.7861,0.0373,,1
3910,0.755,0.0000,0.0000,0.0000,,1
3911,0.737,0.0000,0.0000,0.0000,,1
3912,0.731,0.8417,0.8157,0.0260,,1
3913,0.712,0.0000,0.0000,0.0000,,1
3914,0.675,0.0000,0.0000,0.0000,,1
3915,0.501,0.8360,0.8248,0.0112,,1
3982,0.525,0.0000,0.0000,0.0000,,1
3983,0.723,0.0000,0.0000,0.0000,,1
3984,0.719,0.7343,0.7274,0.0068,,1
3985,0.645,0.0000,0.0000,0.0000,,1
3986,0.686,0.0000,0.0000,0.0000,,1
3991,0.556,0.0000,0.0000,0.0000,,1
3992,0.625,0.0000,0.0000,0.0000,,1
3993,0.712,0.7298,0.7024,0.0274,,1
3994,0.664,0.0000,0.0000,0.0000,,1
3995,0.549,0.0000,0.0000,0.0000,,1
3999,0.703,0.7690,0.7500,0.0191,,1
4000,0.814,0.0000,0.0000,0.0000,,1
4001,0.834,0.0000,0.0000,0.0000,,1
4002,0.713,0.7386,0.7304,0.0082,,1
4003,0.799,0.0000,0.0000,0.0000,,1
4004,0.717,0.0000,0.0000,0.0000,,1
4005,0.683,0.7871,0.7662,0.0209,,1
4006,0.674,0.0000,0.0000,0.0000,,1
4007,0.575,0.0000,0.0000,0.0000,,1
4008,0.520,0.7467,0.7382,0.0084,,1
4018,0.501,0.0000,0.0000,0.0000,,1
4021,0.514,0.0000,0.0000,0.0000,,1
4022,0.501,0.0000,0.0000,0.0000,,1
4023,0.550,0.7844,0.7729,0.0115,,1
4024,0.513,0.0000,0.0000,0.0000,,1
4029,0.507,0.7655,0.7410,0.0245,,1
4030,0.530,0.0000,0.0000,0.0000,,1
4031,0.627,0.0000,0.0000,0.0000,,1
4032,0.608,0.7655,0.7608,0.0047,,1
4033,0.551,0.0000,0.0000,0.0000,,1
4083,0.546,0.8000,0.7853,0.0147,,1
4084,0.669,0.0000,0.0000,0.0000,,1
4085,0.578,0.0000,0.0000,0.0000,,1
4086,0.601,0.7781,0.7618,0.0164,,1
4087,0.672,0.0000,0.0000,0.0000,,1
4096,0.514,0.0000,0.0000,0.0000,,1
4097,0.586,0.0000,0.0000,0.0000,,1
4098,0.614,0.7333,0.7299,0.0034,,1
4099,0.508,0.0000,0.0000,0.0000,,1
4100,0.772,0.0000,0.0000,0.0000,,1
4101,0.728,0.7392,0.7250,0.0142,,1
4123,0.635,0.0000,0.0000,0.0000,,1
4124,0.908,0.0000,0.0000,0.0000,,1
4125,0.756,0.7614,0.7219,0.0396,,1
4126,0.790,0.0000,0.0000,0.0000,,1
4127,0.838,0.0000,0.0000,0.0000,,1
4128,0.834,0.7338,0.7212,0.0126,,1
4129,0.843,0.0000,0.0000,0.0000,,1
4130,0.744,0.0000,0.0000,0.0000,,1
4131,0.756,0.7562,0.7524,0.0039,,1
4132,0.798,0.0000,0.0000,0.0000,,1
4133,0.790,0.0000,0.0000,0.0000,,1
4134,0.751,0.8010,0.7884,0.0125,,1
4135,0.717,0.0000,0.0000,0.0000,,1
4136,0.660,0.0000,0.0000,0.0000,,1
4137,0.675,0.8089,0.7670,0.0419,,1
4138,0.689,0.0000,0.0000,0.0000,,1
4139,0.754,0.0000,0.0000,0.0000,,1
4140,0.621,0.7900,0.7822,0.0079,,1
4141,0.538,0.0000,0.0000,0.0000,,1
4142,0.641,0.0000,0.0000,0.0000,,1
4143,0.732,0.8155,0.7899,0.0256,,1
4144,0.754,0.0000,0.0000,0.0000,,1
4145,0.743,0.0000,0.0000,0.0000,,1
4146,0.742,0.7964,0.7570,0.0394,,1
4147,0.760,0.0000,0.0000,0.0000,,1
4148,0.700,0.0000,0.0000,0.0000,,1
4149,0.659,0.8082,0.7763,0.0319,,1
4150,0.638,0.0000,0.0000,0.0000,,1
4151,0.719,0.0000,0.0000,0.0000,,1
4152,0.666,0.8000,0.7538,0.0462,,1
4153,0.616,0.0000,0.0000,0.0000,,1
4154,0.696,0.0000,0.0000,0.0000,,1
4155,0.707,0.8190,0.7499,0.0691,nike_dunk_low_purple_court,0
4156,0.678,0.0000,0.0000,0.0000,nike_dunk_low_purple_court,0
4157,0.661,0.0000,0.0000,0.0000,nike_dunk_low_purple_court,0
4158,0.673,0.8173,0.7768,0.0404,nike_dunk_low_purple_court,0
4159,0.719,0.0000,0.0000,0.0000,nike_dunk_low_purple_court,0
4160,0.640,0.0000,0.0000,0.0000,nike_dunk_low_purple_court,0
4161,0.686,0.8222,0.7688,0.0534,nike_dunk_low_purple_court,0
4162,0.639,0.0000,0.0000,0.0000,nike_dunk_low_purple_court,0
4163,0.724,0.0000,0.0000,0.0000,nike_dunk_low_purple_court,0
4164,0.694,0.7746,0.7348,0.0397,nike_dunk_low_purple_court,0
4165,0.657,0.0000,0.0000,0.0000,nike_dunk_low_purple_court,0
4166,0.627,0.0000,0.0000,0.0000,nike_dunk_low_purple_court,0
4167,0.637,0.8242,0.7778,0.0463,nike_dunk_low_purple_court,0
4168,0.693,0.0000,0.0000,0.0000,nike_dunk_low_purple_court,0
4169,0.655,0.0000,0.0000,0.0000,,1
4170,0.667,0.8076,0.7658,0.0418,,1
4171,0.666,0.0000,0.0000,0.0000,,1
4172,0.662,0.0000,0.0000,0.0000,,1
4173,0.644,0.8032,0.7603,0.0428,,1
4174,0.647,0.0000,0.0000,0.0000,,1
4175,0.663,0.0000,0.0000,0.0000,,1
4176,0.677,0.7981,0.7619,0.0362,,1
4177,0.643,0.0000,0.0000,0.0000,,1
4178,0.632,0.0000,0.0000,0.0000,,1
4179,0.602,0.8075,0.7615,0.0460,,1
4180,0.629,0.0000,0.0000,0.0000,,1
4181,0.682,0.0000,0.0000,0.0000,,1
4182,0.677,0.7777,0.7321,0.0456,,1
4183,0.652,0.0000,0.0000,0.0000,,1
4184,0.709,0.0000,0.0000,0.0000,,1
4185,0.654,0.8075,0.7625,0.0450,,1
4186,0.678,0.0000,0.0000,0.0000,,1
4187,0.654,0.0000,0.0000,0.0000,,1
4188,0.651,0.7987,0.7606,0.0380,,1
4189,0.685,0.0000,0.0000,0.0000,,1
4190,0.667,0.0000,0.0000,0.0000,,1
4191,0.667,0.8156,0.7593,0.0564,nike_dunk_low_purple_court,0
4192,0.645,0.0000,0.0000,0.0000,nike_dunk_low_purple_court,0
4193,0.664,0.0000,0.0000,0.0000,nike_dunk_low_purple_court,0
4194,0.658,0.8022,0.7541,0.0481,nike_dunk_low_purple_court,0
4195,0.683,0.0000,0.0000,0.0000,nike_dunk_low_purple_court,0
4196,0.704,0.0000,0.0000,0.0000,nike_dunk_low_purple_court,0
4197,0.699,0.8103,0.7665,0.0438,nike_dunk_low_purple_court,0
4198,0.650,0.0000,0.0000,0.0000,nike_dunk_low_purple_court,0
4199,0.703,0.0000,0.0000,0.0000,,1
4200,0.696,0.8157,0.7735,0.0422,,1
4201,0.690,0.0000,0.0000,0.0000,,1
4202,0.687,0.0000,0.0000,0.0000,,1
4203,0.692,0.8274,0.7753,0.0521,nike_dunk_low_purple_court,0
4204,0.705,0.0000,0.0000,0.0000,nike_dunk_low_purple_court,0
4205,0.692,0.0000,0.0000,0.0000,nike_dunk_low_purple_court,0
4206,0.658,0.8265,0.7668,0.0598,nike_dunk_low_purple_court,0
4207,0.690,0.0000,0.0000,0.0000,nike_dunk_low_purple_court,0
4208,0.658,0.0000,0.0000,0.0000,nike_dunk_low_purple_court,0
4209,0.680,0.7874,0.7412,0.0461,nike_dunk_low_purple_court,0
4210,0.628,0.0000,0.0000,0.0000,nike_dunk_low_purple_court,0
4211,0.680,0.0000,0.0000,0.0000,nike_dunk_low_purple_court,0
4212,0.700,0.8111,0.7653,0.0459,nike_dunk_low_purple_court,0
4213,0.682,0.0000,0.0000,0.0000,nike_dunk_low_purple_court,0
4214,0.709,0.0000,0.0000,0.0000,,1
4215,0.654,0.8311,0.7778,0.0533,nike_dunk_low_purple_court,0
4216,0.655,0.0000,0.0000,0.0000,nike_dunk_low_purple_court,0
4217,0.634,0.0000,0.0000,0.0000,nike_dunk_low_purple_court,0
4218,0.628,0.8216,0.7548,0.0667,nike_dunk_low_purple_court,0
4219,0.659,0.0000,0.0000,0.0000,nike_dunk_low_purple_court,0
4220,0.706,0.0000,0.0000,0.0000,nike_dunk_low_purple_court,0
4221,0.699,0.8076,0.7692,0.0384,nike_dunk_low_purple_court,0
4222,0.703,0.0000,0.0000,0.0000,nike_dunk_low_purple_court,0
4223,0.692,0.0000,0.0000,0.0000,nike_dunk_low_purple_court,0
4224,0.708,0.8049,0.7641,0.0408,nike_dunk_low_purple_court,0
4225,0.670,0.0000,0.0000,0.0000,nike_dunk_low_purple_court,0
4226,0.643,0.0000,0.0000,0.0000,,1
4227,0.667,0.7939,0.7586,0.0353,,1
4228,0.675,0.0000,0.0000,0.0000,,1
4229,0.621,0.0000,0.0000,0.0000,,1
4230,0.678,0.8197,0.7612,0.0585,adidas_ozelia_cream_blue,0
4231,0.678,0.0000,0.0000,0.0000,adidas_ozelia_cream_blue,0
4232,0.680,0.0000,0.0000,0.0000,adidas_ozelia_cream_blue,0
4233,0.677,0.8360,0.7751,0.0609,adidas_ozelia_cream_blue,0
4234,0.702,0.0000,0.0000,0.0000,adidas_ozelia_cream_blue,0
4235,0.706,0.0000,0.0000,0.0000,adidas_ozelia_cream_blue,0
4236,0.668,0.7814,0.7451,0.0363,adidas_ozelia_cream_blue,0
4237,0.656,0.0000,0.0000,0.0000,adidas_ozelia_cream_blue,0
4238,0.677,0.0000,0.0000,0.0000,adidas_ozelia_cream_blue,0
4239,0.666,0.8289,0.7728,0.0561,adidas_ozelia_cream_blue,0
4240,0.665,0.0000,0.0000,0.0000,adidas_ozelia_cream_blue,0
4241,0.679,0.0000,0.0000,0.0000,adidas_ozelia_cream_blue,0
4242,0.709,0.8250,0.7702,0.0548,adidas_ozelia_cream_blue,0
4243,0.691,0.0000,0.0000,0.0000,adidas_ozelia_cream_blue,0
4244,0.707,0.0000,0.0000,0.0000,adidas_ozelia_cream_blue,0
4245,0.688,0.8259,0.7751,0.0508,adidas_ozelia_cream_blue,0
4246,0.691,0.0000,0.0000,0.0000,adidas_ozelia_cream_blue,0
4247,0.622,0.0000,0.0000,0.0000,adidas_ozelia_cream_blue,0
4248,0.654,0.8114,0.7741,0.0373,adidas_ozelia_cream_blue,0
4249,0.662,0.0000,0.0000,0.0000,adidas_ozelia_cream_blue,0
4250,0.662,0.0000,0.0000,0.0000,adidas_ozelia_cream_blue,0
4251,0.682,0.8219,0.7832,0.0388,adidas_ozelia_cream_blue,0
4252,0.649,0.0000,0.0000,0.0000,adidas_ozelia_cream_blue,0
4253,0.670,0.0000,0.0000,0.0000,,1
4254,0.678,0.8146,0.7622,0.0524,adidas_ozelia_cream_blue,0
4255,0.689,0.0000,0.0000,0.0000,adidas_ozelia_cream_blue,0
4256,0.669,0.0000,0.0000,0.0000,adidas_ozelia_cream_blue,0
4257,0.691,0.7945,0.7427,0.0518,adidas_ozelia_cream_blue,0
4258,0.702,0.0000,0.0000,0.0000,adidas_ozelia_cream_blue,0
4259,0.699,0.0000,0.0000,0.0000,adidas_ozelia_cream_blue,0
4260,0.711,0.8141,0.7584,0.0557,adidas_ozelia_cream_blue,0
4261,0.711,0.0000,0.0000,0.0000,adidas_ozelia_cream_blue,0
4262,0.704,0.0000,0.0000,0.0000,adidas_ozelia_cream_blue,0
4263,0.667,0.7978,0.7421,0.0557,adidas_ozelia_cream_blue,0
4264,0.648,0.0000,0.0000,0.0000,adidas_ozelia_cream_blue,0
4265,0.705,0.0000,0.0000,0.0000,adidas_ozelia_cream_blue,0
4266,0.643,0.8277,0.7645,0.0632,adidas_ozelia_cream_blue,0
4267,0.646,0.0000,0.0000,0.0000,adidas_ozelia_cream_blue,0
4268,0.695,0.0000,0.0000,0.0000,adidas_ozelia_cream_blue,0
4269,0.686,0.8164,0.7535,0.0630,adidas_ozelia_cream_blue,0
4270,0.669,0.0000,0.0000,0.0000,adidas_ozelia_cream_blue,0
4271,0.629,0.0000,0.0000,0.0000,adidas_ozelia_cream_blue,0
4272,0.619,0.8123,0.7561,0.0562,adidas_ozelia_cream_blue,0
4273,0.635,0.0000,0.0000,0.0000,adidas_ozelia_cream_blue,0
4274,0.660,0.0000,0.0000,0.0000,adidas_ozelia_cream_blue,0
4275,0.661,0.7936,0.7539,0.0397,adidas_ozelia_cream_blue,0
4276,0.683,0.0000,0.0000,0.0000,adidas_ozelia_cream_blue,0
4277,0.660,0.0000,0.0000,0.0000,adidas_ozelia_cream_blue,0
4278,0.666,0.8027,0.7489,0.0538,adidas_ozelia_cream_blue,0
4279,0.635,0.0000,0.0000,0.0000,adidas_ozelia_cream_blue,0
4280,0.629,0.0000,0.0000,0.0000,adidas_ozelia_cream_blue,0
4281,0.646,0.8083,0.7646,0.0438,adidas_ozelia_cream_blue,0
4282,0.614,0.0000,0.0000,0.0000,adidas_ozelia_cream_blue,0
4283,0.644,0.0000,0.0000,0.0000,adidas_ozelia_cream_blue,0
4284,0.653,0.8118,0.7591,0.0527,adidas_ozelia_cream_blue,0
4285,0.691,0.0000,0.0000,0.0000,adidas_ozelia_cream_blue,0
4286,0.653,0.0000,0.0000,0.0000,adidas_ozelia_cream_blue,0
4287,0.658,0.8056,0.7681,0.0376,adidas_ozelia_cream_blue,0
4288,0.673,0.0000,0.0000,0.0000,adidas_ozelia_cream_blue,0
4289,0.658,0.0000,0.0000,0.0000,adidas_ozelia_cream_blue,0
4290,0.684,0.7957,0.7604,0.0353,adidas_ozelia_cream_blue,0
4291,0.711,0.0000,0.0000,0.0000,adidas_ozelia_cream_blue,0
4292,0.684,0.0000,0.0000,0.0000,,1
4293,0.642,0.8226,0.7759,0.0467,,1
4294,0.678,0.0000,0.0000,0.0000,,1
4295,0.645,0.0000,0.0000,0.0000,,1
4296,0.640,0.8270,0.7728,0.0543,adidas_ozelia_cream_blue,0
4297,0.633,0.0000,0.0000,0.0000,adidas_ozelia_cream_blue,0
4298,0.596,0.0000,0.0000,0.0000,adidas_ozelia_cream_blue,0
4299,0.555,0.8264,0.7680,0.0584,adidas_ozelia_cream_blue,0
4300,0.661,0.0000,0.0000,0.0000,adidas_ozelia_cream_blue,0
4301,0.625,0.0000,0.0000,0.0000,adidas_ozelia_cream_blue,0
4302,0.599,0.7698,0.7285,0.0413,adidas_ozelia_cream_blue,0
4303,0.578,0.0000,0.0000,0.0000,adidas_ozelia_cream_blue,0
4304,0.629,0.0000,0.0000,0.0000,adidas_ozelia_cream_blue,0
4305,0.619,0.8062,0.7624,0.0438,adidas_ozelia_cream_blue,0
4306,0.602,0.0000,0.0000,0.0000,adidas_ozelia_cream_blue,0
4307,0.595,0.0000,0.0000,0.0000,,1
4308,0.575,0.8159,0.7741,0.0418,,1
4309,0.587,0.0000,0.0000,0.0000,,1
4310,0.615,0.0000,0.0000,0.0000,,1
4311,0.631,0.7809,0.7322,0.0487,,1
4312,0.581,0.0000,0.0000,0.0000,,1
4313,0.593,0.0000,0.0000,0.0000,,1
4314,0.586,0.7835,0.7455,0.0380,,1
4315,0.623,0.0000,0.0000,0.0000,,1
4316,0.698,0.0000,0.0000,0.0000,,1
4317,0.659,0.8244,0.7798,0.0446,,1
4318,0.659,0.0000,0.0000,0.0000,,1
4319,0.699,0.0000,0.0000,0.0000,,1
4320,0.690,0.8108,0.7687,0.0422,,1
4321,0.671,0.0000,0.0000,0.0000,,1
4322,0.643,0.0000,0.0000,0.0000,,1
4323,0.678,0.8241,0.7627,0.0614,adidas_ozelia_cream_blue,0
4324,0.659,0.0000,0.0000,0.0000,adidas_ozelia_cream_blue,0
4325,0.644,0.0000,0.0000,0.0000,adidas_ozelia_cream_blue,0
4326,0.657,0.8181,0.7765,0.0416,adidas_ozelia_cream_blue,0
4327,0.599,0.0000,0.0000,0.0000,adidas_ozelia_cream_blue,0
4328,0.654,0.0000,0.0000,0.0000,adidas_ozelia_cream_blue,0
4329,0.683,0.8053,0.7751,0.0302,adidas_ozelia_cream_blue,0
4330,0.640,0.0000,0.0000,0.0000,adidas_ozelia_cream_blue,0
4331,0.670,0.0000,0.0000,0.0000,,1
4332,0.630,0.8140,0.7752,0.0388,,1
4333,0.682,0.0000,0.0000,0.0000,,1
4334,0.666,0.0000,0.0000,0.0000,,1
4335,0.670,0.8174,0.7786,0.0388,,1
4336,0.666,0.0000,0.0000,0.0000,,1
4337,0.654,0.0000,0.0000,0.0000,,1
4338,0.610,0.8191,0.7668,0.0523,adidas_ozelia_cream_blue,0
4339,0.650,0.0000,0.0000,0.0000,adidas_ozelia_cream_blue,0
4340,0.641,0.0000,0.0000,0.0000,adidas_ozelia_cream_blue,0
4341,0.646,0.8187,0.7638,0.0549,adidas_ozelia_cream_blue,0
4342,0.639,0.0000,0.0000,0.0000,adidas_ozelia_cream_blue,0
4343,0.658,0.0000,0.0000,0.0000,adidas_ozelia_cream_blue,0
4344,0.648,0.7878,0.7574,0.0304,adidas_ozelia_cream_blue,0
4345,0.651,0.0000,0.0000,0.0000,adidas_ozelia_cream_blue,0
4346,0.622,0.0000,0.0000,0.0000,adidas_ozelia_cream_blue,0
4347,0.634,0.8057,0.7465,0.0592,adidas_ozelia_cream_blue,0
4348,0.660,0.0000,0.0000,0.0000,adidas_ozelia_cream_blue,0
4349,0.633,0.0000,0.0000,0.0000,adidas_ozelia_cream_blue,0
4350,0.646,0.8214,0.7705,0.0509,adidas_ozelia_cream_blue,0
4351,0.629,0.0000,0.0000,0.0000,adidas_ozelia_cream_blue,0
4352,0.598,0.0000,0.0000,0.0000,adidas_ozelia_cream_blue,0
4353,0.632,0.7980,0.7547,0.0433,adidas_ozelia_cream_blue,0
4354,0.624,0.0000,0.0000,0.0000,adidas_ozelia_cream_blue,0
4355,0.590,0.0000,0.0000,0.0000,adidas_ozelia_cream_blue,0
4356,0.628,0.8060,0.7670,0.0390,adidas_ozelia_cream_blue,0
4357,0.598,0.0000,0.0000,0.0000,adidas_ozelia_cream_blue,0
4358,0.628,0.0000,0.0000,0.0000,,1
4359,0.669,0.8327,0.7684,0.0643,adidas_ozelia_cream_blue,0
4360,0.666,0.0000,0.0000,0.0000,adidas_ozelia_cream_blue,0
4361,0.628,0.0000,0.0000,0.0000,adidas_ozelia_cream_blue,0
4362,0.756,0.7981,0.7847,0.0134,adidas_ozelia_cream_blue,0
4363,0.743,0.0000,0.0000,0.0000,adidas_ozelia_cream_blue,0
4368,0.502,0.7473,0.7364,0.0109,adidas_ozelia_cream_blue,0
4370,0.622,0.0000,0.0000,0.0000,adidas_ozelia_cream_blue,0
4454,0.620,0.0000,0.0000,0.0000,adidas_ozelia_cream_blue,0
4455,0.551,0.8079,0.7923,0.0156,,1
4470,0.541,0.7734,0.7638,0.0096,,1
4471,0.876,0.0000,0.0000,0.0000,,1
4472,0.894,0.0000,0.0000,0.0000,,1
4473,0.884,0.7974,0.7855,0.0119,,1
4474,0.883,0.0000,0.0000,0.0000,,1
4475,0.923,0.0000,0.0000,0.0000,,1
4476,0.903,0.8314,0.8195,0.0119,,1
4477,0.903,0.0000,0.0000,0.0000,,1
4478,0.907,0.0000,0.0000,0.0000,,1
4479,0.911,0.8416,0.8204,0.0213,,1
4480,0.920,0.0000,0.0000,0.0000,,1
4481,0.916,0.0000,0.0000,0.0000,,1
4482,0.911,0.8358,0.8154,0.0204,,1
4483,0.898,0.0000,0.0000,0.0000,,1
4484,0.863,0.0000,0.0000,0.0000,,1
4485,0.875,0.8033,0.7966,0.0067,,1
4486,0.875,0.0000,0.0000,0.0000,,1
4487,0.885,0.0000,0.0000,0.0000,,1
4488,0.897,0.8269,0.8183,0.0086,,1
4489,0.892,0.0000,0.0000,0.0000,,1
4490,0.904,0.0000,0.0000,0.0000,,1
4491,0.897,0.8177,0.8156,0.0022,,1
4492,0.893,0.0000,0.0000,0.0000,,1
4493,0.886,0.0000,0.0000,0.0000,,1
4494,0.895,0.8358,0.8281,0.0078,,1
4495,0.904,0.0000,0.0000,0.0000,,1
4496,0.902,0.0000,0.0000,0.0000,,1
4497,0.898,0.8020,0.7990,0.0030,,1
4498,0.904,0.0000,0.0000,0.0000,,1
4499,0.902,0.0000,0.0000,0.0000,,1
4500,0.890,0.8252,0.8167,0.0085,,1
4501,0.905,0.0000,0.0000,0.0000,,1
4502,0.899,0.0000,0.0000,0.0000,,1
4503,0.905,0.8360,0.8205,0.0155,,1
4504,0.907,0.0000,0.0000,0.0000,,1
4505,0.894,0.0000,0.0000,0.0000,,1
4506,0.910,0.8269,0.8127,0.0143,,1
4507,0.908,0.0000,0.0000,0.0000,,1
4508,0.910,0.0000,0.0000,0.0000,,1
4509,0.910,0.8408,0.8310,0.0098,,1
4510,0.909,0.0000,0.0000,0.0000,,1
4511,0.906,0.0000,0.0000,0.0000,,1
4512,0.913,0.8393,0.8212,0.0181,,1
4513,0.909,0.0000,0.0000,0.0000,,1
4514,0.909,0.0000,0.0000,0.0000,,1
4515,0.907,0.8179,0.8048,0.0131,,1
4516,0.913,0.0000,0.0000,0.0000,,1
4517,0.910,0.0000,0.0000,0.0000,,1
4518,0.912,0.8014,0.8005,0.0009,,1
4519,0.904,0.0000,0.0000,0.0000,,1
4520,0.903,0.0000,0.0000,0.0000,,1
4521,0.907,0.8063,0.8029,0.0033,,1
4522,0.912,0.0000,0.0000,0.0000,,1
4523,0.907,0.0000,0.0000,0.0000,,1
4524,0.920,0.8150,0.8149,0.0000,,1
4525,0.915,0.0000,0.0000,0.0000,,1
4526,0.916,0.0000,0.0000,0.0000,,1
4527,0.907,0.8153,0.8082,0.0070,,1
4528,0.908,0.0000,0.0000,0.0000,,1
4529,0.902,0.0000,0.0000,0.0000,,1
4530,0.907,0.8278,0.8170,0.0108,,1
4531,0.906,0.0000,0.0000,0.0000,,1
4532,0.901,0.0000,0.0000,0.0000,,1
4533,0.907,0.8065,0.8065,0.0000,,1
4534,0.901,0.0000,0.0000,0.0000,,1
4535,0.894,0.0000,0.0000,0.0000,,1
4536,0.907,0.8342,0.8233,0.0109,,1
4537,0.902,0.0000,0.0000,0.0000,,1
4538,0.903,0.0000,0.0000,0.0000,,1
4539,0.900,0.8211,0.8148,0.0063,,1
4540,0.905,0.0000,0.0000,0.0000,,1
4541,0.901,0.0000,0.0000,0.0000,,1
4542,0.901,0.8303,0.8146,0.0157,,1
4543,0.901,0.0000,0.0000,0.0000,,1
4544,0.914,0.0000,0.0000,0.0000,,1
4545,0.912,0.8232,0.8128,0.0103,,1
4546,0.902,0.0000,0.0000,0.0000,,1
4547,0.910,0.0000,0.0000,0.0000,,1
4548,0.909,0.8211,0.8180,0.0031,,1
4549,0.901,0.0000,0.0000,0.0000,,1
4550,0.901,0.0000,0.0000,0.0000,,1
4551,0.894,0.8348,0.8333,0.0015,,1
4552,0.902,0.0000,0.0000,0.0000,,1
4553,0.904,0.0000,0.0000,0.0000,,1
4554,0.901,0.7970,0.7912,0.0058,,1
4555,0.898,0.0000,0.0000,0.0000,,1
4556,0.898,0.0000,0.0000,0.0000,,1
4557,0.911,0.8233,0.8178,0.0055,,1
4558,0.784,0.0000,0.0000,0.0000,,1
4559,0.739,0.0000,0.0000,0.0000,,1
4560,0.625,0.8607,0.8347,0.0260,,1
4561,0.717,0.0000,0.0000,0.0000,,1
4562,0.511,0.0000,0.0000,0.0000,,1
4569,0.520,0.6281,0.6255,0.0026,,1
4580,0.565,0.0000,0.0000,0.0000,,1
4581,0.723,0.8366,0.8145,0.0221,,1
4582,0.754,0.0000,0.0000,0.0000,,1
4583,0.762,0.0000,0.0000,0.0000,,1
4584,0.856,0.7697,0.7685,0.0012,,1
4585,0.876,0.0000,0.0000,0.0000,,1
4586,0.842,0.0000,0.0000,0.0000,,1
4587,0.840,0.7739,0.7686,0.0053,,1
4588,0.889,0.0000,0.0000,0.0000,,1
4589,0.886,0.0000,0.0000,0.0000,,1
4590,0.838,0.8527,0.8368,0.0159,,1
4591,0.840,0.0000,0.0000,0.0000,,1
4592,0.830,0.0000,0.0000,0.0000,,1
4593,0.860,0.8090,0.7971,0.0119,,1
4594,0.864,0.0000,0.0000,0.0000,,1
4595,0.889,0.0000,0.0000,0.0000,,1
4596,0.861,0.8451,0.8402,0.0049,,1
4597,0.851,0.0000,0.0000,0.0000,,1
4598,0.846,0.0000,0.0000,0.0000,,1
4599,0.845,0.8048,0.7985,0.0063,,1
4600,0.884,0.0000,0.0000,0.0000,,1
4601,0.891,0.0000,0.0000,0.0000,,1
4602,0.872,0.8590,0.8393,0.0197,,1
4603,0.855,0.0000,0.0000,0.0000,,1
4604,0.835,0.0000,0.0000,0.0000,,1
4605,0.848,0.8735,0.8539,0.0196,,1
4606,0.861,0.0000,0.0000,0.0000,,1
4607,0.879,0.0000,0.0000,0.0000,,1
4608,0.882,0.8092,0.7932,0.0160,,1
4609,0.877,0.0000,0.0000,0.0000,,1
4610,0.850,0.0000,0.0000,0.0000,,1
4611,0.864,0.7856,0.7773,0.0083,,1
4612,0.846,0.0000,0.0000,0.0000,,1
4613,0.874,0.0000,0.0000,0.0000,,1
4614,0.891,0.8431,0.8303,0.0127,,1
4615,0.884,0.0000,0.0000,0.0000,,1
4616,0.898,0.0000,0.0000,0.0000,,1
4617,0.899,0.8407,0.8242,0.0165,,1
4618,0.879,0.0000,0.0000,0.0000,,1
4619,0.880,0.0000,0.0000,0.0000,,1
4620,0.897,0.8328,0.8239,0.0089,,1
4621,0.896,0.0000,0.0000,0.0000,,1
4622,0.888,0.0000,0.0000,0.0000,,1
4623,0.894,0.8344,0.8206,0.0138,,1
4624,0.887,0.0000,0.0000,0.0000,,1
4625,0.864,0.0000,0.0000,0.0000,,1
4626,0.867,0.8543,0.8321,0.0222,,1
4627,0.873,0.0000,0.0000,0.0000,,1
4628,0.920,0.0000,0.0000,0.0000,,1
4629,0.906,0.8344,0.8101,0.0243,,1
4630,0.897,0.0000,0.0000,0.0000,,1
4631,0.901,0.0000,0.0000,0.0000,,1
4632,0.884,0.8262,0.8141,0.0121,,1
4633,0.884,0.0000,0.0000,0.0000,,1
4634,0.907,0.0000,0.0000,0.0000,,1
4635,0.913,0.8525,0.8303,0.0222,,1
4636,0.913,0.0000,0.0000,0.0000,,1
4637,0.911,0.0000,0.0000,0.0000,,1
4638,0.904,0.8323,0.8258,0.0065,,1
4639,0.907,0.0000,0.0000,0.0000,,1
4640,0.875,0.0000,0.0000,0.0000,,1
4641,0.901,0.8440,0.8334,0.0106,,1
4642,0.898,0.0000,0.0000,0.0000,,1
4643,0.915,0.0000,0.0000,0.0000,,1
4644,0.911,0.8379,0.8262,0.0117,,1
4645,0.919,0.0000,0.0000,0.0000,,1
4646,0.907,0.0000,0.0000,0.0000,,1
4647,0.909,0.8346,0.8159,0.0188,,1
4648,0.917,0.0000,0.0000,0.0000,,1
4649,0.919,0.0000,0.0000,0.0000,,1
4650,0.932,0.8187,0.8099,0.0088,,1
4651,0.922,0.0000,0.0000,0.0000,,1
4652,0.926,0.0000,0.0000,0.0000,,1
4653,0.926,0.7995,0.7917,0.0078,,1
4654,0.916,0.0000,0.0000,0.0000,,1
4655,0.918,0.0000,0.0000,0.0000,,1
4656,0.918,0.8059,0.7962,0.0097,,1
4657,0.921,0.0000,0.0000,0.0000,,1
4658,0.906,0.0000,0.0000,0.0000,,1
4659,0.910,0.7937,0.7802,0.0135,,1
4660,0.908,0.0000,0.0000,0.0000,,1
4661,0.927,0.0000,0.0000,0.0000,,1
4662,0.919,0.8302,0.8160,0.0142,,1
4663,0.934,0.0000,0.0000,0.0000,,1
4664,0.934,0.0000,0.0000,0.0000,,1
4665,0.927,0.8393,0.8280,0.0113,,1
4666,0.931,0.0000,0.0000,0.0000,,1
4667,0.945,0.0000,0.0000,0.0000,,1
4668,0.947,0.8418,0.8284,0.0134,,1
4669,0.948,0.0000,0.0000,0.0000,,1
4670,0.952,0.0000,0.0000,0.0000,,1
4671,0.939,0.8223,0.8126,0.0096,,1
4672,0.919,0.0000,0.0000,0.0000,,1
4673,0.915,0.0000,0.0000,0.0000,,1
4674,0.929,0.8451,0.8316,0.0134,,1
4675,0.924,0.0000,0.0000,0.0000,,1
4676,0.933,0.0000,0.0000,0.0000,,1
4677,0.922,0.8328,0.8245,0.0082,,1
4678,0.919,0.0000,0.0000,0.0000,,1
4679,0.925,0.0000,0.0000,0.0000,,1
4680,0.929,0.8193,0.8173,0.0021,,1
4681,0.930,0.0000,0.0000,0.0000,,1
4682,0.932,0.0000,0.0000,0.0000,,1
4683,0.927,0.8246,0.8111,0.0134,,1
4684,0.925,0.0000,0.0000,0.0000,,1
4685,0.929,0.0000,0.0000,0.0000,,1
4686,0.931,0.8277,0.8171,0.0106,,1
4687,0.915,0.0000,0.0000,0.0000,,1
4688,0.928,0.0000,0.0000,0.0000,,1
4689,0.926,0.8316,0.8250,0.0066,,1
4690,0.938,0.0000,0.0000,0.0000,,1
4691,0.940,0.0000,0.0000,0.0000,,1
4692,0.949,0.8403,0.8320,0.0082,,1
4693,0.929,0.0000,0.0000,0.0000,,1
4694,0.910,0.0000,0.0000,0.0000,,1
4695,0.905,0.8059,0.7978,0.0081,,1
4696,0.894,0.0000,0.0000,0.0000,,1
4697,0.893,0.0000,0.0000,0.0000,,1
4698,0.893,0.8250,0.8140,0.0110,,1
4699,0.887,0.0000,0.0000,0.0000,,1
4700,0.896,0.0000,0.0000,0.0000,,1
4701,0.896,0.8397,0.8183,0.0214,,1
4702,0.875,0.0000,0.0000,0.0000,,1
4703,0.868,0.0000,0.0000,0.0000,,1
4704,0.886,0.8302,0.8217,0.0085,,1
4705,0.889,0.0000,0.0000,0.0000,,1
4706,0.896,0.0000,0.0000,0.0000,,1
4707,0.898,0.8304,0.8163,0.0141,,1
4708,0.885,0.0000,0.0000,0.0000,,1
4709,0.894,0.0000,0.0000,0.0000,,1
4710,0.886,0.8488,0.8258,0.0229,,1
4711,0.892,0.0000,0.0000,0.0000,,1
4712,0.877,0.0000,0.0000,0.0000,,1
4713,0.862,0.8047,0.7929,0.0118,,1
4714,0.880,0.0000,0.0000,0.0000,,1
4715,0.884,0.0000,0.0000,0.0000,,1
4716,0.881,0.8300,0.8197,0.0103,,1
4717,0.879,0.0000,0.0000,0.0000,,1
4718,0.894,0.0000,0.0000,0.0000,,1
4719,0.910,0.8321,0.8203,0.0119,,1
4720,0.907,0.0000,0.0000,0.0000,,1
4721,0.907,0.0000,0.0000,0.0000,,1
4722,0.919,0.8546,0.8421,0.0125,,1
4723,0.918,0.0000,0.0000,0.0000,,1
4724,0.918,0.0000,0.0000,0.0000,,1
4725,0.918,0.8316,0.8225,0.0091,,1
4726,0.922,0.0000,0.0000,0.0000,,1
4727,0.922,0.0000,0.0000,0.0000,,1
4728,0.921,0.8538,0.8404,0.0134,,1
4729,0.912,0.0000,0.0000,0.0000,,1
4730,0.897,0.0000,0.0000,0.0000,,1
4731,0.909,0.8431,0.8252,0.0179,,1
4732,0.882,0.0000,0.0000,0.0000,,1
4733,0.900,0.0000,0.0000,0.0000,,1
4734,0.899,0.8429,0.8292,0.0137,,1
4735,0.912,0.0000,0.0000,0.0000,,1
4736,0.881,0.0000,0.0000,0.0000,,1
4737,0.855,0.8299,0.8166,0.0132,,1
4738,0.863,0.0000,0.0000,0.0000,,1
4739,0.829,0.0000,0.0000,0.0000,,1
4740,0.864,0.8515,0.8429,0.0086,,1
4741,0.857,0.0000,0.0000,0.0000,,1
4742,0.846,0.0000,0.0000,0.0000,,1
4743,0.845,0.8593,0.8450,0.0143,,1
4744,0.852,0.0000,0.0000,0.0000,,1
4745,0.840,0.0000,0.0000,0.0000,,1
4746,0.859,0.8076,0.8034,0.0043,,1
4747,0.866,0.0000,0.0000,0.0000,,1
4748,0.872,0.0000,0.0000,0.0000,,1
4749,0.875,0.8356,0.8294,0.0062,,1
4750,0.879,0.0000,0.0000,0.0000,,1
4751,0.845,0.0000,0.0000,0.0000,,1
4752,0.850,0.8213,0.8197,0.0015,,1
4753,0.860,0.0000,0.0000,0.0000,,1
4754,0.857,0.0000,0.0000,0.0000,,1
4755,0.862,0.8318,0.8231,0.0087,,1
4756,0.853,0.0000,0.0000,0.0000,,1
4757,0.852,0.0000,0.0000,0.0000,,1
4758,0.856,0.8078,0.8055,0.0023,,1
4759,0.848,0.0000,0.0000,0.0000,,1
4760,0.862,0.0000,0.0000,0.0000,,1
4761,0.862,0.8215,0.8157,0.0058,,1
4762,0.849,0.0000,0.0000,0.0000,,1
4763,0.848,0.0000,0.0000,0.0000,,1
4764,0.838,0.8219,0.8170,0.0049,,1
4765,0.853,0.0000,0.0000,0.0000,,1
4766,0.854,0.0000,0.0000,0.0000,,1
4767,0.858,0.8263,0.8212,0.0051,,1
4768,0.859,0.0000,0.0000,0.0000,,1
4769,0.846,0.0000,0.0000,0.0000,,1
4770,0.855,0.8144,0.8123,0.0021,,1
4771,0.856,0.0000,0.0000,0.0000,,1
4772,0.857,0.0000,0.0000,0.0000,,1
4773,0.848,0.8056,0.8046,0.0010,,1
4774,0.842,0.0000,0.0000,0.0000,,1
4775,0.847,0.0000,0.0000,0.0000,,1
4776,0.848,0.8277,0.8210,0.0067,,1
4777,0.853,0.0000,0.0000,0.0000,,1
4778,0.863,0.0000,0.0000,0.0000,,1
4779,0.858,0.8256,0.8189,0.0066,,1
4780,0.853,0.0000,0.0000,0.0000,,1
4781,0.858,0.0000,0.0000,0.0000,,1
4782,0.859,0.8274,0.8190,0.0084,,1
4783,0.848,0.0000,0.0000,0.0000,,1
4784,0.855,0.0000,0.0000,0.0000,,1
4785,0.846,0.8254,0.8215,0.0039,,1
4786,0.838,0.0000,0.0000,0.0000,,1
4787,0.849,0.0000,0.0000,0.0000,,1
4788,0.851,0.8247,0.8163,0.0084,,1
4789,0.848,0.0000,0.0000,0.0000,,1
4790,0.855,0.0000,0.0000,0.0000,,1
4791,0.877,0.8270,0.8227,0.0043,,1
4792,0.876,0.0000,0.0000,0.0000,,1
4793,0.899,0.0000,0.0000,0.0000,,1
4794,0.842,0.8090,0.8033,0.0058,,1
4828,0.517,0.0000,0.0000,0.0000,,1
4834,0.629,0.0000,0.0000,0.0000,,1
4835,0.558,0.0000,0.0000,0.0000,,1
4836,0.539,0.7907,0.7890,0.0017,,1
4859,0.666,0.0000,0.0000,0.0000,,1
4860,0.604,0.8648,0.8402,0.0246,,1
4861,0.601,0.0000,0.0000,0.0000,,1
4862,0.553,0.0000,0.0000,0.0000,,1
4863,0.552,0.8674,0.8309,0.0365,,1
4864,0.518,0.0000,0.0000,0.0000,,1
4865,0.563,0.0000,0.0000,0.0000,,1
4866,0.577,0.8714,0.8386,0.0328,,1
4867,0.598,0.0000,0.0000,0.0000,,1
4868,0.570,0.0000,0.0000,0.0000,,1
4872,0.539,0.8697,0.8334,0.0363,,1
4873,0.538,0.0000,0.0000,0.0000,,1
4874,0.595,0.0000,0.0000,0.0000,,1
4875,0.533,0.8462,0.8174,0.0288,,1
4876,0.509,0.0000,0.0000,0.0000,,1
4877,0.509,0.0000,0.0000,0.0000,,1
4878,0.540,0.8529,0.8162,0.0367,,1
4879,0.546,0.0000,0.0000,0.0000,,1
4880,0.516,0.0000,0.0000,0.0000,,1
4881,0.509,0.8732,0.8347,0.0385,,1
4882,0.505,0.0000,0.0000,0.0000,,1
4883,0.583,0.0000,0.0000,0.0000,,1
4884,0.542,0.8620,0.8298,0.0322,,1
4885,0.541,0.0000,0.0000,0.0000,,1
4889,0.512,0.0000,0.0000,0.0000,,1
4891,0.519,0.0000,0.0000,0.0000,,1
4892,0.526,0.0000,0.0000,0.0000,,1
4893,0.555,0.8746,0.8349,0.0397,,1
4894,0.546,0.0000,0.0000,0.0000,,1
4895,0.517,0.0000,0.0000,0.0000,,1
4896,0.545,0.8801,0.8434,0.0367,,1
4897,0.527,0.0000,0.0000,0.0000,,1
4899,0.502,0.8622,0.8332,0.0290,,1
4900,0.515,0.0000,0.0000,0.0000,,1
4901,0.562,0.0000,0.0000,0.0000,,1
4902,0.562,0.8731,0.8397,0.0334,,1
4903,0.531,0.0000,0.0000,0.0000,,1
4904,0.527,0.0000,0.0000,0.0000,,1
4905,0.562,0.8843,0.8469,0.0373,,1
4906,0.572,0.0000,0.0000,0.0000,,1
4907,0.552,0.0000,0.0000,0.0000,,1
4908,0.538,0.8762,0.8434,0.0327,,1
4909,0.564,0.0000,0.0000,0.0000,,1
4910,0.549,0.0000,0.0000,0.0000,,1
4911,0.520,0.8752,0.8360,0.0392,,1
4912,0.530,0.0000,0.0000,0.0000,,1
4913,0.550,0.0000,0.0000,0.0000,,1
4914,0.548,0.8587,0.8301,0.0287,,1
4915,0.505,0.0000,0.0000,0.0000,,1
4918,0.520,0.0000,0.0000,0.0000,,1
4920,0.509,0.8736,0.8409,0.0327,,1
4921,0.528,0.0000,0.0000,0.0000,,1
4922,0.533,0.0000,0.0000,0.0000,,1
4923,0.505,0.8836,0.8475,0.0361,,1
4925,0.504,0.0000,0.0000,0.0000,,1
4927,0.550,0.0000,0.0000,0.0000,,1
4928,0.538,0.0000,0.0000,0.0000,,1
4929,0.534,0.8671,0.8392,0.0280,,1
4930,0.551,0.0000,0.0000,0.0000,,1
4931,0.537,0.0000,0.0000,0.0000,,1
4932,0.532,0.8762,0.8391,0.0371,,1
4933,0.542,0.0000,0.0000,0.0000,,1
4934,0.508,0.0000,0.0000,0.0000,,1
4935,0.526,0.8823,0.8417,0.0405,,1
4936,0.555,0.0000,0.0000,0.0000,,1
4937,0.528,0.0000,0.0000,0.0000,,1
4940,0.529,0.0000,0.0000,0.0000,,1
4943,0.522,0.0000,0.0000,0.0000,,1
4944,0.559,0.8635,0.8298,0.0337,,1
4946,0.518,0.0000,0.0000,0.0000,,1
4947,0.533,0.8684,0.8371,0.0313,,1
4948,0.534,0.0000,0.0000,0.0000,,1
4949,0.543,0.0000,0.0000,0.0000,,1
4950,0.549,0.8672,0.8355,0.0317,,1
4951,0.501,0.0000,0.0000,0.0000,,1
4953,0.559,0.8812,0.8428,0.0384,,1
4954,0.533,0.0000,0.0000,0.0000,,1
4955,0.562,0.0000,0.0000,0.0000,,1
4956,0.525,0.8806,0.8472,0.0334,,1
4957,0.527,0.0000,0.0000,0.0000,,1
4958,0.548,0.0000,0.0000,0.0000,,1
4959,0.540,0.8703,0.8366,0.0337,,1
4960,0.548,0.0000,0.0000,0.0000,,1
4961,0.526,0.0000,0.0000,0.0000,,1
4962,0.534,0.8806,0.8448,0.0359,,1
4963,0.508,0.0000,0.0000,0.0000,,1
4964,0.575,0.0000,0.0000,0.0000,,1
4965,0.578,0.8710,0.8402,0.0307,,1
4966,0.570,0.0000,0.0000,0.0000,,1
4967,0.541,0.0000,0.0000,0.0000,,1
4968,0.538,0.8692,0.8364,0.0328,,1
4969,0.556,0.0000,0.0000,0.0000,,1
4970,0.559,0.0000,0.0000,0.0000,,1
4971,0.574,0.8681,0.8403,0.0278,,1
4972,0.625,0.0000,0.0000,0.0000,,1
4973,0.556,0.0000,0.0000,0.0000,,1
4974,0.536,0.8632,0.8331,0.0301,,1
4975,0.548,0.0000,0.0000,0.0000,,1
4976,0.533,0.0000,0.0000,0.0000,,1
4977,0.528,0.8800,0.8396,0.0404,,1
4978,0.560,0.0000,0.0000,0.0000,,1
4979,0.570,0.0000,0.0000,0.0000,,1
4980,0.513,0.8586,0.8215,0.0371,,1
4981,0.538,0.0000,0.0000,0.0000,,1
4982,0.546,0.0000,0.0000,0.0000,,1
4983,0.524,0.8691,0.8325,0.0366,,1
4985,0.566,0.0000,0.0000,0.0000,,1
4986,0.584,0.8696,0.8309,0.0387,,1
4987,0.574,0.0000,0.0000,0.0000,,1
4988,0.546,0.0000,0.0000,0.0000,,1
4989,0.549,0.8592,0.8285,0.0307,,1
4990,0.552,0.0000,0.0000,0.0000,,1
4991,0.520,0.0000,0.0000,0.0000,,1
4994,0.552,0.0000,0.0000,0.0000,,1
4995,0.717,0.8607,0.8210,0.0396,,1
4996,0.620,0.0000,0.0000,0.0000,,1
4997,0.535,0.0000,0.0000,0.0000,,1
5010,0.616,0.8730,0.8342,0.0388,,1
5011,0.511,0.0000,0.0000,0.0000,,1
5013,0.543,0.8612,0.8483,0.0129,,1
5014,0.868,0.0000,0.0000,0.0000,,1
5015,0.986,0.0000,0.0000,0.0000,,1
5016,0.994,0.9062,0.8610,0.0452,,1
5017,0.995,0.0000,0.0000,0.0000,,1
5018,0.993,0.0000,0.0000,0.0000,,1
5019,0.986,0.8879,0.8493,0.0385,,1
5020,0.986,0.0000,0.0000,0.0000,,1
5021,0.989,0.0000,0.0000,0.0000,,1
5022,0.983,0.8829,0.8445,0.0384,,1
5023,0.965,0.0000,0.0000,0.0000,,1
5024,0.963,0.0000,0.0000,0.0000,,1
5025,0.952,0.8962,0.8550,0.0412,,1
5026,0.979,0.0000,0.0000,0.0000,,1
5027,0.982,0.0000,0.0000,0.0000,,1
5028,0.991,0.8868,0.8513,0.0355,,1
5029,0.990,0.0000,0.0000,0.0000,,1
5030,0.987,0.0000,0.0000,0.0000,,1
5031,0.981,0.9013,0.8587,0.0426,,1
5032,0.980,0.0000,0.0000,0.0000,,1
5033,0.981,0.0000,0.0000,0.0000,,1
5034,0.979,0.8933,0.8500,0.0433,,1
5035,0.979,0.0000,0.0000,0.0000,,1
5036,0.977,0.0000,0.0000,0.0000,,1
5037,0.988,0.8967,0.8521,0.0446,,1
5038,0.986,0.0000,0.0000,0.0000,,1
5039,0.989,0.0000,0.0000,0.0000,,1
5040,0.988,0.8855,0.8358,0.0496,,1
5041,0.991,0.0000,0.0000,0.0000,,1
5042,0.993,0.0000,0.0000,0.0000,,1
5043,0.993,0.8814,0.8326,0.0488,,1
5044,0.993,0.0000,0.0000,0.0000,,1
5045,0.993,0.0000,0.0000,0.0000,,1
5046,0.992,0.8764,0.8265,0.0499,,1
5047,0.992,0.0000,0.0000,0.0000,,1
5048,0.990,0.0000,0.0000,0.0000,,1
5049,0.992,0.8891,0.8353,0.0537,adidas_ozelia_cream_blue,0
5050,0.986,0.0000,0.0000,0.0000,adidas_ozelia_cream_blue,0
5051,0.982,0.0000,0.0000,0.0000,adidas_ozelia_cream_blue,0
5052,0.982,0.8786,0.8208,0.0578,adidas_ozelia_cream_blue,0
5053,0.983,0.0000,0.0000,0.0000,adidas_ozelia_cream_blue,0
5054,0.976,0.0000,0.0000,0.0000,adidas_ozelia_cream_blue,0
5055,0.955,0.8811,0.8264,0.0546,adidas_ozelia_cream_blue,0
5056,0.972,0.0000,0.0000,0.0000,adidas_ozelia_cream_blue,0
5057,0.959,0.0000,0.0000,0.0000,adidas_ozelia_cream_blue,0
5058,0.966,0.8842,0.8328,0.0514,adidas_ozelia_cream_blue,0
5059,0.963,0.0000,0.0000,0.0000,adidas_ozelia_cream_blue,0
5060,0.978,0.0000,0.0000,0.0000,adidas_ozelia_cream_blue,0
5061,0.982,0.8772,0.8345,0.0427,adidas_ozelia_cream_blue,0
5062,0.984,0.0000,0.0000,0.0000,adidas_ozelia_cream_blue,0
5063,0.993,0.0000,0.0000,0.0000,adidas_ozelia_cream_blue,0
5064,0.994,0.8710,0.8272,0.0438,adidas_ozelia_cream_blue,0
5065,0.994,0.0000,0.0000,0.0000,adidas_ozelia_cream_blue,0
5066,0.994,0.0000,0.0000,0.0000,,1
5067,0.994,0.8868,0.8389,0.0479,,1
5068,0.991,0.0000,0.0000,0.0000,,1
5069,0.989,0.0000,0.0000,0.0000,,1
5070,0.991,0.8975,0.8454,0.0521,adidas_ozelia_cream_blue,0
5071,0.990,0.0000,0.0000,0.0000,adidas_ozelia_cream_blue,0
5072,0.986,0.0000,0.0000,0.0000,adidas_ozelia_cream_blue,0
5073,0.990,0.8817,0.8299,0.0518,adidas_ozelia_cream_blue,0
5074,0.990,0.0000,0.0000,0.0000,adidas_ozelia_cream_blue,0
5075,0.989,0.0000,0.0000,0.0000,adidas_ozelia_cream_blue,0
5076,0.989,0.8624,0.8172,0.0453,adidas_ozelia_cream_blue,0
5077,0.989,0.0000,0.0000,0.0000,adidas_ozelia_cream_blue,0
5078,0.981,0.0000,0.0000,0.0000,adidas_ozelia_cream_blue,0
5079,0.979,0.8840,0.8360,0.0480,adidas_ozelia_cream_blue,0
5080,0.979,0.0000,0.0000,0.0000,adidas_ozelia_cream_blue,0
5081,0.987,0.0000,0.0000,0.0000,,1
5082,0.975,0.8752,0.8291,0.0461,,1
5083,0.972,0.0000,0.0000,0.0000,,1
5084,0.969,0.0000,0.0000,0.0000,,1
5085,0.968,0.8827,0.8262,0.0564,adidas_ozelia_cream_blue,0
5086,0.968,0.0000,0.0000,0.0000,adidas_ozelia_cream_blue,0
5087,0.972,0.0000,0.0000,0.0000,adidas_ozelia_cream_blue,0
5088,0.976,0.8728,0.8193,0.0535,nike_blazer_mid77_darkblue,0
5089,0.965,0.0000,0.0000,0.0000,nike_blazer_mid77_darkblue,0
5090,0.969,0.0000,0.0000,0.0000,nike_blazer_mid77_darkblue,0
5091,0.973,0.8906,0.8365,0.0542,nike_blazer_mid77_darkblue,0
5092,0.972,0.0000,0.0000,0.0000,nike_blazer_mid77_darkblue,0
5093,0.969,0.0000,0.0000,0.0000,nike_blazer_mid77_darkblue,0
5094,0.972,0.8808,0.8326,0.0481,nike_blazer_mid77_darkblue,0
5095,0.967,0.0000,0.0000,0.0000,nike_blazer_mid77_darkblue,0
5096,0.970,0.0000,0.0000,0.0000,nike_blazer_mid77_darkblue,0
5097,0.968,0.8814,0.8351,0.0463,nike_blazer_mid77_darkblue,0
5098,0.964,0.0000,0.0000,0.0000,nike_blazer_mid77_darkblue,0
5099,0.960,0.0000,0.0000,0.0000,,1
5100,0.965,0.8806,0.8361,0.0445,,1
5101,0.963,0.0000,0.0000,0.0000,,1
5102,0.980,0.0000,0.0000,0.0000,,1
5103,0.978,0.8822,0.8278,0.0545,nike_blazer_mid77_darkblue,0
5104,0.981,0.0000,0.0000,0.0000,nike_blazer_mid77_darkblue,0
5105,0.945,0.0000,0.0000,0.0000,nike_blazer_mid77_darkblue,0
5106,0.934,0.8798,0.8314,0.0483,nike_blazer_mid77_darkblue,0
5107,0.968,0.0000,0.0000,0.0000,nike_blazer_mid77_darkblue,0
5108,0.968,0.0000,0.0000,0.0000,nike_blazer_mid77_darkblue,0
5109,0.965,0.8911,0.8459,0.0452,nike_blazer_mid77_darkblue,0
5110,0.940,0.0000,0.0000,0.0000,nike_blazer_mid77_darkblue,0
5111,0.946,0.0000,0.0000,0.0000,,1
5112,0.945,0.8930,0.8397,0.0533,nike_blazer_mid77_darkblue,0
5113,0.929,0.0000,0.0000,0.0000,nike_blazer_mid77_darkblue,0
5114,0.936,0.0000,0.0000,0.0000,nike_blazer_mid77_darkblue,0
5115,0.970,0.8957,0.8418,0.0539,nike_blazer_mid77_darkblue,0
5116,0.964,0.0000,0.0000,0.0000,nike_blazer_mid77_darkblue,0
5117,0.982,0.0000,0.0000,0.0000,nike_blazer_mid77_darkblue,0
5118,0.978,0.8795,0.8291,0.0504,nike_blazer_mid77_darkblue,0
5119,0.962,0.0000,0.0000,0.0000,nike_blazer_mid77_darkblue,0
5120,0.966,0.0000,0.0000,0.0000,nike_blazer_mid77_darkblue,0
5121,0.978,0.8889,0.8371,0.0519,nike_blazer_mid77_darkblue,0
5122,0.982,0.0000,0.0000,0.0000,nike_blazer_mid77_darkblue,0
5123,0.992,0.0000,0.0000,0.0000,nike_blazer_mid77_darkblue,0
5124,0.986,0.8885,0.8341,0.0544,nike_blazer_mid77_darkblue,0
5125,0.983,0.0000,0.0000,0.0000,nike_blazer_mid77_darkblue,0
5126,0.977,0.0000,0.0000,0.0000,nike_blazer_mid77_darkblue,0
5127,0.979,0.8789,0.8309,0.0481,nike_blazer_mid77_darkblue,0
5128,0.987,0.0000,0.0000,0.0000,nike_blazer_mid77_darkblue,0
5129,0.982,0.0000,0.0000,0.0000,nike_blazer_mid77_darkblue,0
5130,0.979,0.8913,0.8306,0.0607,nike_blazer_mid77_darkblue,0
5131,0.975,0.0000,0.0000,0.0000,nike_blazer_mid77_darkblue,0
5132,0.981,0.0000,0.0000,0.0000,nike_blazer_mid77_darkblue,0
5133,0.982,0.8886,0.8338,0.0549,nike_blazer_mid77_darkblue,0
5134,0.981,0.0000,0.0000,0.0000,nike_blazer_mid77_darkblue,0
5135,0.975,0.0000,0.0000,0.0000,nike_blazer_mid77_darkblue,0
5136,0.973,0.8911,0.8351,0.0560,nike_blazer_mid77_darkblue,0
5137,0.989,0.0000,0.0000,0.0000,nike_blazer_mid77_darkblue,0
5138,0.994,0.0000,0.0000,0.0000,nike_blazer_mid77_darkblue,0
5139,0.993,0.8748,0.8224,0.0523,nike_blazer_mid77_darkblue,0
5140,0.992,0.0000,0.0000,0.0000,nike_blazer_mid77_darkblue,0
5141,0.995,0.0000,0.0000,0.0000,nike_blazer_mid77_darkblue,0
5142,0.994,0.8840,0.8299,0.0542,nike_blazer_mid77_darkblue,0
5143,0.996,0.0000,0.0000,0.0000,nike_blazer_mid77_darkblue,0
5144,0.994,0.0000,0.0000,0.0000,nike_blazer_mid77_darkblue,0
5145,0.993,0.8833,0.8271,0.0562,nike_blazer_mid77_darkblue,0
5146,0.993,0.0000,0.0000,0.0000,nike_blazer_mid77_darkblue,0
5147,0.991,0.0000,0.0000,0.0000,nike_blazer_mid77_darkblue,0
5148,0.987,0.8930,0.8352,0.0577,nike_blazer_mid77_darkblue,0
5149,0.990,0.0000,0.0000,0.0000,nike_blazer_mid77_darkblue,0
5150,0.986,0.0000,0.0000,0.0000,nike_blazer_mid77_darkblue,0
5151,0.992,0.8811,0.8214,0.0598,nike_blazer_mid77_darkblue,0
5152,0.997,0.0000,0.0000,0.0000,nike_blazer_mid77_darkblue,0
5153,0.995,0.0000,0.0000,0.0000,nike_blazer_mid77_darkblue,0
5154,0.995,0.8929,0.8380,0.0549,nike_blazer_mid77_darkblue,0
5155,0.995,0.0000,0.0000,0.0000,nike_blazer_mid77_darkblue,0
5156,0.994,0.0000,0.0000,0.0000,nike_blazer_mid77_darkblue,0
5157,0.994,0.8788,0.8161,0.0628,nike_blazer_mid77_darkblue,0
5158,0.992,0.0000,0.0000,0.0000,nike_blazer_mid77_darkblue,0
5159,0.988,0.0000,0.0000,0.0000,nike_blazer_mid77_darkblue,0
5160,0.990,0.8893,0.8313,0.0581,nike_blazer_mid77_darkblue,0
5161,0.990,0.0000,0.0000,0.0000,nike_blazer_mid77_darkblue,0
5162,0.986,0.0000,0.0000,0.0000,nike_blazer_mid77_darkblue,0
5163,0.986,0.8949,0.8322,0.0627,nike_blazer_mid77_darkblue,0
5164,0.991,0.0000,0.0000,0.0000,nike_blazer_mid77_darkblue,0
5165,0.988,0.0000,0.0000,0.0000,nike_blazer_mid77_darkblue,0
5166,0.988,0.8819,0.8180,0.0639,nike_blazer_mid77_darkblue,0
5167,0.986,0.0000,0.0000,0.0000,nike_blazer_mid77_darkblue,0
5168,0.994,0.0000,0.0000,0.0000,nike_blazer_mid77_darkblue,0
5169,0.994,0.8931,0.8305,0.0626,nike_blazer_mid77_darkblue,0
5170,0.993,0.0000,0.0000,0.0000,nike_blazer_mid77_darkblue,0
5171,0.988,0.0000,0.0000,0.0000,nike_blazer_mid77_darkblue,0
5172,0.987,0.8799,0.8151,0.0648,nike_blazer_mid77_darkblue,0
5173,0.986,0.0000,0.0000,0.0000,nike_blazer_mid77_darkblue,0
5174,0.944,0.0000,0.0000,0.0000,nike_blazer_mid77_darkblue,0
5175,0.948,0.8783,0.8194,0.0589,nike_blazer_mid77_darkblue,0
5176,0.946,0.0000,0.0000,0.0000,nike_blazer_mid77_darkblue,0
5177,0.983,0.0000,0.0000,0.0000,nike_blazer_mid77_darkblue,0
5178,0.988,0.8799,0.8212,0.0588,nike_blazer_mid77_darkblue,0
5179,0.986,0.0000,0.0000,0.0000,nike_blazer_mid77_darkblue,0
5180,0.983,0.0000,0.0000,0.0000,nike_blazer_mid77_darkblue,0
5181,0.981,0.8697,0.8163,0.0535,nike_blazer_mid77_darkblue,0
5182,0.968,0.0000,0.0000,0.0000,nike_blazer_mid77_darkblue,0
5183,0.933,0.0000,0.0000,0.0000,nike_blazer_mid77_darkblue,0
5184,0.969,0.8529,0.8224,0.0305,nike_blazer_mid77_darkblue,0
5185,0.964,0.0000,0.0000,0.0000,nike_blazer_mid77_darkblue,0
5186,0.880,0.0000,0.0000,0.0000,nike_blazer_mid77_darkblue,0
5187,0.864,0.8752,0.8389,0.0363,nike_blazer_mid77_darkblue,0
5188,0.889,0.0000,0.0000,0.0000,nike_blazer_mid77_darkblue,0
5188,0.528,0.0000,0.0000,0.0000,,1
5189,0.919,0.0000,0.0000,0.0000,,1
5189,0.581,0.0000,0.0000,0.0000,,1
5190,0.885,0.8754,0.8293,0.0461,,1
5190,0.644,0.8483,0.8262,0.0222,,1
5191,0.927,0.0000,0.0000,0.0000,,1
5191,0.533,0.0000,0.0000,0.0000,,1
5192,0.907,0.0000,0.0000,0.0000,,1
5193,0.881,0.8811,0.8380,0.0431,,1
5194,0.825,0.0000,0.0000,0.0000,,1
5195,0.859,0.0000,0.0000,0.0000,,1
5196,0.943,0.8600,0.8210,0.0390,,1
5197,0.923,0.0000,0.0000,0.0000,,1
5198,0.945,0.0000,0.0000,0.0000,,1
5199,0.902,0.8812,0.8415,0.0397,,1
5199,0.504,0.8437,0.8211,0.0226,,1
5200,0.899,0.0000,0.0000,0.0000,,1
5201,0.928,0.0000,0.0000,0.0000,,1
5202,0.884,0.8810,0.8413,0.0397,,1
5203,0.862,0.0000,0.0000,0.0000,,1
5204,0.796,0.0000,0.0000,0.0000,,1
5205,0.796,0.8934,0.8459,0.0475,,1
5206,0.782,0.0000,0.0000,0.0000,,1
5206,0.544,0.0000,0.0000,0.0000,,1
5207,0.805,0.0000,0.0000,0.0000,,1
5207,0.551,0.0000,0.0000,0.0000,,1
5208,0.894,0.8844,0.8472,0.0372,,1
5209,0.860,0.0000,0.0000,0.0000,,1
5209,0.510,0.0000,0.0000,0.0000,,1
5210,0.744,0.0000,0.0000,0.0000,,1
5211,0.921,0.8777,0.8270,0.0506,nike_blazer_mid77_darkblue,0
5212,0.925,0.0000,0.0000,0.0000,nike_blazer_mid77_darkblue,0
5213,0.854,0.0000,0.0000,0.0000,nike_blazer_mid77_darkblue,0
5214,0.716,0.8480,0.8092,0.0388,nike_blazer_mid77_darkblue,0
5215,0.769,0.0000,0.0000,0.0000,nike_blazer_mid77_darkblue,0
5216,0.671,0.0000,0.0000,0.0000,nike_blazer_mid77_darkblue,0
5217,0.829,0.8199,0.7880,0.0318,nike_blazer_mid77_darkblue,0
5218,0.834,0.0000,0.0000,0.0000,nike_blazer_mid77_darkblue,0
5219,0.891,0.0000,0.0000,0.0000,,1
5220,0.874,0.8641,0.8254,0.0388,,1
5221,0.672,0.0000,0.0000,0.0000,,1
5222,0.923,0.0000,0.0000,0.0000,,1
5223,0.944,0.8344,0.8134,0.0210,,1
5224,0.924,0.0000,0.0000,0.0000,,1
5225,0.903,0.0000,0.0000,0.0000,,1
5226,0.913,0.8695,0.8207,0.0489,,1
5227,0.915,0.0000,0.0000,0.0000,,1
5228,0.850,0.0000,0.0000,0.0000,,1
5229,0.779,0.8457,0.8131,0.0326,,1
5230,0.769,0.0000,0.0000,0.0000,,1
5231,0.693,0.0000,0.0000,0.0000,,1
5232,0.654,0.8410,0.8234,0.0177,,1
5233,0.780,0.0000,0.0000,0.0000,,1
5234,0.750,0.0000,0.0000,0.0000,,1
5235,0.799,0.8593,0.8276,0.0318,,1
5236,0.825,0.0000,0.0000,0.0000,,1
5237,0.755,0.0000,0.0000,0.0000,,1
5238,0.728,0.8394,0.8143,0.0250,,1
5239,0.739,0.0000,0.0000,0.0000,,1
5240,0.767,0.0000,0.0000,0.0000,,1
5241,0.766,0.8623,0.8071,0.0552,nike_blazer_mid77_darkblue,0
5242,0.740,0.0000,0.0000,0.0000,nike_blazer_mid77_darkblue,0
5243,0.701,0.0000,0.0000,0.0000,nike_blazer_mid77_darkblue,0
5244,0.743,0.8704,0.8020,0.0684,nike_blazer_mid77_darkblue,0
5245,0.763,0.0000,0.0000,0.0000,nike_blazer_mid77_darkblue,0
5246,0.750,0.0000,0.0000,0.0000,nike_blazer_mid77_darkblue,0
5247,0.709,0.8698,0.8136,0.0562,nike_blazer_mid77_darkblue,0
5248,0.711,0.0000,0.0000,0.0000,nike_blazer_mid77_darkblue,0
5249,0.765,0.0000,0.0000,0.0000,nike_blazer_mid77_darkblue,0
5250,0.798,0.8415,0.8055,0.0360,nike_blazer_mid77_darkblue,0
5251,0.773,0.0000,0.0000,0.0000,nike_blazer_mid77_darkblue,0
5252,0.818,0.0000,0.0000,0.0000,nike_blazer_mid77_darkblue,0
5253,0.760,0.8563,0.8110,0.0453,nike_blazer_mid77_darkblue,0
5254,0.759,0.0000,0.0000,0.0000,nike_blazer_mid77_darkblue,0
5255,0.697,0.0000,0.0000,0.0000,,1
5256,0.735,0.8335,0.7999,0.0336,,1
5257,0.779,0.0000,0.0000,0.0000,,1
5258,0.883,0.0000,0.0000,0.0000,,1
5259,0.873,0.8628,0.8376,0.0252,,1
5260,0.879,0.0000,0.0000,0.0000,,1
5261,0.912,0.0000,0.0000,0.0000,,1
5262,0.894,0.8820,0.8411,0.0409,,1
5263,0.862,0.0000,0.0000,0.0000,,1
5264,0.872,0.0000,0.0000,0.0000,,1
5265,0.862,0.8722,0.8321,0.0401,,1
5266,0.867,0.0000,0.0000,0.0000,,1
5267,0.848,0.0000,0.0000,0.0000,,1
5268,0.859,0.8578,0.8208,0.0370,,1
5269,0.862,0.0000,0.0000,0.0000,,1
5270,0.862,0.0000,0.0000,0.0000,,1
5271,0.873,0.9025,0.8425,0.0600,nike_blazer_mid77_darkblue,0
5272,0.878,0.0000,0.0000,0.0000,nike_blazer_mid77_darkblue,0
5273,0.866,0.0000,0.0000,0.0000,nike_blazer_mid77_darkblue,0
5274,0.865,0.8720,0.8307,0.0413,nike_blazer_mid77_darkblue,0
5275,0.847,0.0000,0.0000,0.0000,nike_blazer_mid77_darkblue,0
5276,0.868,0.0000,0.0000,0.0000,nike_blazer_mid77_darkblue,0
5277,0.871,0.8767,0.8288,0.0480,nike_blazer_mid77_darkblue,0
5278,0.861,0.0000,0.0000,0.0000,nike_blazer_mid77_darkblue,0
5279,0.859,0.0000,0.0000,0.0000,,1
5280,0.847,0.8559,0.8249,0.0310,,1
5281,0.826,0.0000,0.0000,0.0000,,1
5282,0.855,0.0000,0.0000,0.0000,,1
5283,0.882,0.8847,0.8381,0.0466,,1
5284,0.880,0.0000,0.0000,0.0000,,1
5285,0.887,0.0000,0.0000,0.0000,,1
5286,0.878,0.8775,0.8373,0.0401,,1
5287,0.864,0.0000,0.0000,0.0000,,1
5288,0.879,0.0000,0.0000,0.0000,,1
5289,0.870,0.8928,0.8409,0.0519,nike_blazer_mid77_darkblue,0
5290,0.862,0.0000,0.0000,0.0000,nike_blazer_mid77_darkblue,0
5291,0.865,0.0000,0.0000,0.0000,nike_blazer_mid77_darkblue,0
5292,0.867,0.8570,0.8204,0.0366,nike_blazer_mid77_darkblue,0
5293,0.873,0.0000,0.0000,0.0000,nike_blazer_mid77_darkblue,0
5294,0.878,0.0000,0.0000,0.0000,nike_blazer_mid77_darkblue,0
5295,0.867,0.8858,0.8447,0.0411,nike_blazer_mid77_darkblue,0
5296,0.858,0.0000,0.0000,0.0000,nike_blazer_mid77_darkblue,0
5297,0.869,0.0000,0.0000,0.0000,,1
5298,0.874,0.8519,0.8144,0.0375,,1
5299,0.869,0.0000,0.0000,0.0000,,1
5300,0.877,0.0000,0.0000,0.0000,,1
5301,0.876,0.8470,0.7996,0.0474,,1
5302,0.871,0.0000,0.0000,0.0000,,1
5303,0.874,0.0000,0.0000,0.0000,,1
5304,0.873,0.8383,0.7951,0.0432,,1
5305,0.874,0.0000,0.0000,0.0000,,1
5306,0.878,0.0000,0.0000,0.0000,,1
5307,0.876,0.8814,0.8380,0.0434,,1
5308,0.878,0.0000,0.0000,0.0000,,1
5309,0.874,0.0000,0.0000,0.0000,,1
5310,0.882,0.8891,0.8385,0.0506,nike_blazer_mid77_darkblue,0
5311,0.885,0.0000,0.0000,0.0000,nike_blazer_mid77_darkblue,0
5312,0.876,0.0000,0.0000,0.0000,nike_blazer_mid77_darkblue,0
5313,0.882,0.8815,0.8424,0.0391,nike_blazer_mid77_darkblue,0
5314,0.876,0.0000,0.0000,0.0000,nike_blazer_mid77_darkblue,0
5315,0.866,0.0000,0.0000,0.0000,nike_blazer_mid77_darkblue,0
5316,0.874,0.8935,0.8405,0.0530,nike_blazer_mid77_darkblue,0
5317,0.871,0.0000,0.0000,0.0000,nike_blazer_mid77_darkblue,0
5318,0.874,0.0000,0.0000,0.0000,nike_blazer_mid77_darkblue,0
5319,0.872,0.8861,0.8423,0.0438,nike_blazer_mid77_darkblue,0
5320,0.883,0.0000,0.0000,0.0000,nike_blazer_mid77_darkblue,0
5321,0.873,0.0000,0.0000,0.0000,nike_blazer_mid77_darkblue,0
5322,0.871,0.8841,0.8364,0.0477,nike_blazer_mid77_darkblue,0
5323,0.883,0.0000,0.0000,0.0000,nike_blazer_mid77_darkblue,0
5324,0.885,0.0000,0.0000,0.0000,,1
5325,0.883,0.8759,0.8369,0.0390,,1
5326,0.892,0.0000,0.0000,0.0000,,1
5327,0.879,0.0000,0.0000,0.0000,,1
5328,0.873,0.8510,0.8176,0.0334,,1
5329,0.870,0.0000,0.0000,0.0000,,1
5330,0.882,0.0000,0.0000,0.0000,,1
5331,0.884,0.8762,0.8354,0.0408,,1
5332,0.884,0.0000,0.0000,0.0000,,1
5333,0.866,0.0000,0.0000,0.0000,,1
5334,0.876,0.8813,0.8414,0.0399,,1
5335,0.882,0.0000,0.0000,0.0000,,1
5336,0.876,0.0000,0.0000,0.0000,,1
5337,0.875,0.8765,0.8380,0.0385,,1
5338,0.883,0.0000,0.0000,0.0000,,1
5339,0.872,0.0000,0.0000,0.0000,,1
5340,0.874,0.8653,0.8288,0.0366,,1
5341,0.876,0.0000,0.0000,0.0000,,1
5342,0.874,0.0000,0.0000,0.0000,,1
5343,0.873,0.8722,0.8310,0.0412,,1
5344,0.881,0.0000,0.0000,0.0000,,1
5345,0.875,0.0000,0.0000,0.0000,,1
5346,0.875,0.8884,0.8432,0.0452,,1
5347,0.884,0.0000,0.0000,0.0000,,1
5348,0.869,0.0000,0.0000,0.0000,,1
5349,0.868,0.8954,0.8540,0.0414,,1
5350,0.869,0.0000,0.0000,0.0000,,1
5351,0.869,0.0000,0.0000,0.0000,,1
5352,0.873,0.8835,0.8416,0.0419,,1
5353,0.874,0.0000,0.0000,0.0000,,1
5354,0.875,0.0000,0.0000,0.0000,,1
5355,0.876,0.8874,0.8458,0.0416,,1
5356,0.872,0.0000,0.0000,0.0000,,1
5357,0.870,0.0000,0.0000,0.0000,,1
5358,0.882,0.8632,0.8253,0.0379,,1
5359,0.877,0.0000,0.0000,0.0000,,1
5360,0.883,0.0000,0.0000,0.0000,,1
5361,0.887,0.8882,0.8421,0.0462,,1
5362,0.882,0.0000,0.0000,0.0000,,1
5363,0.883,0.0000,0.0000,0.0000,,1
5364,0.873,0.8818,0.8410,0.0407,,1
5365,0.871,0.0000,0.0000,0.0000,,1
5366,0.891,0.0000,0.0000,0.0000,,1
5367,0.891,0.8197,0.8023,0.0174,,1
5368,0.873,0.0000,0.0000,0.0000,,1
5369,0.767,0.0000,0.0000,0.0000,,1
5370,0.605,0.8444,0.8127,0.0317,,1
5452,0.559,0.0000,0.0000,0.0000,,1
5454,0.543,0.7988,0.7620,0.0367,,1
5455,0.515,0.0000,0.0000,0.0000,,1
5456,0.861,0.0000,0.0000,0.0000,,1
5457,0.909,0.8194,0.7814,0.0380,,1
5458,0.942,0.0000,0.0000,0.0000,,1
5459,0.938,0.0000,0.0000,0.0000,,1
5460,0.927,0.8064,0.7741,0.0323,,1
5461,0.906,0.0000,0.0000,0.0000,,1
5462,0.895,0.0000,0.0000,0.0000,,1
5463,0.884,0.8149,0.7729,0.0420,,1
5464,0.871,0.0000,0.0000,0.0000,,1
5465,0.903,0.0000,0.0000,0.0000,,1
5466,0.917,0.8295,0.7878,0.0418,,1
5467,0.908,0.0000,0.0000,0.0000,,1
5468,0.903,0.0000,0.0000,0.0000,,1
5469,0.897,0.8258,0.7882,0.0375,,1
5470,0.892,0.0000,0.0000,0.0000,,1
5471,0.864,0.0000,0.0000,0.0000,,1
5472,0.867,0.8389,0.7960,0.0430,,1
5473,0.905,0.0000,0.0000,0.0000,,1
5474,0.911,0.0000,0.0000,0.0000,,1
5475,0.896,0.8320,0.8016,0.0304,,1
5476,0.902,0.0000,0.0000,0.0000,,1
5477,0.922,0.0000,0.0000,0.0000,,1
5478,0.907,0.8408,0.7974,0.0434,,1
5479,0.915,0.0000,0.0000,0.0000,,1
5480,0.896,0.0000,0.0000,0.0000,,1
5481,0.917,0.8273,0.7840,0.0434,,1
5482,0.897,0.0000,0.0000,0.0000,,1
5483,0.898,0.0000,0.0000,0.0000,,1
5484,0.891,0.8221,0.7866,0.0354,,1
5485,0.892,0.0000,0.0000,0.0000,,1
5486,0.893,0.0000,0.0000,0.0000,,1
5487,0.906,0.8239,0.7889,0.0350,,1
5488,0.911,0.0000,0.0000,0.0000,,1
5489,0.899,0.0000,0.0000,0.0000,,1
5490,0.903,0.8160,0.7818,0.0343,,1
5491,0.899,0.0000,0.0000,0.0000,,1
5492,0.906,0.0000,0.0000,0.0000,,1
5493,0.907,0.8175,0.7783,0.0392,,1
5494,0.922,0.0000,0.0000,0.0000,,1
5495,0.876,0.0000,0.0000,0.0000,,1
5496,0.889,0.8308,0.7951,0.0357,,1
5497,0.885,0.0000,0.0000,0.0000,,1
5498,0.893,0.0000,0.0000,0.0000,,1
5499,0.883,0.8345,0.7936,0.0409,,1
5500,0.893,0.0000,0.0000,0.0000,,1
5501,0.902,0.0000,0.0000,0.0000,,1
5502,0.907,0.8297,0.7910,0.0386,,1
5503,0.900,0.0000,0.0000,0.0000,,1
5504,0.886,0.0000,0.0000,0.0000,,1
5505,0.921,0.8246,0.7862,0.0384,,1
5506,0.914,0.0000,0.0000,0.0000,,1
5507,0.919,0.0000,0.0000,0.0000,,1
5508,0.915,0.8313,0.7906,0.0407,,1
5509,0.918,0.0000,0.0000,0.0000,,1
5510,0.913,0.0000,0.0000,0.0000,,1
5511,0.900,0.8252,0.7840,0.0412,,1
5512,0.920,0.0000,0.0000,0.0000,,1
5513,0.929,0.0000,0.0000,0.0000,,1
5514,0.935,0.8279,0.7848,0.0431,,1
5515,0.943,0.0000,0.0000,0.0000,,1
5516,0.926,0.0000,0.0000,0.0000,,1
5517,0.927,0.8247,0.7790,0.0456,,1
5518,0.940,0.0000,0.0000,0.0000,,1
5519,0.916,0.0000,0.0000,0.0000,,1
5520,0.924,0.8285,0.7891,0.0394,,1
5521,0.908,0.0000,0.0000,0.0000,,1
5522,0.921,0.0000,0.0000,0.0000,,1
5523,0.935,0.8408,0.7978,0.0430,,1
5524,0.914,0.0000,0.0000,0.0000,,1
5525,0.928,0.0000,0.0000,0.0000,,1
5526,0.929,0.8174,0.7749,0.0425,,1
5527,0.930,0.0000,0.0000,0.0000,,1
5528,0.936,0.0000,0.0000,0.0000,,1
5529,0.932,0.8414,0.7943,0.0471,,1
5530,0.941,0.0000,0.0000,0.0000,,1
5531,0.938,0.0000,0.0000,0.0000,,1
5532,0.934,0.8163,0.7717,0.0446,,1
5533,0.929,0.0000,0.0000,0.0000,,1
5534,0.934,0.0000,0.0000,0.0000,,1
5535,0.936,0.8341,0.7956,0.0385,,1
5536,0.938,0.0000,0.0000,0.0000,,1
5537,0.935,0.0000,0.0000,0.0000,,1
5538,0.927,0.8193,0.7806,0.0387,,1
5539,0.934,0.0000,0.0000,0.0000,,1
5540,0.934,0.0000,0.0000,0.0000,,1
5541,0.939,0.8139,0.7706,0.0433,,1
5542,0.940,0.0000,0.0000,0.0000,,1
5543,0.938,0.0000,0.0000,0.0000,,1
5544,0.943,0.8294,0.7860,0.0435,,1
5545,0.949,0.0000,0.0000,0.0000,,1
5546,0.944,0.0000,0.0000,0.0000,,1
5547,0.947,0.8269,0.7914,0.0355,,1
5548,0.937,0.0000,0.0000,0.0000,,1
5549,0.949,0.0000,0.0000,0.0000,,1
5550,0.941,0.8157,0.7767,0.0390,,1
5551,0.946,0.0000,0.0000,0.0000,,1
5552,0.943,0.0000,0.0000,0.0000,,1
5553,0.925,0.8231,0.7816,0.0415,,1
5554,0.925,0.0000,0.0000,0.0000,,1
5555,0.921,0.0000,0.0000,0.0000,,1
5556,0.937,0.8124,0.7694,0.0430,,1
5557,0.935,0.0000,0.0000,0.0000,,1
5558,0.934,0.0000,0.0000,0.0000,,1
5559,0.934,0.8408,0.7973,0.0435,,1
5560,0.946,0.0000,0.0000,0.0000,,1
5561,0.914,0.0000,0.0000,0.0000,,1
5562,0.907,0.8281,0.7904,0.0377,,1
5563,0.924,0.0000,0.0000,0.0000,,1
5564,0.928,0.0000,0.0000,0.0000,,1
5565,0.913,0.8242,0.7823,0.0419,,1
5566,0.923,0.0000,0.0000,0.0000,,1
5567,0.926,0.0000,0.0000,0.0000,,1
5568,0.922,0.8280,0.7891,0.0389,,1
5569,0.915,0.0000,0.0000,0.0000,,1
5570,0.919,0.0000,0.0000,0.0000,,1
5571,0.929,0.8262,0.7841,0.0421,,1
5572,0.922,0.0000,0.0000,0.0000,,1
5573,0.936,0.0000,0.0000,0.0000,,1
5574,0.932,0.8394,0.7955,0.0439,,1
5575,0.938,0.0000,0.0000,0.0000,,1
5576,0.925,0.0000,0.0000,0.0000,,1
5577,0.939,0.8346,0.7911,0.0435,,1
5578,0.950,0.0000,0.0000,0.0000,,1
5579,0.945,0.0000,0.0000,0.0000,,1
5580,0.932,0.8234,0.7863,0.0371,,1
5581,0.890,0.0000,0.0000,0.0000,,1
5582,0.616,0.0000,0.0000,0.0000,,1
5584,0.594,0.0000,0.0000,0.0000,,1
5585,0.593,0.0000,0.0000,0.0000,,1
5587,0.575,0.0000,0.0000,0.0000,,1
5588,0.501,0.0000,0.0000,0.0000,,1
5592,0.518,0.7860,0.7584,0.0276,,1
5593,0.526,0.0000,0.0000,0.0000,,1
5594,0.693,0.0000,0.0000,0.0000,,1
5595,0.651,0.8168,0.7924,0.0245,,1
5615,0.811,0.0000,0.0000,0.0000,,1
5616,0.766,0.8619,0.8143,0.0476,,1
5617,0.649,0.0000,0.0000,0.0000,,1
5617,0.547,0.0000,0.0000,0.0000,,1
5618,0.972,0.0000,0.0000,0.0000,,1
5619,0.994,0.8270,0.8008,0.0262,,1
5620,0.994,0.0000,0.0000,0.0000,,1
5621,0.985,0.0000,0.0000,0.0000,,1
5622,0.942,0.8340,0.8116,0.0224,,1
5623,0.971,0.0000,0.0000,0.0000,,1
5624,0.982,0.0000,0.0000,0.0000,,1
5625,0.963,0.8164,0.7782,0.0382,,1
5626,0.939,0.0000,0.0000,0.0000,,1
5627,0.848,0.0000,0.0000,0.0000,,1
5628,0.954,0.7888,0.7663,0.0225,,1
5629,0.943,0.0000,0.0000,0.0000,,1
5630,0.784,0.0000,0.0000,0.0000,,1
5630,0.711,0.0000,0.0000,0.0000,,1
5631,0.893,0.7984,0.7791,0.0193,,1
5632,0.829,0.0000,0.0000,0.0000,,1
5633,0.853,0.0000,0.0000,0.0000,,1
5633,0.582,0.0000,0.0000,0.0000,,1
5634,0.874,0.7863,0.7689,0.0174,,1
5635,0.783,0.0000,0.0000,0.0000,,1
5635,0.712,0.0000,0.0000,0.0000,,1
5636,0.866,0.0000,0.0000,0.0000,,1
5637,0.818,0.7688,0.7509,0.0179,,1
5638,0.787,0.0000,0.0000,0.0000,,1
5638,0.636,0.0000,0.0000,0.0000,,1
5639,0.826,0.0000,0.0000,0.0000,,1
5640,0.867,0.7890,0.7737,0.0153,,1
5641,0.876,0.0000,0.0000,0.0000,,1
5642,0.735,0.0000,0.0000,0.0000,,1
5642,0.733,0.0000,0.0000,0.0000,,1
5643,0.831,0.7845,0.7598,0.0247,,1
5644,0.868,0.0000,0.0000,0.0000,,1
5645,0.862,0.0000,0.0000,0.0000,,1
5646,0.917,0.7927,0.7667,0.0260,,1
5647,0.971,0.0000,0.0000,0.0000,,1
5648,0.959,0.0000,0.0000,0.0000,,1
5649,0.953,0.8102,0.7719,0.0383,,1
5650,0.952,0.0000,0.0000,0.0000,,1
5651,0.934,0.0000,0.0000,0.0000,,1
5652,0.905,0.8103,0.7683,0.0420,,1
5653,0.953,0.0000,0.0000,0.0000,,1
5654,0.931,0.0000,0.0000,0.0000,,1
5655,0.932,0.8036,0.7733,0.0303,,1
5656,0.872,0.0000,0.0000,0.0000,,1
5657,0.806,0.0000,0.0000,0.0000,,1
5658,0.774,0.7908,0.7616,0.0292,,1
5659,0.850,0.0000,0.0000,0.0000,,1
5660,0.779,0.0000,0.0000,0.0000,,1
5661,0.699,0.7903,0.7637,0.0266,,1
5661,0.658,0.7642,0.7242,0.0400,,1
5662,0.873,0.0000,0.0000,0.0000,,1
5663,0.874,0.0000,0.0000,0.0000,,1
5664,0.778,0.7778,0.7451,0.0326,,1
5664,0.593,0.7606,0.7304,0.0302,,1
5665,0.835,0.0000,0.0000,0.0000,,1
5666,0.839,0.0000,0.0000,0.0000,,1
5667,0.824,0.8088,0.7798,0.0291,,1
5668,0.803,0.0000,0.0000,0.0000,,1
5669,0.694,0.0000,0.0000,0.0000,,1
5669,0.662,0.0000,0.0000,0.0000,,1
5670,0.772,0.8002,0.7688,0.0314,,1
5670,0.530,0.7835,0.7405,0.0430,,1
5671,0.760,0.0000,0.0000,0.0000,,1
5671,0.554,0.0000,0.0000,0.0000,,1
5672,0.863,0.0000,0.0000,0.0000,,1
5673,0.814,0.8046,0.7807,0.0239,,1
5674,0.687,0.0000,0.0000,0.0000,,1
5674,0.638,0.0000,0.0000,0.0000,,1
5675,0.868,0.0000,0.0000,0.0000,,1
5676,0.785,0.8201,0.7858,0.0343,,1
5677,0.867,0.0000,0.0000,0.0000,,1
5678,0.975,0.0000,0.0000,0.0000,,1
5679,0.973,0.8372,0.7981,0.0391,,1
5680,0.966,0.0000,0.0000,0.0000,,1
5681,0.974,0.0000,0.0000,0.0000,,1
5682,0.983,0.8408,0.8116,0.0292,,1
5683,0.953,0.0000,0.0000,0.0000,,1
5684,0.975,0.0000,0.0000,0.0000,,1
5685,0.967,0.8053,0.7678,0.0375,,1
5686,0.940,0.0000,0.0000,0.0000,,1
5687,0.713,0.0000,0.0000,0.0000,,1
5687,0.647,0.0000,0.0000,0.0000,,1
5688,0.788,0.8257,0.8141,0.0116,,1
5689,0.898,0.0000,0.0000,0.0000,,1
5690,0.962,0.0000,0.0000,0.0000,,1
5691,0.984,0.8070,0.7840,0.0230,,1
5692,0.980,0.0000,0.0000,0.0000,,1
5693,0.855,0.0000,0.0000,0.0000,,1
5694,0.884,0.8096,0.7829,0.0268,,1
5695,0.835,0.0000,0.0000,0.0000,,1
5696,0.867,0.0000,0.0000,0.0000,,1
5697,0.952,0.8125,0.7741,0.0384,,1
5698,0.862,0.0000,0.0000,0.0000,,1
5699,0.826,0.0000,0.0000,0.0000,,1
5700,0.868,0.7940,0.7653,0.0287,,1
5701,0.983,0.0000,0.0000,0.0000,,1
5702,0.985,0.0000,0.0000,0.0000,,1
5703,0.980,0.7771,0.7662,0.0109,,1
5704,0.960,0.0000,0.0000,0.0000,,1
5705,0.952,0.0000,0.0000,0.0000,,1
5706,0.968,0.7526,0.7440,0.0086,,1
5707,0.968,0.0000,0.0000,0.0000,,1
5708,0.983,0.0000,0.0000,0.0000,,1
5709,0.983,0.7509,0.7491,0.0018,,1
5710,0.968,0.0000,0.0000,0.0000,,1
5711,0.969,0.0000,0.0000,0.0000,,1
5712,0.977,0.7399,0.7334,0.0066,,1
5713,0.974,0.0000,0.0000,0.0000,,1
5714,0.945,0.0000,0.0000,0.0000,,1
5715,0.950,0.7234,0.7170,0.0064,,1
5716,0.928,0.0000,0.0000,0.0000,,1
5717,0.919,0.0000,0.0000,0.0000,,1
5718,0.842,0.7952,0.7712,0.0239,,1
5719,0.749,0.0000,0.0000,0.0000,,1
5720,0.969,0.0000,0.0000,0.0000,,1
5721,0.968,0.8104,0.7784,0.0320,,1
5722,0.984,0.0000,0.0000,0.0000,,1
5723,0.784,0.0000,0.0000,0.0000,,1
5724,0.650,0.8274,0.8109,0.0165,,1
5725,0.797,0.0000,0.0000,0.0000,,1
5727,0.500,0.8229,0.8017,0.0212,,1
5729,0.518,0.0000,0.0000,0.0000,,1
5730,0.578,0.7933,0.7668,0.0266,,1
5732,0.872,0.0000,0.0000,0.0000,,1
5733,0.899,0.8577,0.8191,0.0386,,1
5734,0.884,0.0000,0.0000,0.0000,,1
5735,0.749,0.0000,0.0000,0.0000,,1
5735,0.641,0.0000,0.0000,0.0000,,1
5736,0.824,0.8198,0.7870,0.0328,,1
5736,0.511,0.7990,0.7708,0.0282,,1
5737,0.679,0.0000,0.0000,0.0000,,1
5737,0.604,0.0000,0.0000,0.0000,,1
5738,0.588,0.0000,0.0000,0.0000,,1
5739,0.854,0.8151,0.7870,0.0281,,1
5740,0.910,0.0000,0.0000,0.0000,,1
5741,0.951,0.0000,0.0000,0.0000,,1
5742,0.717,0.8175,0.7814,0.0361,,1
5743,0.777,0.0000,0.0000,0.0000,,1
5744,0.896,0.0000,0.0000,0.0000,,1
5745,0.931,0.8212,0.7901,0.0311,,1
5746,0.928,0.0000,0.0000,0.0000,,1
5747,0.900,0.0000,0.0000,0.0000,,1
5748,0.846,0.8121,0.7893,0.0228,,1
5749,0.705,0.0000,0.0000,0.0000,,1
5750,0.727,0.0000,0.0000,0.0000,,1
5751,0.614,0.7857,0.7696,0.0161,,1
5752,0.663,0.0000,0.0000,0.0000,,1
5753,0.853,0.0000,0.0000,0.0000,,1
5754,0.958,0.7803,0.7785,0.0018,,1
5755,0.916,0.0000,0.0000,0.0000,,1
5756,0.868,0.0000,0.0000,0.0000,,1
5757,0.820,0.8103,0.7747,0.0356,,1
5758,0.941,0.0000,0.0000,0.0000,,1
5759,0.777,0.0000,0.0000,0.0000,,1
5760,0.762,0.7183,0.7060,0.0123,,1
5761,0.832,0.0000,0.0000,0.0000,,1
5762,0.944,0.0000,0.0000,0.0000,,1
5763,0.955,0.8121,0.7800,0.0320,,1
5764,0.976,0.0000,0.0000,0.0000,,1
5765,0.868,0.0000,0.0000,0.0000,,1
5766,0.962,0.7906,0.7611,0.0295,,1
5767,0.815,0.0000,0.0000,0.0000,,1
5768,0.975,0.0000,0.0000,0.0000,,1
5769,0.979,0.8178,0.8099,0.0079,,1
5770,0.946,0.0000,0.0000,0.0000,,1
5771,0.989,0.0000,0.0000,0.0000,,1
5772,0.991,0.8180,0.7781,0.0399,,1
5773,0.991,0.0000,0.0000,0.0000,,1
5774,0.988,0.0000,0.0000,0.0000,,1
5775,0.989,0.8397,0.7948,0.0450,,1
5776,0.984,0.0000,0.0000,0.0000,,1
5777,0.988,0.0000,0.0000,0.0000,,1
5778,0.989,0.8285,0.7904,0.0381,,1
5779,0.978,0.0000,0.0000,0.0000,,1
5780,0.990,0.0000,0.0000,0.0000,,1
5781,0.993,0.8007,0.7659,0.0348,,1
5782,0.994,0.0000,0.0000,0.0000,,1
5783,0.995,0.0000,0.0000,0.0000,,1
5784,0.995,0.8312,0.7803,0.0509,nike_blazer_mid77_darkblue,0
5785,0.994,0.0000,0.0000,0.0000,nike_blazer_mid77_darkblue,0
5786,0.995,0.0000,0.0000,0.0000,nike_blazer_mid77_darkblue,0
5787,0.995,0.7746,0.7406,0.0340,nike_blazer_mid77_darkblue,0
5788,0.996,0.0000,0.0000,0.0000,nike_blazer_mid77_darkblue,0
5789,0.996,0.0000,0.0000,0.0000,nike_blazer_mid77_darkblue,0
5790,0.994,0.7900,0.7491,0.0409,nike_blazer_mid77_darkblue,0
5791,0.993,0.0000,0.0000,0.0000,nike_blazer_mid77_darkblue,0
5792,0.994,0.0000,0.0000,0.0000,,1
5793,0.995,0.7825,0.7489,0.0336,,1
5794,0.995,0.0000,0.0000,0.0000,,1
5795,0.993,0.0000,0.0000,0.0000,,1
5796,0.994,0.7624,0.7237,0.0387,,1
5797,0.994,0.0000,0.0000,0.0000,,1
5798,0.995,0.0000,0.0000,0.0000,,1
5799,0.994,0.7749,0.7404,0.0345,,1
5800,0.994,0.0000,0.0000,0.0000,,1
5801,0.994,0.0000,0.0000,0.0000,,1
5802,0.994,0.7882,0.7529,0.0352,,1
5803,0.993,0.0000,0.0000,0.0000,,1
5804,0.991,0.0000,0.0000,0.0000,,1
5805,0.990,0.7877,0.7543,0.0335,,1
5806,0.982,0.0000,0.0000,0.0000,,1
5807,0.973,0.0000,0.0000,0.0000,,1
5808,0.975,0.7693,0.7394,0.0298,,1
5809,0.969,0.0000,0.0000,0.0000,,1
5810,0.979,0.0000,0.0000,0.0000,,1
5811,0.976,0.7902,0.7543,0.0359,,1
5812,0.969,0.0000,0.0000,0.0000,,1
5813,0.973,0.0000,0.0000,0.0000,,1
5814,0.976,0.7825,0.7506,0.0319,,1
5815,0.974,0.0000,0.0000,0.0000,,1
5816,0.982,0.0000,0.0000,0.0000,,1
5817,0.983,0.7801,0.7484,0.0318,,1
5818,0.984,0.0000,0.0000,0.0000,,1
5819,0.982,0.0000,0.0000,0.0000,,1
5820,0.983,0.7791,0.7430,0.0361,,1
5821,0.984,0.0000,0.0000,0.0000,,1
5822,0.981,0.0000,0.0000,0.0000,,1
5823,0.982,0.7773,0.7418,0.0356,,1
5824,0.981,0.0000,0.0000,0.0000,,1
5825,0.978,0.0000,0.0000,0.0000,,1
5826,0.977,0.7781,0.7457,0.0325,,1
5827,0.977,0.0000,0.0000,0.0000,,1
5828,0.973,0.0000,0.0000,0.0000,,1
5829,0.972,0.7711,0.7347,0.0364,,1
5830,0.974,0.0000,0.0000,0.0000,,1
5831,0.973,0.0000,0.0000,0.0000,,1
5832,0.972,0.7622,0.7312,0.0310,,1
5833,0.980,0.0000,0.0000,0.0000,,1
5834,0.989,0.0000,0.0000,0.0000,,1
5835,0.990,0.8270,0.7814,0.0457,,1
5836,0.990,0.0000,0.0000,0.0000,,1
5837,0.978,0.0000,0.0000,0.0000,,1
5838,0.980,0.7877,0.7595,0.0282,,1
5839,0.980,0.0000,0.0000,0.0000,,1
5840,0.971,0.0000,0.0000,0.0000,,1
5841,0.974,0.8055,0.7729,0.0326,,1
5842,0.984,0.0000,0.0000,0.0000,,1
5843,0.980,0.0000,0.0000,0.0000,,1
5844,0.975,0.8023,0.7510,0.0514,nike_blazer_mid77_darkblue,0
5845,0.968,0.0000,0.0000,0.0000,nike_blazer_mid77_darkblue,0
5846,0.949,0.0000,0.0000,0.0000,nike_blazer_mid77_darkblue,0
5847,0.963,0.8014,0.7788,0.0226,nike_blazer_mid77_darkblue,0
5848,0.976,0.0000,0.0000,0.0000,nike_blazer_mid77_darkblue,0
5849,0.956,0.0000,0.0000,0.0000,nike_blazer_mid77_darkblue,0
5850,0.968,0.8048,0.7749,0.0299,nike_blazer_mid77_darkblue,0
5851,0.973,0.0000,0.0000,0.0000,nike_blazer_mid77_darkblue,0
5852,0.977,0.0000,0.0000,0.0000,,1
5853,0.961,0.7896,0.7515,0.0380,,1
5854,0.965,0.0000,0.0000,0.0000,,1
5855,0.974,0.0000,0.0000,0.0000,,1
5856,0.962,0.7879,0.7457,0.0422,,1
5857,0.963,0.0000,0.0000,0.0000,,1
5858,0.966,0.0000,0.0000,0.0000,,1
5859,0.972,0.7806,0.7499,0.0307,,1
5860,0.961,0.0000,0.0000,0.0000,,1
5861,0.957,0.0000,0.0000,0.0000,,1
5862,0.940,0.7690,0.7224,0.0466,,1
5863,0.955,0.0000,0.0000,0.0000,,1
5864,0.981,0.0000,0.0000,0.0000,,1
5865,0.971,0.7922,0.7639,0.0283,,1
5866,0.973,0.0000,0.0000,0.0000,,1
5867,0.974,0.0000,0.0000,0.0000,,1
5868,0.982,0.7569,0.7259,0.0311,,1
5869,0.982,0.0000,0.0000,0.0000,,1
5870,0.983,0.0000,0.0000,0.0000,,1
5871,0.985,0.7635,0.7314,0.0322,,1
5872,0.983,0.0000,0.0000,0.0000,,1
5873,0.990,0.0000,0.0000,0.0000,,1
5874,0.990,0.8254,0.7851,0.0404,,1
5875,0.988,0.0000,0.0000,0.0000,,1
5876,0.981,0.0000,0.0000,0.0000,,1
5877,0.981,0.8150,0.7716,0.0434,,1
5878,0.980,0.0000,0.0000,0.0000,,1
5879,0.981,0.0000,0.0000,0.0000,,1
5880,0.982,0.7907,0.7576,0.0330,,1
5881,0.987,0.0000,0.0000,0.0000,,1
5882,0.979,0.0000,0.0000,0.0000,,1
5883,0.979,0.7910,0.7581,0.0330,,1
5884,0.976,0.0000,0.0000,0.0000,,1
5885,0.979,0.0000,0.0000,0.0000,,1
5886,0.970,0.7559,0.7365,0.0194,,1
5887,0.975,0.0000,0.0000,0.0000,,1
5888,0.979,0.0000,0.0000,0.0000,,1
5889,0.979,0.7496,0.7229,0.0267,,1
5890,0.978,0.0000,0.0000,0.0000,,1
5891,0.978,0.0000,0.0000,0.0000,,1
5892,0.981,0.7416,0.7162,0.0254,,1
5893,0.979,0.0000,0.0000,0.0000,,1
5894,0.982,0.0000,0.0000,0.0000,,1
5895,0.982,0.7652,0.7418,0.0235,,1
5896,0.986,0.0000,0.0000,0.0000,,1
5897,0.987,0.0000,0.0000,0.0000,,1
5898,0.987,0.7768,0.7500,0.0268,,1
5899,0.988,0.0000,0.0000,0.0000,,1
5900,0.980,0.0000,0.0000,0.0000,,1
5901,0.984,0.8138,0.7828,0.0311,,1
5902,0.987,0.0000,0.0000,0.0000,,1
5903,0.988,0.0000,0.0000,0.0000,,1
5904,0.976,0.8069,0.7798,0.0271,,1
5905,0.972,0.0000,0.0000,0.0000,,1
5906,0.965,0.0000,0.0000,0.0000,,1
5907,0.976,0.7640,0.7343,0.0297,,1
5908,0.961,0.0000,0.0000,0.0000,,1
5909,0.982,0.0000,0.0000,0.0000,,1
5910,0.991,0.8183,0.7989,0.0194,,1
5911,0.966,0.0000,0.0000,0.0000,,1
5912,0.941,0.0000,0.0000,0.0000,,1
5913,0.788,0.7990,0.7798,0.0191,,1
5914,0.881,0.0000,0.0000,0.0000,,1
5915,0.773,0.0000,0.0000,0.0000,,1
5916,0.771,0.7716,0.7467,0.0249,,1
5917,0.857,0.0000,0.0000,0.0000,,1
5918,0.729,0.0000,0.0000,0.0000,,1
5919,0.621,0.7386,0.7139,0.0247,,1
5920,0.933,0.0000,0.0000,0.0000,,1
5921,0.974,0.0000,0.0000,0.0000,,1
5922,0.973,0.7548,0.7259,0.0289,,1
5923,0.990,0.0000,0.0000,0.0000,,1
5924,0.986,0.0000,0.0000,0.0000,,1
5925,0.976,0.8212,0.7907,0.0304,,1
5926,0.973,0.0000,0.0000,0.0000,,1
5927,0.981,0.0000,0.0000,0.0000,,1
5928,0.982,0.7949,0.7560,0.0388,,1
5929,0.982,0.0000,0.0000,0.0000,,1
5930,0.976,0.0000,0.0000,0.0000,,1
5931,0.976,0.8084,0.7713,0.0371,,1
5932,0.976,0.0000,0.0000,0.0000,,1
5933,0.971,0.0000,0.0000,0.0000,,1
5934,0.971,0.8192,0.7763,0.0429,,1
5935,0.977,0.0000,0.0000,0.0000,,1
5936,0.980,0.0000,0.0000,0.0000,,1
5937,0.984,0.7946,0.7483,0.0464,,1
5938,0.984,0.0000,0.0000,0.0000,,1
5939,0.983,0.0000,0.0000,0.0000,,1
5940,0.982,0.7905,0.7426,0.0478,,1
5941,0.981,0.0000,0.0000,0.0000,,1
5942,0.983,0.0000,0.0000,0.0000,,1
5943,0.985,0.7923,0.7491,0.0432,,1
5944,0.985,0.0000,0.0000,0.0000,,1
5945,0.980,0.0000,0.0000,0.0000,,1
5946,0.980,0.7994,0.7612,0.0381,,1
5947,0.977,0.0000,0.0000,0.0000,,1
5948,0.986,0.0000,0.0000,0.0000,,1
5949,0.989,0.7977,0.7601,0.0376,,1
5950,0.993,0.0000,0.0000,0.0000,,1
5951,0.994,0.0000,0.0000,0.0000,,1
5952,0.993,0.7771,0.7327,0.0444,,1
5953,0.994,0.0000,0.0000,0.0000,,1
5954,0.992,0.0000,0.0000,0.0000,,1
5955,0.993,0.7768,0.7345,0.0423,,1
5956,0.994,0.0000,0.0000,0.0000,,1
5957,0.993,0.0000,0.0000,0.0000,,1
5958,0.993,0.7812,0.7340,0.0472,,1
5959,0.993,0.0000,0.0000,0.0000,,1
5960,0.992,0.0000,0.0000,0.0000,,1
5961,0.993,0.7953,0.7486,0.0468,,1
5962,0.994,0.0000,0.0000,0.0000,,1
5963,0.992,0.0000,0.0000,0.0000,,1
5964,0.992,0.8060,0.7562,0.0498,,1
5965,0.994,0.0000,0.0000,0.0000,,1
5966,0.993,0.0000,0.0000,0.0000,,1
5967,0.995,0.8069,0.7664,0.0405,,1
5968,0.994,0.0000,0.0000,0.0000,,1
5969,0.990,0.0000,0.0000,0.0000,,1
5970,0.991,0.7888,0.7686,0.0202,,1
5971,0.984,0.0000,0.0000,0.0000,,1
5972,0.992,0.0000,0.0000,0.0000,,1
5973,0.986,0.8190,0.7874,0.0316,,1
5974,0.985,0.0000,0.0000,0.0000,,1
5975,0.996,0.0000,0.0000,0.0000,,1
5976,0.995,0.8164,0.7856,0.0307,,1
5977,0.995,0.0000,0.0000,0.0000,,1
5978,0.993,0.0000,0.0000,0.0000,,1
5979,0.994,0.7852,0.7564,0.0289,,1
5980,0.985,0.0000,0.0000,0.0000,,1
5981,0.992,0.0000,0.0000,0.0000,,1
5982,0.992,0.7623,0.7381,0.0242,,1
5983,0.988,0.0000,0.0000,0.0000,,1
5984,0.984,0.0000,0.0000,0.0000,,1
5985,0.967,0.7713,0.7346,0.0367,,1
5986,0.986,0.0000,0.0000,0.0000,,1
5987,0.988,0.0000,0.0000,0.0000,,1
5988,0.986,0.8339,0.7917,0.0422,,1
5989,0.979,0.0000,0.0000,0.0000,,1
5990,0.974,0.0000,0.0000,0.0000,,1
5991,0.985,0.8278,0.7845,0.0433,,1
5992,0.993,0.0000,0.0000,0.0000,,1
5993,0.995,0.0000,0.0000,0.0000,,1
5994,0.995,0.7939,0.7584,0.0356,,1
5995,0.989,0.0000,0.0000,0.0000,,1
5996,0.994,0.0000,0.0000,0.0000,,1
5997,0.993,0.8012,0.7569,0.0443,,1
5998,0.995,0.0000,0.0000,0.0000,,1
5999,0.993,0.0000,0.0000,0.0000,,1
6000,0.992,0.8044,0.7556,0.0488,,1
6001,0.993,0.0000,0.0000,0.0000,,1
6002,0.993,0.0000,0.0000,0.0000,,1
6003,0.992,0.8123,0.7628,0.0495,,1
6004,0.993,0.0000,0.0000,0.0000,,1
6005,0.993,0.0000,0.0000,0.0000,,1
6006,0.994,0.8245,0.7684,0.0560,nike_blazer_mid77_darkblue,0
6007,0.994,0.0000,0.0000,0.0000,nike_blazer_mid77_darkblue,0
6008,0.993,0.0000,0.0000,0.0000,nike_blazer_mid77_darkblue,0
6009,0.994,0.8160,0.7663,0.0498,nike_blazer_mid77_darkblue,0
6010,0.994,0.0000,0.0000,0.0000,nike_blazer_mid77_darkblue,0
6011,0.993,0.0000,0.0000,0.0000,nike_blazer_mid77_darkblue,0
6012,0.994,0.8127,0.7601,0.0526,nike_blazer_mid77_darkblue,0
6013,0.993,0.0000,0.0000,0.0000,nike_blazer_mid77_darkblue,0
6014,0.994,0.0000,0.0000,0.0000,nike_blazer_mid77_darkblue,0
6015,0.993,0.8252,0.7785,0.0467,nike_blazer_mid77_darkblue,0
6016,0.994,0.0000,0.0000,0.0000,nike_blazer_mid77_darkblue,0
6017,0.994,0.0000,0.0000,0.0000,nike_blazer_mid77_darkblue,0
6018,0.994,0.8223,0.7738,0.0485,nike_blazer_mid77_darkblue,0
6019,0.993,0.0000,0.0000,0.0000,nike_blazer_mid77_darkblue,0
6020,0.992,0.0000,0.0000,0.0000,,1
6021,0.994,0.8283,0.7783,0.0500,nike_blazer_mid77_darkblue,0
6022,0.995,0.0000,0.0000,0.0000,nike_blazer_mid77_darkblue,0
6023,0.995,0.0000,0.0000,0.0000,nike_blazer_mid77_darkblue,0
6024,0.994,0.8231,0.7732,0.0499,nike_blazer_mid77_darkblue,0
6025,0.992,0.0000,0.0000,0.0000,nike_blazer_mid77_darkblue,0
6026,0.989,0.0000,0.0000,0.0000,nike_blazer_mid77_darkblue,0
6027,0.989,0.8239,0.7724,0.0514,nike_blazer_mid77_darkblue,0
6028,0.990,0.0000,0.0000,0.0000,nike_blazer_mid77_darkblue,0
6029,0.990,0.0000,0.0000,0.0000,nike_blazer_mid77_darkblue,0
6030,0.990,0.8183,0.7731,0.0452,nike_blazer_mid77_darkblue,0
6031,0.989,0.0000,0.0000,0.0000,nike_blazer_mid77_darkblue,0
6032,0.987,0.0000,0.0000,0.0000,nike_blazer_mid77_darkblue,0
6033,0.990,0.8309,0.7850,0.0460,nike_blazer_mid77_darkblue,0
6034,0.991,0.0000,0.0000,0.0000,nike_blazer_mid77_darkblue,0
6035,0.989,0.0000,0.0000,0.0000,,1
6036,0.989,0.8280,0.7811,0.0469,,1
6037,0.990,0.0000,0.0000,0.0000,,1
6038,0.989,0.0000,0.0000,0.0000,,1
6039,0.991,0.8277,0.7792,0.0485,,1
6040,0.990,0.0000,0.0000,0.0000,,1
6041,0.988,0.0000,0.0000,0.0000,,1
6042,0.989,0.8251,0.7715,0.0536,nike_blazer_mid77_darkblue,0
6043,0.989,0.0000,0.0000,0.0000,nike_blazer_mid77_darkblue,0
6044,0.990,0.0000,0.0000,0.0000,nike_blazer_mid77_darkblue,0
6045,0.989,0.8261,0.7784,0.0477,nike_blazer_mid77_darkblue,0
6046,0.989,0.0000,0.0000,0.0000,nike_blazer_mid77_darkblue,0
6047,0.989,0.0000,0.0000,0.0000,nike_blazer_mid77_darkblue,0
6048,0.988,0.8283,0.7779,0.0503,nike_pogo_plus_japanese_roots,0
6049,0.987,0.0000,0.0000,0.0000,nike_pogo_plus_japanese_roots,0
6050,0.990,0.0000,0.0000,0.0000,nike_pogo_plus_japanese_roots,0
6051,0.985,0.8203,0.7679,0.0524,nike_pogo_plus_japanese_roots,0
6052,0.986,0.0000,0.0000,0.0000,nike_pogo_plus_japanese_roots,0
6053,0.982,0.0000,0.0000,0.0000,nike_pogo_plus_japanese_roots,0
6054,0.984,0.8239,0.7784,0.0454,nike_pogo_plus_japanese_roots,0
6055,0.984,0.0000,0.0000,0.0000,nike_pogo_plus_japanese_roots,0
6056,0.984,0.0000,0.0000,0.0000,nike_pogo_plus_japanese_roots,0
6057,0.986,0.8276,0.7742,0.0534,nike_pogo_plus_japanese_roots,0
6058,0.986,0.0000,0.0000,0.0000,nike_pogo_plus_japanese_roots,0
6059,0.984,0.0000,0.0000,0.0000,nike_pogo_plus_japanese_roots,0
6060,0.986,0.8415,0.7984,0.0432,nike_pogo_plus_japanese_roots,0
6061,0.986,0.0000,0.0000,0.0000,nike_pogo_plus_japanese_roots,0
6062,0.985,0.0000,0.0000,0.0000,nike_pogo_plus_japanese_roots,0
6063,0.983,0.8428,0.8048,0.0380,nike_pogo_plus_japanese_roots,0
6064,0.985,0.0000,0.0000,0.0000,nike_pogo_plus_japanese_roots,0
6065,0.986,0.0000,0.0000,0.0000,,1
6066,0.986,0.8360,0.7945,0.0415,,1
6067,0.984,0.0000,0.0000,0.0000,,1
6068,0.990,0.0000,0.0000,0.0000,,1
6069,0.992,0.8341,0.7776,0.0565,nike_pogo_plus_japanese_roots,0
6070,0.992,0.0000,0.0000,0.0000,nike_pogo_plus_japanese_roots,0
6071,0.990,0.0000,0.0000,0.0000,nike_pogo_plus_japanese_roots,0
6072,0.989,0.8333,0.7799,0.0534,nike_pogo_plus_japanese_roots,0
6073,0.989,0.0000,0.0000,0.0000,nike_pogo_plus_japanese_roots,0
6074,0.990,0.0000,0.0000,0.0000,nike_pogo_plus_japanese_roots,0
6075,0.990,0.8461,0.7917,0.0543,nike_pogo_plus_japanese_roots,0
6076,0.990,0.0000,0.0000,0.0000,nike_pogo_plus_japanese_roots,0
6077,0.989,0.0000,0.0000,0.0000,nike_pogo_plus_japanese_roots,0
6078,0.990,0.8339,0.7811,0.0528,nike_pogo_plus_japanese_roots,0
6079,0.992,0.0000,0.0000,0.0000,nike_pogo_plus_japanese_roots,0
6080,0.991,0.0000,0.0000,0.0000,nike_pogo_plus_japanese_roots,0
6081,0.989,0.8422,0.7929,0.0494,nike_pogo_plus_japanese_roots,0
6082,0.989,0.0000,0.0000,0.0000,nike_pogo_plus_japanese_roots,0
6083,0.986,0.0000,0.0000,0.0000,nike_pogo_plus_japanese_roots,0
6084,0.987,0.8421,0.7849,0.0572,nike_pogo_plus_japanese_roots,0
6085,0.985,0.0000,0.0000,0.0000,nike_pogo_plus_japanese_roots,0
6086,0.987,0.0000,0.0000,0.0000,nike_pogo_plus_japanese_roots,0
6087,0.989,0.8338,0.7724,0.0613,nike_pogo_plus_japanese_roots,0
6088,0.988,0.0000,0.0000,0.0000,nike_pogo_plus_japanese_roots,0
6089,0.986,0.0000,0.0000,0.0000,nike_pogo_plus_japanese_roots,0
6090,0.985,0.8329,0.7840,0.0489,nike_pogo_plus_japanese_roots,0
6091,0.986,0.0000,0.0000,0.0000,nike_pogo_plus_japanese_roots,0
6092,0.987,0.0000,0.0000,0.0000,nike_pogo_plus_japanese_roots,0
6093,0.987,0.8296,0.7807,0.0489,nike_pogo_plus_japanese_roots,0
6094,0.986,0.0000,0.0000,0.0000,nike_pogo_plus_japanese_roots,0
6095,0.985,0.0000,0.0000,0.0000,,1
6096,0.986,0.8341,0.7855,0.0486,,1
6097,0.986,0.0000,0.0000,0.0000,,1
6098,0.983,0.0000,0.0000,0.0000,,1
6099,0.982,0.8332,0.7911,0.0421,,1
6100,0.984,0.0000,0.0000,0.0000,,1
6101,0.984,0.0000,0.0000,0.0000,,1
6102,0.986,0.8369,0.7888,0.0482,,1
6103,0.985,0.0000,0.0000,0.0000,,1
6104,0.982,0.0000,0.0000,0.0000,,1
6105,0.985,0.8357,0.7850,0.0507,nike_pogo_plus_japanese_roots,0
6106,0.986,0.0000,0.0000,0.0000,nike_pogo_plus_japanese_roots,0
6107,0.988,0.0000,0.0000,0.0000,nike_pogo_plus_japanese_roots,0
6108,0.989,0.8378,0.7812,0.0566,nike_pogo_plus_japanese_roots,0
6109,0.989,0.0000,0.0000,0.0000,nike_pogo_plus_japanese_roots,0
6110,0.991,0.0000,0.0000,0.0000,nike_pogo_plus_japanese_roots,0
6111,0.992,0.8103,0.7585,0.0519,nike_pogo_plus_japanese_roots,0
6112,0.994,0.0000,0.0000,0.0000,nike_pogo_plus_japanese_roots,0
6113,0.995,0.0000,0.0000,0.0000,nike_pogo_plus_japanese_roots,0
6114,0.994,0.8096,0.7615,0.0481,nike_pogo_plus_japanese_roots,0
6115,0.994,0.0000,0.0000,0.0000,nike_pogo_plus_japanese_roots,0
6116,0.995,0.0000,0.0000,0.0000,nike_pogo_plus_japanese_roots,0
6117,0.995,0.8326,0.7791,0.0535,nike_pogo_plus_japanese_roots,0
6118,0.995,0.0000,0.0000,0.0000,nike_pogo_plus_japanese_roots,0
6119,0.995,0.0000,0.0000,0.0000,nike_pogo_plus_japanese_roots,0
6120,0.995,0.8228,0.7727,0.0501,nike_pogo_plus_japanese_roots,0
6121,0.995,0.0000,0.0000,0.0000,nike_pogo_plus_japanese_roots,0
6122,0.995,0.0000,0.0000,0.0000,nike_pogo_plus_japanese_roots,0
6123,0.996,0.8282,0.7735,0.0547,nike_pogo_plus_japanese_roots,0
6124,0.996,0.0000,0.0000,0.0000,nike_pogo_plus_japanese_roots,0
6125,0.996,0.0000,0.0000,0.0000,nike_pogo_plus_japanese_roots,0
6126,0.995,0.8189,0.7625,0.0563,nike_pogo_plus_japanese_roots,0
6127,0.994,0.0000,0.0000,0.0000,nike_pogo_plus_japanese_roots,0
6128,0.994,0.0000,0.0000,0.0000,nike_pogo_plus_japanese_roots,0
6129,0.995,0.8171,0.7652,0.0519,nike_pogo_plus_japanese_roots,0
6130,0.995,0.0000,0.0000,0.0000,nike_pogo_plus_japanese_roots,0
6131,0.995,0.0000,0.0000,0.0000,nike_pogo_plus_japanese_roots,0
6132,0.995,0.8256,0.7705,0.0551,nike_pogo_plus_japanese_roots,0
6133,0.994,0.0000,0.0000,0.0000,nike_pogo_plus_japanese_roots,0
6134,0.992,0.0000,0.0000,0.0000,nike_pogo_plus_japanese_roots,0
6135,0.992,0.8230,0.7647,0.0582,nike_pogo_plus_japanese_roots,0
6136,0.992,0.0000,0.0000,0.0000,nike_pogo_plus_japanese_roots,0
6137,0.993,0.0000,0.0000,0.0000,nike_pogo_plus_japanese_roots,0
6138,0.992,0.8261,0.7728,0.0533,nike_pogo_plus_japanese_roots,0
6139,0.992,0.0000,0.0000,0.0000,nike_pogo_plus_japanese_roots,0
6140,0.989,0.0000,0.0000,0.0000,nike_pogo_plus_japanese_roots,0
6141,0.991,0.8150,0.7499,0.0651,nike_pogo_plus_japanese_roots,0
6142,0.992,0.0000,0.0000,0.0000,nike_pogo_plus_japanese_roots,0
6143,0.989,0.0000,0.0000,0.0000,nike_pogo_plus_japanese_roots,0
6144,0.989,0.8287,0.7749,0.0538,nike_pogo_plus_japanese_roots,0
6145,0.987,0.0000,0.0000,0.0000,nike_pogo_plus_japanese_roots,0
6146,0.989,0.0000,0.0000,0.0000,nike_pogo_plus_japanese_roots,0
6147,0.987,0.8345,0.7744,0.0600,nike_pogo_plus_japanese_roots,0
6148,0.985,0.0000,0.0000,0.0000,nike_pogo_plus_japanese_roots,0
6149,0.993,0.0000,0.0000,0.0000,nike_pogo_plus_japanese_roots,0
6150,0.993,0.8151,0.7574,0.0577,nike_pogo_plus_japanese_roots,0
6151,0.993,0.0000,0.0000,0.0000,nike_pogo_plus_japanese_roots,0
6152,0.993,0.0000,0.0000,0.0000,nike_pogo_plus_japanese_roots,0
6153,0.993,0.8040,0.7520,0.0520,nike_pogo_plus_japanese_roots,0
6154,0.994,0.0000,0.0000,0.0000,nike_pogo_plus_japanese_roots,0
6155,0.994,0.0000,0.0000,0.0000,nike_pogo_plus_japanese_roots,0
6156,0.994,0.8118,0.7606,0.0512,nike_pogo_plus_japanese_roots,0
6157,0.995,0.0000,0.0000,0.0000,nike_pogo_plus_japanese_roots,0
6158,0.995,0.0000,0.0000,0.0000,nike_pogo_plus_japanese_roots,0
6159,0.980,0.8340,0.7894,0.0446,nike_pogo_plus_japanese_roots,0
6160,0.965,0.0000,0.0000,0.0000,nike_pogo_plus_japanese_roots,0
6161,0.979,0.0000,0.0000,0.0000,nike_pogo_plus_japanese_roots,0
6162,0.952,0.8254,0.8109,0.0145,nike_pogo_plus_japanese_roots,0
6163,0.938,0.0000,0.0000,0.0000,nike_pogo_plus_japanese_roots,0
6164,0.955,0.0000,0.0000,0.0000,,1
6165,0.746,0.7728,0.7616,0.0112,,1
6166,0.652,0.0000,0.0000,0.0000,,1
6169,0.543,0.0000,0.0000,0.0000,,1
6170,0.506,0.0000,0.0000,0.0000,,1
6187,0.923,0.0000,0.0000,0.0000,,1
6188,0.919,0.0000,0.0000,0.0000,,1
6189,0.556,0.7558,0.7269,0.0289,,1
6191,0.587,0.0000,0.0000,0.0000,,1
6192,0.580,0.7999,0.7664,0.0335,,1
6193,0.636,0.0000,0.0000,0.0000,,1
6196,0.504,0.0000,0.0000,0.0000,,1
6197,0.547,0.0000,0.0000,0.0000,,1
6198,0.583,0.7855,0.7570,0.0285,,1
6199,0.668,0.0000,0.0000,0.0000,,1
6200,0.809,0.0000,0.0000,0.0000,,1
6201,0.773,0.7946,0.7516,0.0430,,1
6202,0.731,0.0000,0.0000,0.0000,,1
6203,0.781,0.0000,0.0000,0.0000,,1
6204,0.829,0.7886,0.7559,0.0327,,1
6205,0.819,0.0000,0.0000,0.0000,,1
6206,0.760,0.0000,0.0000,0.0000,,1
6207,0.809,0.7882,0.7787,0.0094,,1
6208,0.738,0.0000,0.0000,0.0000,,1
6209,0.511,0.0000,0.0000,0.0000,,1
6210,0.586,0.8082,0.7788,0.0293,,1
6211,0.654,0.0000,0.0000,0.0000,,1
6212,0.768,0.0000,0.0000,0.0000,,1
6213,0.734,0.7900,0.7716,0.0184,,1
6214,0.802,0.0000,0.0000,0.0000,,1
6215,0.830,0.0000,0.0000,0.0000,,1
6216,0.866,0.8001,0.7808,0.0192,,1
6217,0.865,0.0000,0.0000,0.0000,,1
6218,0.828,0.0000,0.0000,0.0000,,1
6219,0.871,0.7906,0.7862,0.0044,,1
6220,0.811,0.0000,0.0000,0.0000,,1
6221,0.790,0.0000,0.0000,0.0000,,1
6222,0.825,0.8059,0.7851,0.0209,,1
6223,0.809,0.0000,0.0000,0.0000,,1
6224,0.862,0.0000,0.0000,0.0000,,1
6225,0.859,0.8124,0.7859,0.0265,,1
6226,0.848,0.0000,0.0000,0.0000,,1
6227,0.876,0.0000,0.0000,0.0000,,1
6228,0.893,0.7979,0.7762,0.0217,,1
6229,0.893,0.0000,0.0000,0.0000,,1
6230,0.858,0.0000,0.0000,0.0000,,1
6231,0.859,0.8028,0.7823,0.0205,,1
6232,0.891,0.0000,0.0000,0.0000,,1
6233,0.863,0.0000,0.0000,0.0000,,1
6234,0.864,0.7935,0.7755,0.0180,,1
6235,0.818,0.0000,0.0000,0.0000,,1
6236,0.872,0.0000,0.0000,0.0000,,1
6237,0.846,0.7967,0.7837,0.0131,,1
6238,0.888,0.0000,0.0000,0.0000,,1
6239,0.861,0.0000,0.0000,0.0000,,1
6240,0.866,0.8078,0.7861,0.0217,,1
6241,0.874,0.0000,0.0000,0.0000,,1
6242,0.884,0.0000,0.0000,0.0000,,1
6243,0.877,0.7987,0.7776,0.0211,,1
6244,0.889,0.0000,0.0000,0.0000,,1
6245,0.901,0.0000,0.0000,0.0000,,1
6246,0.883,0.8066,0.7895,0.0171,,1
6247,0.906,0.0000,0.0000,0.0000,,1
6248,0.877,0.0000,0.0000,0.0000,,1
6249,0.867,0.7890,0.7659,0.0231,,1
6250,0.742,0.0000,0.0000,0.0000,,1
6263,0.516,0.0000,0.0000,0.0000,,1
6269,0.567,0.0000,0.0000,0.0000,,1
6270,0.765,0.8022,0.7705,0.0317,,1
6271,0.697,0.0000,0.0000,0.0000,,1
6272,0.819,0.0000,0.0000,0.0000,,1
6273,0.810,0.8050,0.7687,0.0363,,1
6274,0.844,0.0000,0.0000,0.0000,,1
6275,0.817,0.0000,0.0000,0.0000,,1
6276,0.781,0.7872,0.7447,0.0425,,1
6277,0.766,0.0000,0.0000,0.0000,,1
6278,0.728,0.0000,0.0000,0.0000,,1
6279,0.813,0.8096,0.7770,0.0326,,1
6280,0.822,0.0000,0.0000,0.0000,,1
6281,0.828,0.0000,0.0000,0.0000,,1
6282,0.833,0.8032,0.7570,0.0462,,1
6283,0.830,0.0000,0.0000,0.0000,,1
6284,0.800,0.0000,0.0000,0.0000,,1
6285,0.837,0.8251,0.7938,0.0312,,1
6286,0.791,0.0000,0.0000,0.0000,,1
6287,0.813,0.0000,0.0000,0.0000,,1
6288,0.843,0.8099,0.7694,0.0405,,1
6289,0.819,0.0000,0.0000,0.0000,,1
6290,0.777,0.0000,0.0000,0.0000,,1
6291,0.771,0.7893,0.7638,0.0254,,1
6292,0.825,0.0000,0.0000,0.0000,,1
6293,0.859,0.0000,0.0000,0.0000,,1
6294,0.864,0.8163,0.7807,0.0356,,1
6295,0.851,0.0000,0.0000,0.0000,,1
6296,0.811,0.0000,0.0000,0.0000,,1
6297,0.793,0.8065,0.7631,0.0433,,1
6298,0.825,0.0000,0.0000,0.0000,,1
6299,0.794,0.0000,0.0000,0.0000,,1
6300,0.789,0.8071,0.7602,0.0469,,1
6301,0.787,0.0000,0.0000,0.0000,,1
6302,0.818,0.0000,0.0000,0.0000,,1
6303,0.822,0.8032,0.7535,0.0497,,1
6304,0.824,0.0000,0.0000,0.0000,,1
6305,0.804,0.0000,0.0000,0.0000,,1
6306,0.801,0.8248,0.7793,0.0455,,1
6307,0.810,0.0000,0.0000,0.0000,,1
6308,0.833,0.0000,0.0000,0.0000,,1
6309,0.882,0.7990,0.7529,0.0461,,1
6310,0.831,0.0000,0.0000,0.0000,,1
6311,0.854,0.0000,0.0000,0.0000,,1
6312,0.803,0.8105,0.7666,0.0439,,1
6313,0.799,0.0000,0.0000,0.0000,,1
6314,0.717,0.0000,0.0000,0.0000,,1
6315,0.664,0.7977,0.7752,0.0225,,1
6316,0.732,0.0000,0.0000,0.0000,,1
6317,0.792,0.0000,0.0000,0.0000,,1
6318,0.812,0.8139,0.7812,0.0327,,1
6319,0.665,0.0000,0.0000,0.0000,,1
6320,0.676,0.0000,0.0000,0.0000,,1
6321,0.703,0.7927,0.7619,0.0308,,1
6322,0.726,0.0000,0.0000,0.0000,,1
6323,0.729,0.0000,0.0000,0.0000,,1
6324,0.734,0.8125,0.7845,0.0280,,1
6325,0.799,0.0000,0.0000,0.0000,,1
6326,0.810,0.0000,0.0000,0.0000,,1
6327,0.822,0.8052,0.7817,0.0235,,1
6328,0.836,0.0000,0.0000,0.0000,,1
6329,0.855,0.0000,0.0000,0.0000,,1
6330,0.814,0.8029,0.7796,0.0232,,1
6331,0.791,0.0000,0.0000,0.0000,,1
6332,0.847,0.0000,0.0000,0.0000,,1
6333,0.843,0.8068,0.7818,0.0250,,1
6334,0.858,0.0000,0.0000,0.0000,,1
6335,0.850,0.0000,0.0000,0.0000,,1
6336,0.835,0.7881,0.7575,0.0306,,1
6337,0.824,0.0000,0.0000,0.0000,,1
6338,0.843,0.0000,0.0000,0.0000,,1
6339,0.848,0.8159,0.7892,0.0268,,1
6340,0.846,0.0000,0.0000,0.0000,,1
6341,0.741,0.0000,0.0000,0.0000,,1
6342,0.791,0.7916,0.7534,0.0382,,1
6343,0.789,0.0000,0.0000,0.0000,,1
6344,0.854,0.0000,0.0000,0.0000,,1
6345,0.805,0.7900,0.7559,0.0342,,1
6346,0.794,0.0000,0.0000,0.0000,,1
6349,0.838,0.0000,0.0000,0.0000,,1
6350,0.878,0.0000,0.0000,0.0000,,1
6351,0.859,0.7810,0.7424,0.0386,,1
6376,0.901,0.0000,0.0000,0.0000,,1
6377,0.929,0.0000,0.0000,0.0000,,1
6378,0.956,0.8036,0.7679,0.0357,,1
6379,0.936,0.0000,0.0000,0.0000,,1
6396,0.905,0.7951,0.7607,0.0344,,1
6397,0.904,0.0000,0.0000,0.0000,,1
6398,0.912,0.0000,0.0000,0.0000,,1
6399,0.901,0.7975,0.7675,0.0300,,1
6400,0.907,0.0000,0.0000,0.0000,,1
6401,0.915,0.0000,0.0000,0.0000,,1
6402,0.917,0.8100,0.7688,0.0411,,1
6403,0.910,0.0000,0.0000,0.0000,,1
6406,0.908,0.0000,0.0000,0.0000,,1
6407,0.918,0.0000,0.0000,0.0000,,1
6408,0.909,0.8039,0.7709,0.0329,,1
6435,0.908,0.8162,0.7980,0.0182,,1
6436,0.953,0.0000,0.0000,0.0000,,1
6437,0.952,0.0000,0.0000,0.0000,,1
6438,0.948,0.7945,0.7661,0.0284,,1
6439,0.980,0.0000,0.0000,0.0000,,1
6440,0.971,0.0000,0.0000,0.0000,,1
6441,0.974,0.8187,0.7628,0.0559,nike_pogo_plus_japanese_roots,0
6442,0.984,0.0000,0.0000,0.0000,nike_pogo_plus_japanese_roots,0
6443,0.952,0.0000,0.0000,0.0000,nike_pogo_plus_japanese_roots,0
6444,0.982,0.8165,0.7689,0.0476,nike_pogo_plus_japanese_roots,0
6445,0.985,0.0000,0.0000,0.0000,nike_pogo_plus_japanese_roots,0
6446,0.983,0.0000,0.0000,0.0000,nike_pogo_plus_japanese_roots,0
6447,0.977,0.8244,0.7733,0.0512,nike_pogo_plus_japanese_roots,0
6448,0.978,0.0000,0.0000,0.0000,nike_pogo_plus_japanese_roots,0
6449,0.979,0.0000,0.0000,0.0000,nike_pogo_plus_japanese_roots,0
6450,0.962,0.7940,0.7761,0.0179,nike_pogo_plus_japanese_roots,0
6451,0.979,0.0000,0.0000,0.0000,nike_pogo_plus_japanese_roots,0
6452,0.987,0.0000,0.0000,0.0000,nike_pogo_plus_japanese_roots,0
6453,0.989,0.8071,0.7632,0.0439,nike_pogo_plus_japanese_roots,0
6454,0.990,0.0000,0.0000,0.0000,nike_pogo_plus_japanese_roots,0
6455,0.992,0.0000,0.0000,0.0000,,1
6456,0.991,0.8033,0.7741,0.0292,,1
6457,0.991,0.0000,0.0000,0.0000,,1
6458,0.991,0.0000,0.0000,0.0000,,1
6459,0.991,0.8015,0.7630,0.0385,,1
6460,0.991,0.0000,0.0000,0.0000,,1
6461,0.992,0.0000,0.0000,0.0000,,1
6462,0.991,0.8099,0.7640,0.0458,,1
6463,0.992,0.0000,0.0000,0.0000,,1
6464,0.987,0.0000,0.0000,0.0000,,1
6465,0.975,0.8199,0.7858,0.0341,,1
6466,0.973,0.0000,0.0000,0.0000,,1
6467,0.985,0.0000,0.0000,0.0000,,1
6468,0.973,0.8359,0.7934,0.0426,,1
6469,0.955,0.0000,0.0000,0.0000,,1
6470,0.976,0.0000,0.0000,0.0000,,1
6471,0.982,0.8332,0.7895,0.0437,,1
6472,0.986,0.0000,0.0000,0.0000,,1
6473,0.992,0.0000,0.0000,0.0000,,1
6474,0.994,0.8414,0.7985,0.0429,,1
6475,0.995,0.0000,0.0000,0.0000,,1
6476,0.995,0.0000,0.0000,0.0000,,1
6477,0.995,0.8419,0.7870,0.0549,nike_pogo_plus_japanese_roots,0
6478,0.995,0.0000,0.0000,0.0000,nike_pogo_plus_japanese_roots,0
6479,0.993,0.0000,0.0000,0.0000,nike_pogo_plus_japanese_roots,0
6480,0.977,0.8028,0.7739,0.0289,nike_pogo_plus_japanese_roots,0
6481,0.968,0.0000,0.0000,0.0000,nike_pogo_plus_japanese_roots,0
6482,0.985,0.0000,0.0000,0.0000,nike_pogo_plus_japanese_roots,0
6483,0.985,0.7909,0.7645,0.0265,nike_pogo_plus_japanese_roots,0
6484,0.987,0.0000,0.0000,0.0000,nike_pogo_plus_japanese_roots,0
6485,0.992,0.0000,0.0000,0.0000,,1
6486,0.992,0.8144,0.7745,0.0399,,1
6487,0.991,0.0000,0.0000,0.0000,,1
6488,0.991,0.0000,0.0000,0.0000,,1
6489,0.991,0.7940,0.7471,0.0469,,1
6490,0.988,0.0000,0.0000,0.0000,,1
6491,0.991,0.0000,0.0000,0.0000,,1
6492,0.993,0.7985,0.7514,0.0471,,1
6493,0.992,0.0000,0.0000,0.0000,,1
6494,0.993,0.0000,0.0000,0.0000,,1
6495,0.990,0.7845,0.7356,0.0489,,1
6496,0.990,0.0000,0.0000,0.0000,,1
6497,0.991,0.0000,0.0000,0.0000,,1
6498,0.992,0.8182,0.7686,0.0496,,1
6499,0.991,0.0000,0.0000,0.0000,,1
6500,0.991,0.0000,0.0000,0.0000,,1
6501,0.992,0.8189,0.7672,0.0517,nike_pogo_plus_japanese_roots,0
6502,0.992,0.0000,0.0000,0.0000,nike_pogo_plus_japanese_roots,0
6503,0.992,0.0000,0.0000,0.0000,nike_pogo_plus_japanese_roots,0
6504,0.992,0.8155,0.7832,0.0323,nike_pogo_plus_japanese_roots,0
6505,0.993,0.0000,0.0000,0.0000,nike_pogo_plus_japanese_roots,0
6506,0.980,0.0000,0.0000,0.0000,nike_pogo_plus_japanese_roots,0
6507,0.977,0.8030,0.7712,0.0318,nike_pogo_plus_japanese_roots,0
6508,0.987,0.0000,0.0000,0.0000,nike_pogo_plus_japanese_roots,0
6509,0.986,0.0000,0.0000,0.0000,,1
6510,0.986,0.8191,0.7949,0.0243,,1
6511,0.984,0.0000,0.0000,0.0000,,1
6512,0.976,0.0000,0.0000,0.0000,,1
6513,0.974,0.8091,0.7861,0.0230,,1
6514,0.981,0.0000,0.0000,0.0000,,1
6515,0.987,0.0000,0.0000,0.0000,,1
6516,0.988,0.8031,0.7680,0.0350,,1
6517,0.991,0.0000,0.0000,0.0000,,1
6518,0.991,0.0000,0.0000,0.0000,,1
6519,0.985,0.7998,0.7814,0.0185,,1
6520,0.967,0.0000,0.0000,0.0000,,1
6521,0.989,0.0000,0.0000,0.0000,,1
6522,0.993,0.7794,0.7523,0.0271,,1
6523,0.993,0.0000,0.0000,0.0000,,1
6524,0.961,0.0000,0.0000,0.0000,,1
6525,0.965,0.7878,0.7453,0.0425,,1
6526,0.929,0.0000,0.0000,0.0000,,1
6527,0.984,0.0000,0.0000,0.0000,,1
6528,0.976,0.8165,0.7808,0.0358,,1
6529,0.979,0.0000,0.0000,0.0000,,1
6530,0.982,0.0000,0.0000,0.0000,,1
6531,0.968,0.8175,0.7774,0.0401,,1
6532,0.966,0.0000,0.0000,0.0000,,1
6533,0.966,0.0000,0.0000,0.0000,,1
6534,0.980,0.8078,0.7670,0.0407,,1
6535,0.983,0.0000,0.0000,0.0000,,1
6536,0.943,0.0000,0.0000,0.0000,,1
6537,0.972,0.8137,0.7729,0.0408,,1
6538,0.979,0.0000,0.0000,0.0000,,1
6539,0.971,0.0000,0.0000,0.0000,,1
6540,0.969,0.7900,0.7557,0.0343,,1
6541,0.980,0.0000,0.0000,0.0000,,1
6542,0.985,0.0000,0.0000,0.0000,,1
6543,0.987,0.8241,0.7790,0.0450,,1
6544,0.989,0.0000,0.0000,0.0000,,1
6545,0.985,0.0000,0.0000,0.0000,,1
6546,0.985,0.8206,0.7704,0.0502,nike_pogo_plus_japanese_roots,0
6547,0.983,0.0000,0.0000,0.0000,nike_pogo_plus_japanese_roots,0
6548,0.966,0.0000,0.0000,0.0000,nike_pogo_plus_japanese_roots,0
6549,0.970,0.8182,0.7720,0.0462,nike_pogo_plus_japanese_roots,0
6550,0.972,0.0000,0.0000,0.0000,nike_pogo_plus_japanese_roots,0
6551,0.982,0.0000,0.0000,0.0000,nike_pogo_plus_japanese_roots,0
6552,0.984,0.8090,0.7558,0.0532,nike_pogo_plus_japanese_roots,0
6553,0.982,0.0000,0.0000,0.0000,nike_pogo_plus_japanese_roots,0
6554,0.981,0.0000,0.0000,0.0000,nike_pogo_plus_japanese_roots,0
6555,0.984,0.8133,0.7599,0.0533,nike_pogo_plus_japanese_roots,0
6556,0.984,0.0000,0.0000,0.0000,nike_pogo_plus_japanese_roots,0
6557,0.985,0.0000,0.0000,0.0000,nike_pogo_plus_japanese_roots,0
6558,0.986,0.8105,0.7578,0.0527,nike_pogo_plus_japanese_roots,0
6559,0.981,0.0000,0.0000,0.0000,nike_pogo_plus_japanese_roots,0
6560,0.984,0.0000,0.0000,0.0000,nike_pogo_plus_japanese_roots,0
6561,0.983,0.8093,0.7582,0.0511,nike_pogo_plus_japanese_roots,0
6562,0.983,0.0000,0.0000,0.0000,nike_pogo_plus_japanese_roots,0
6563,0.985,0.0000,0.0000,0.0000,nike_pogo_plus_japanese_roots,0
6564,0.980,0.8025,0.7545,0.0480,nike_pogo_plus_japanese_roots,0
6565,0.976,0.0000,0.0000,0.0000,nike_pogo_plus_japanese_roots,0
6566,0.979,0.0000,0.0000,0.0000,nike_pogo_plus_japanese_roots,0
6567,0.979,0.8101,0.7547,0.0554,nike_pogo_plus_japanese_roots,0
6568,0.977,0.0000,0.0000,0.0000,nike_pogo_plus_japanese_roots,0
6569,0.971,0.0000,0.0000,0.0000,nike_pogo_plus_japanese_roots,0
6570,0.951,0.8297,0.7796,0.0501,nike_pogo_plus_japanese_roots,0
6571,0.946,0.0000,0.0000,0.0000,nike_pogo_plus_japanese_roots,0
6572,0.975,0.0000,0.0000,0.0000,nike_pogo_plus_japanese_roots,0
6573,0.982,0.8341,0.7908,0.0433,nike_pogo_plus_japanese_roots,0
6574,0.988,0.0000,0.0000,0.0000,nike_pogo_plus_japanese_roots,0
6575,0.956,0.0000,0.0000,0.0000,nike_pogo_plus_japanese_roots,0
6576,0.940,0.8111,0.7783,0.0329,nike_pogo_plus_japanese_roots,0
6577,0.940,0.0000,0.0000,0.0000,nike_pogo_plus_japanese_roots,0
6578,0.948,0.0000,0.0000,0.0000,,1
6579,0.941,0.7945,0.7703,0.0242,,1
6638,0.905,0.0000,0.0000,0.0000,,1
6648,0.914,0.8281,0.7784,0.0496,,1
6671,0.901,0.0000,0.0000,0.0000,,1
6678,0.917,0.8179,0.7857,0.0322,,1
6679,0.930,0.0000,0.0000,0.0000,,1
6713,0.917,0.0000,0.0000,0.0000,,1
6714,0.908,0.7988,0.7725,0.0263,,1
6718,0.912,0.0000,0.0000,0.0000,,1
6719,0.921,0.0000,0.0000,0.0000,,1
6755,0.916,0.0000,0.0000,0.0000,,1
6756,0.932,0.7915,0.7452,0.0463,,1
6757,0.922,0.0000,0.0000,0.0000,,1
6758,0.927,0.0000,0.0000,0.0000,,1
6759,0.928,0.8341,0.8027,0.0314,,1
6760,0.929,0.0000,0.0000,0.0000,,1
6761,0.942,0.0000,0.0000,0.0000,,1
6762,0.933,0.7929,0.7511,0.0417,,1
6763,0.928,0.0000,0.0000,0.0000,,1
6764,0.942,0.0000,0.0000,0.0000,,1
6765,0.947,0.8161,0.7624,0.0537,nike_pogo_plus_japanese_roots,0
6766,0.944,0.0000,0.0000,0.0000,nike_pogo_plus_japanese_roots,0
6767,0.946,0.0000,0.0000,0.0000,nike_pogo_plus_japanese_roots,0
6768,0.936,0.8217,0.7839,0.0378,nike_pogo_plus_japanese_roots,0
6769,0.939,0.0000,0.0000,0.0000,nike_pogo_plus_japanese_roots,0
6770,0.937,0.0000,0.0000,0.0000,nike_pogo_plus_japanese_roots,0
6771,0.937,0.8291,0.7910,0.0381,nike_pogo_plus_japanese_roots,0
6772,0.935,0.0000,0.0000,0.0000,nike_pogo_plus_japanese_roots,0
6773,0.940,0.0000,0.0000,0.0000,,1
6774,0.937,0.8151,0.7757,0.0394,,1
6775,0.945,0.0000,0.0000,0.0000,,1
6776,0.943,0.0000,0.0000,0.0000,,1
6777,0.941,0.8064,0.7621,0.0443,,1
6778,0.939,0.0000,0.0000,0.0000,,1
6779,0.939,0.0000,0.0000,0.0000,,1
6780,0.936,0.8008,0.7562,0.0446,,1
6781,0.935,0.0000,0.0000,0.0000,,1
6782,0.943,0.0000,0.0000,0.0000,,1
6783,0.941,0.8296,0.7760,0.0535,nike_pogo_plus_japanese_roots,0
6784,0.940,0.0000,0.0000,0.0000,nike_pogo_plus_japanese_roots,0
6785,0.945,0.0000,0.0000,0.0000,nike_pogo_plus_japanese_roots,0
6786,0.945,0.8052,0.7543,0.0508,nike_pogo_plus_japanese_roots,0
6787,0.942,0.0000,0.0000,0.0000,nike_pogo_plus_japanese_roots,0
6788,0.935,0.0000,0.0000,0.0000,nike_pogo_plus_japanese_roots,0
6789,0.938,0.8237,0.7658,0.0579,nike_pogo_plus_japanese_roots,0
6790,0.939,0.0000,0.0000,0.0000,nike_pogo_plus_japanese_roots,0
6791,0.940,0.0000,0.0000,0.0000,nike_pogo_plus_japanese_roots,0
6792,0.943,0.7836,0.7400,0.0435,nike_pogo_plus_japanese_roots,0
6793,0.939,0.0000,0.0000,0.0000,nike_pogo_plus_japanese_roots,0
6794,0.944,0.0000,0.0000,0.0000,nike_pogo_plus_japanese_roots,0
6795,0.939,0.8063,0.7649,0.0414,nike_pogo_plus_japanese_roots,0
6796,0.941,0.0000,0.0000,0.0000,nike_pogo_plus_japanese_roots,0
6797,0.938,0.0000,0.0000,0.0000,,1
6798,0.941,0.8339,0.7965,0.0374,,1
6799,0.940,0.0000,0.0000,0.0000,,1
6800,0.939,0.0000,0.0000,0.0000,,1
6801,0.944,0.7963,0.7574,0.0389,,1
6802,0.935,0.0000,0.0000,0.0000,,1
6803,0.940,0.0000,0.0000,0.0000,,1
6804,0.941,0.8241,0.7875,0.0365,,1
6805,0.938,0.0000,0.0000,0.0000,,1
6806,0.939,0.0000,0.0000,0.0000,,1
6807,0.938,0.8210,0.7847,0.0363,,1
6808,0.939,0.0000,0.0000,0.0000,,1
6809,0.938,0.0000,0.0000,0.0000,,1
6810,0.938,0.8234,0.7812,0.0422,,1
6811,0.941,0.0000,0.0000,0.0000,,1
6812,0.942,0.0000,0.0000,0.0000,,1
6813,0.940,0.8186,0.7809,0.0377,,1
6814,0.940,0.0000,0.0000,0.0000,,1
6815,0.939,0.0000,0.0000,0.0000,,1
6816,0.937,0.8268,0.7979,0.0288,,1
6817,0.933,0.0000,0.0000,0.0000,,1
6818,0.940,0.0000,0.0000,0.0000,,1
6819,0.939,0.8054,0.7663,0.0391,,1
6820,0.942,0.0000,0.0000,0.0000,,1
6821,0.941,0.0000,0.0000,0.0000,,1
6822,0.942,0.8245,0.7793,0.0452,,1
6823,0.940,0.0000,0.0000,0.0000,,1
6824,0.938,0.0000,0.0000,0.0000,,1
6825,0.935,0.8074,0.7676,0.0398,,1
6826,0.939,0.0000,0.0000,0.0000,,1
6827,0.936,0.0000,0.0000,0.0000,,1
6828,0.941,0.8018,0.7592,0.0426,,1
6829,0.944,0.0000,0.0000,0.0000,,1
6830,0.940,0.0000,0.0000,0.0000,,1
6831,0.936,0.8183,0.7790,0.0392,,1
6832,0.942,0.0000,0.0000,0.0000,,1
6833,0.940,0.0000,0.0000,0.0000,,1
6834,0.935,0.8316,0.7777,0.0539,nike_pogo_plus_japanese_roots,0
6835,0.939,0.0000,0.0000,0.0000,nike_pogo_plus_japanese_roots,0
6836,0.940,0.0000,0.0000,0.0000,nike_pogo_plus_japanese_roots,0
6837,0.937,0.8313,0.7840,0.0472,nike_pogo_plus_japanese_roots,0
6838,0.942,0.0000,0.0000,0.0000,nike_pogo_plus_japanese_roots,0
6839,0.943,0.0000,0.0000,0.0000,nike_pogo_plus_japanese_roots,0
6840,0.928,0.7976,0.7562,0.0414,nike_pogo_plus_japanese_roots,0
6841,0.942,0.0000,0.0000,0.0000,nike_pogo_plus_japanese_roots,0
6842,0.935,0.0000,0.0000,0.0000,,1
6843,0.927,0.8232,0.7753,0.0479,,1
6898,0.902,0.0000,0.0000,0.0000,,1
6900,0.911,0.8385,0.8324,0.0061,,1
6901,0.962,0.0000,0.0000,0.0000,,1
6912,0.915,0.8173,0.7902,0.0271,,1
6913,0.928,0.0000,0.0000,0.0000,,1
6914,0.943,0.0000,0.0000,0.0000,,1
6915,0.949,0.8275,0.8038,0.0237,,1
6916,0.916,0.0000,0.0000,0.0000,,1
6917,0.964,0.0000,0.0000,0.0000,,1
6918,0.991,0.8439,0.7980,0.0459,,1
6919,0.990,0.0000,0.0000,0.0000,,1
6920,0.954,0.0000,0.0000,0.0000,,1
6921,0.929,0.8225,0.7848,0.0377,,1
6925,0.945,0.0000,0.0000,0.0000,,1
6927,0.948,0.8413,0.7966,0.0447,,1
6928,0.924,0.0000,0.0000,0.0000,,1
6929,0.912,0.0000,0.0000,0.0000,,1
6930,0.933,0.8374,0.8084,0.0290,,1
6931,0.954,0.0000,0.0000,0.0000,,1
6932,0.920,0.0000,0.0000,0.0000,,1
6933,0.931,0.8043,0.7822,0.0222,,1
6935,0.984,0.0000,0.0000,0.0000,,1
6936,0.923,0.8519,0.8087,0.0432,,1
6955,0.932,0.0000,0.0000,0.0000,,1
6956,0.927,0.0000,0.0000,0.0000,,1
6963,0.928,0.8330,0.8065,0.0265,,1
6964,0.912,0.0000,0.0000,0.0000,,1
6971,0.914,0.0000,0.0000,0.0000,,1
6972,0.957,0.8663,0.8164,0.0500,,1
6973,0.946,0.0000,0.0000,0.0000,,1
6974,0.970,0.0000,0.0000,0.0000,,1
6975,0.987,0.8551,0.8193,0.0358,,1
6976,0.973,0.0000,0.0000,0.0000,,1
6977,0.983,0.0000,0.0000,0.0000,,1
6978,0.973,0.8454,0.8063,0.0391,,1
6979,0.972,0.0000,0.0000,0.0000,,1
6980,0.982,0.0000,0.0000,0.0000,,1
6981,0.989,0.8402,0.7988,0.0414,,1
6982,0.970,0.0000,0.0000,0.0000,,1
6983,0.967,0.0000,0.0000,0.0000,,1
6984,0.930,0.8269,0.7845,0.0424,,1
6986,0.964,0.0000,0.0000,0.0000,,1
6987,0.948,0.8346,0.8012,0.0334,,1
6988,0.940,0.0000,0.0000,0.0000,,1
6989,0.943,0.0000,0.0000,0.0000,,1
6990,0.909,0.8233,0.7847,0.0385,,1
6991,0.930,0.0000,0.0000,0.0000,,1
6992,0.958,0.0000,0.0000,0.0000,,1
6993,0.938,0.8376,0.8042,0.0334,,1
6994,0.920,0.0000,0.0000,0.0000,,1
6995,0.915,0.0000,0.0000,0.0000,,1
6999,0.980,0.8433,0.8230,0.0203,,1
7000,0.973,0.0000,0.0000,0.0000,,1
7001,0.918,0.0000,0.0000,0.0000,,1
7002,0.966,0.8317,0.7937,0.0380,,1
7003,0.987,0.0000,0.0000,0.0000,,1
7010,0.913,0.0000,0.0000,0.0000,,1
7016,0.967,0.0000,0.0000,0.0000,,1
7022,0.968,0.0000,0.0000,0.0000,,1
7023,0.987,0.7999,0.7798,0.0201,,1
7024,0.988,0.0000,0.0000,0.0000,,1
7025,0.972,0.0000,0.0000,0.0000,,1
7026,0.950,0.8132,0.7976,0.0156,,1
7028,0.953,0.0000,0.0000,0.0000,,1
7029,0.960,0.8050,0.7761,0.0289,,1
7030,0.936,0.0000,0.0000,0.0000,,1
7031,0.909,0.0000,0.0000,0.0000,,1
7032,0.964,0.8186,0.7885,0.0301,,1
7033,0.947,0.0000,0.0000,0.0000,,1
7034,0.942,0.0000,0.0000,0.0000,,1
7035,0.948,0.8057,0.7857,0.0200,,1
7038,0.945,0.7733,0.7724,0.0010,,1
7039,0.975,0.0000,0.0000,0.0000,,1
7041,0.925,0.7743,0.7713,0.0029,,1
7042,0.956,0.0000,0.0000,0.0000,,1
7043,0.989,0.0000,0.0000,0.0000,,1
7044,0.988,0.7981,0.7766,0.0215,,1
7045,0.994,0.0000,0.0000,0.0000,,1
7046,0.988,0.0000,0.0000,0.0000,,1
7047,0.994,0.7938,0.7663,0.0275,,1
7048,0.998,0.0000,0.0000,0.0000,,1
7049,0.988,0.0000,0.0000,0.0000,,1
7050,0.998,0.8228,0.7898,0.0331,,1
7051,0.997,0.0000,0.0000,0.0000,,1
7052,0.988,0.0000,0.0000,0.0000,,1
7053,0.993,0.8300,0.8056,0.0244,,1
7054,0.984,0.0000,0.0000,0.0000,,1
7055,0.968,0.0000,0.0000,0.0000,,1
7056,0.994,0.8314,0.7909,0.0406,,1
7057,0.988,0.0000,0.0000,0.0000,,1
7058,0.989,0.0000,0.0000,0.0000,,1
7059,0.996,0.8303,0.7975,0.0328,,1
7060,0.994,0.0000,0.0000,0.0000,,1
7061,0.991,0.0000,0.0000,0.0000,,1
7062,0.992,0.8115,0.7873,0.0242,,1
7063,0.982,0.0000,0.0000,0.0000,,1
7064,0.971,0.0000,0.0000,0.0000,,1
7065,0.989,0.8286,0.7971,0.0315,,1
7066,0.994,0.0000,0.0000,0.0000,,1
7067,0.995,0.0000,0.0000,0.0000,,1
7068,0.992,0.8279,0.7950,0.0328,,1
7069,0.998,0.0000,0.0000,0.0000,,1
7070,0.995,0.0000,0.0000,0.0000,,1
7071,0.992,0.8277,0.7901,0.0376,,1
7072,0.987,0.0000,0.0000,0.0000,,1
7073,0.996,0.0000,0.0000,0.0000,,1
7074,0.992,0.8266,0.7879,0.0387,,1
7075,0.992,0.0000,0.0000,0.0000,,1
7076,0.996,0.0000,0.0000,0.0000,,1
7077,0.994,0.8294,0.8006,0.0288,,1
7078,0.993,0.0000,0.0000,0.0000,,1
7079,0.981,0.0000,0.0000,0.0000,,1
7080,0.963,0.8448,0.8042,0.0405,,1
7081,0.967,0.0000,0.0000,0.0000,,1
7082,0.992,0.0000,0.0000,0.0000,,1
7083,0.997,0.8449,0.8126,0.0323,,1
7084,0.984,0.0000,0.0000,0.0000,,1
7085,0.952,0.0000,0.0000,0.0000,,1
7086,0.971,0.8520,0.8210,0.0310,,1
7087,0.989,0.0000,0.0000,0.0000,,1
7088,0.959,0.0000,0.0000,0.0000,,1
7089,0.981,0.8253,0.8042,0.0211,,1
7090,0.993,0.0000,0.0000,0.0000,,1
7091,0.964,0.0000,0.0000,0.0000,,1
7092,0.919,0.8585,0.8320,0.0265,,1
7092,0.911,0.8172,0.7894,0.0278,,1
7093,0.960,0.0000,0.0000,0.0000,,1
7094,0.901,0.0000,0.0000,0.0000,,1
7099,0.917,0.0000,0.0000,0.0000,,1
7100,0.953,0.0000,0.0000,0.0000,,1
7104,0.976,0.8382,0.8097,0.0285,,1
7105,0.981,0.0000,0.0000,0.0000,,1
7106,0.918,0.0000,0.0000,0.0000,,1
7107,0.994,0.8695,0.8150,0.0546,nike_pogo_plus_japanese_roots,0
7108,0.985,0.0000,0.0000,0.0000,nike_pogo_plus_japanese_roots,0
7111,0.939,0.0000,0.0000,0.0000,nike_pogo_plus_japanese_roots,0
7115,0.956,0.0000,0.0000,0.0000,nike_pogo_plus_japanese_roots,0
7116,0.928,0.8517,0.8137,0.0380,nike_pogo_plus_japanese_roots,0
7117,0.937,0.0000,0.0000,0.0000,nike_pogo_plus_japanese_roots,0
7118,0.918,0.0000,0.0000,0.0000,nike_pogo_plus_japanese_roots,0
7119,0.938,0.8421,0.8120,0.0301,nike_pogo_plus_japanese_roots,0
7120,0.909,0.0000,0.0000,0.0000,,1
7121,0.935,0.0000,0.0000,0.0000,,1
7122,0.947,0.8477,0.8174,0.0303,,1
7123,0.947,0.0000,0.0000,0.0000,,1
7124,0.923,0.0000,0.0000,0.0000,,1
7126,0.945,0.0000,0.0000,0.0000,,1
7127,0.949,0.0000,0.0000,0.0000,,1
7128,0.955,0.8274,0.8035,0.0240,,1
7129,0.918,0.0000,0.0000,0.0000,,1
7130,0.916,0.0000,0.0000,0.0000,,1
7131,0.916,0.8441,0.8210,0.0232,,1
7134,0.972,0.8381,0.8122,0.0258,,1
7135,0.982,0.0000,0.0000,0.0000,,1
7137,0.937,0.8421,0.8209,0.0212,,1
7139,0.945,0.0000,0.0000,0.0000,,1
7140,0.953,0.8450,0.8185,0.0265,,1
7141,0.926,0.0000,0.0000,0.0000,,1
7142,0.909,0.0000,0.0000,0.0000,,1
7143,0.984,0.8457,0.8191,0.0266,,1
7144,0.975,0.0000,0.0000,0.0000,,1
7145,0.962,0.0000,0.0000,0.0000,,1
7146,0.949,0.8357,0.8017,0.0340,,1
7147,0.957,0.0000,0.0000,0.0000,,1
7148,0.955,0.0000,0.0000,0.0000,,1
7149,0.935,0.8350,0.8015,0.0335,,1
7150,0.948,0.0000,0.0000,0.0000,,1
7151,0.968,0.0000,0.0000,0.0000,,1
7152,0.967,0.8260,0.8044,0.0216,,1
7153,0.958,0.0000,0.0000,0.0000,,1
7154,0.976,0.0000,0.0000,0.0000,,1
7155,0.952,0.8466,0.8057,0.0409,,1
7156,0.978,0.0000,0.0000,0.0000,,1
7157,0.976,0.0000,0.0000,0.0000,,1
7158,0.968,0.8414,0.8051,0.0363,,1
7159,0.963,0.0000,0.0000,0.0000,,1
7160,0.945,0.0000,0.0000,0.0000,,1
7161,0.975,0.8272,0.7962,0.0310,,1
7162,0.977,0.0000,0.0000,0.0000,,1
7163,0.944,0.0000,0.0000,0.0000,,1
7164,0.952,0.8518,0.8141,0.0378,,1
7165,0.976,0.0000,0.0000,0.0000,,1
7166,0.980,0.0000,0.0000,0.0000,,1
7167,0.978,0.8424,0.8015,0.0409,,1
7168,0.973,0.0000,0.0000,0.0000,,1
7169,0.988,0.0000,0.0000,0.0000,,1
7170,0.979,0.8277,0.7905,0.0372,,1
7171,0.979,0.0000,0.0000,0.0000,,1
7172,0.953,0.0000,0.0000,0.0000,,1
7173,0.958,0.8387,0.7990,0.0397,,1
7174,0.982,0.0000,0.0000,0.0000,,1
7175,0.981,0.0000,0.0000,0.0000,,1
7176,0.982,0.8130,0.7809,0.0321,,1
7177,0.962,0.0000,0.0000,0.0000,,1
7178,0.927,0.0000,0.0000,0.0000,,1
7179,0.959,0.8317,0.7859,0.0458,,1
7181,0.953,0.0000,0.0000,0.0000,,1
7182,0.942,0.8466,0.7951,0.0515,nike_pogo_plus_japanese_roots,0
7183,0.946,0.0000,0.0000,0.0000,nike_pogo_plus_japanese_roots,0
7184,0.962,0.0000,0.0000,0.0000,nike_pogo_plus_japanese_roots,0
7185,0.969,0.8433,0.8039,0.0394,nike_pogo_plus_japanese_roots,0
7186,0.979,0.0000,0.0000,0.0000,nike_pogo_plus_japanese_roots,0
7187,0.979,0.0000,0.0000,0.0000,nike_pogo_plus_japanese_roots,0
7188,0.983,0.8442,0.7957,0.0485,nike_pogo_plus_japanese_roots,0
7189,0.974,0.0000,0.0000,0.0000,nike_pogo_plus_japanese_roots,0
7190,0.937,0.0000,0.0000,0.0000,,1
7191,0.960,0.8424,0.7948,0.0476,,1
7192,0.964,0.0000,0.0000,0.0000,,1
7193,0.964,0.0000,0.0000,0.0000,,1
7194,0.975,0.8474,0.7975,0.0498,,1
7195,0.983,0.0000,0.0000,0.0000,,1
7196,0.965,0.0000,0.0000,0.0000,,1
7197,0.957,0.8393,0.7931,0.0462,,1
7198,0.961,0.0000,0.0000,0.0000,,1
7199,0.943,0.0000,0.0000,0.0000,,1
7200,0.901,0.8335,0.7962,0.0373,,1
7201,0.945,0.0000,0.0000,0.0000,,1
7202,0.991,0.0000,0.0000,0.0000,,1
7203,0.990,0.8354,0.7886,0.0469,,1
7204,0.981,0.0000,0.0000,0.0000,,1
7205,0.986,0.0000,0.0000,0.0000,,1
7206,0.989,0.8302,0.7839,0.0463,,1
7207,0.985,0.0000,0.0000,0.0000,,1
7208,0.955,0.0000,0.0000,0.0000,,1
7209,0.979,0.8346,0.7935,0.0411,,1
7210,0.975,0.0000,0.0000,0.0000,,1
7211,0.961,0.0000,0.0000,0.0000,,1
7212,0.971,0.8326,0.7974,0.0353,,1
7213,0.959,0.0000,0.0000,0.0000,,1
7214,0.993,0.0000,0.0000,0.0000,,1
7215,0.988,0.8313,0.7854,0.0459,,1
7216,0.980,0.0000,0.0000,0.0000,,1
7217,0.980,0.0000,0.0000,0.0000,,1
7218,0.977,0.8456,0.8021,0.0434,,1
7219,0.967,0.0000,0.0000,0.0000,,1
7220,0.972,0.0000,0.0000,0.0000,,1
7221,0.974,0.8291,0.7940,0.0352,,1
7222,0.968,0.0000,0.0000,0.0000,,1
7223,0.929,0.0000,0.0000,0.0000,,1
7224,0.971,0.8256,0.7910,0.0346,,1
7225,0.958,0.0000,0.0000,0.0000,,1
7227,0.913,0.8246,0.7920,0.0327,,1
7234,0.904,0.0000,0.0000,0.0000,,1
7235,0.949,0.0000,0.0000,0.0000,,1
7236,0.947,0.8072,0.7725,0.0347,,1
7239,0.900,0.8081,0.7948,0.0133,,1
7245,0.907,0.7852,0.7834,0.0018,,1
7260,0.940,0.7919,0.7872,0.0047,,1
7262,0.964,0.0000,0.0000,0.0000,,1
7263,0.960,0.8174,0.7892,0.0282,,1
7265,0.903,0.0000,0.0000,0.0000,,1
7266,0.911,0.8251,0.8156,0.0095,,1
7267,0.940,0.0000,0.0000,0.0000,,1
7268,0.927,0.0000,0.0000,0.0000,,1
7269,0.904,0.7699,0.7554,0.0146,,1
7271,0.916,0.0000,0.0000,0.0000,,1
7272,0.964,0.7473,0.7403,0.0070,,1
7273,0.964,0.0000,0.0000,0.0000,,1
7274,0.908,0.0000,0.0000,0.0000,,1
7275,0.942,0.7622,0.7436,0.0186,,1
7276,0.972,0.0000,0.0000,0.0000,,1
7277,0.982,0.0000,0.0000,0.0000,,1
7278,0.983,0.7732,0.7657,0.0075,,1
7279,0.992,0.0000,0.0000,0.0000,,1
7280,0.989,0.0000,0.0000,0.0000,,1
7281,0.994,0.7954,0.7819,0.0135,,1
7282,0.992,0.0000,0.0000,0.0000,,1
7283,0.983,0.0000,0.0000,0.0000,,1
7284,0.948,0.8013,0.7906,0.0106,,1
7285,0.976,0.0000,0.0000,0.0000,,1
7286,0.952,0.0000,0.0000,0.0000,,1
7287,0.993,0.8026,0.7967,0.0059,,1
7288,0.966,0.0000,0.0000,0.0000,,1
7289,0.924,0.0000,0.0000,0.0000,,1
7297,0.958,0.0000,0.0000,0.0000,,1
7298,0.974,0.0000,0.0000,0.0000,,1
7299,0.973,0.7526,0.7524,0.0002,,1
7300,0.985,0.0000,0.0000,0.0000,,1
7301,0.979,0.0000,0.0000,0.0000,,1
7302,0.975,0.7407,0.7379,0.0028,,1
7303,0.959,0.0000,0.0000,0.0000,,1
7309,0.946,0.0000,0.0000,0.0000,,1
7310,0.925,0.0000,0.0000,0.0000,,1
7311,0.948,0.8360,0.8013,0.0347,,1
7312,0.940,0.0000,0.0000,0.0000,,1
7314,0.913,0.8164,0.7928,0.0236,,1
7318,0.915,0.0000,0.0000,0.0000,,1
7321,0.937,0.0000,0.0000,0.0000,,1
7322,0.942,0.0000,0.0000,0.0000,,1
7323,0.959,0.8412,0.8026,0.0386,,1
7324,0.985,0.0000,0.0000,0.0000,,1
7332,0.963,0.8381,0.8175,0.0206,,1
7333,0.921,0.0000,0.0000,0.0000,,1
7334,0.969,0.0000,0.0000,0.0000,,1
7335,0.956,0.8511,0.8061,0.0449,,1
7339,0.957,0.0000,0.0000,0.0000,,1
7340,0.969,0.0000,0.0000,0.0000,,1
7341,0.981,0.8428,0.8069,0.0359,,1
7342,0.993,0.0000,0.0000,0.0000,,1
7343,0.997,0.0000,0.0000,0.0000,,1
7344,0.997,0.8449,0.8078,0.0371,,1
7345,0.997,0.0000,0.0000,0.0000,,1
7346,0.997,0.0000,0.0000,0.0000,,1
7347,0.997,0.8611,0.8234,0.0378,,1
7348,0.997,0.0000,0.0000,0.0000,,1
7349,0.992,0.0000,0.0000,0.0000,,1
7350,0.992,0.8623,0.8071,0.0552,nike_pogo_plus_japanese_roots,0
7351,0.993,0.0000,0.0000,0.0000,nike_pogo_plus_japanese_roots,0
7352,0.980,0.0000,0.0000,0.0000,nike_pogo_plus_japanese_roots,0
7353,0.985,0.8444,0.8113,0.0331,nike_pogo_plus_japanese_roots,0
7354,0.989,0.0000,0.0000,0.0000,nike_pogo_plus_japanese_roots,0
7355,0.973,0.0000,0.0000,0.0000,nike_pogo_plus_japanese_roots,0
7356,0.984,0.8375,0.8101,0.0274,nike_pogo_plus_japanese_roots,0
7357,0.983,0.0000,0.0000,0.0000,nike_pogo_plus_japanese_roots,0
7358,0.983,0.0000,0.0000,0.0000,,1
7359,0.982,0.8259,0.7942,0.0317,,1
7360,0.981,0.0000,0.0000,0.0000,,1
7362,0.964,0.8522,0.8169,0.0353,,1
7363,0.990,0.0000,0.0000,0.0000,,1
7364,0.951,0.0000,0.0000,0.0000,,1
7365,0.970,0.8416,0.8186,0.0230,,1
7366,0.964,0.0000,0.0000,0.0000,,1
7367,0.983,0.0000,0.0000,0.0000,,1
7368,0.990,0.8435,0.8150,0.0286,,1
7369,0.989,0.0000,0.0000,0.0000,,1
7370,0.960,0.0000,0.0000,0.0000,,1
7371,0.970,0.8461,0.8173,0.0288,,1
7372,0.973,0.0000,0.0000,0.0000,,1
7373,0.950,0.0000,0.0000,0.0000,,1
7374,0.962,0.8256,0.8127,0.0129,,1
7375,0.979,0.0000,0.0000,0.0000,,1
7376,0.982,0.0000,0.0000,0.0000,,1
7377,0.981,0.8352,0.8099,0.0253,,1
7378,0.982,0.0000,0.0000,0.0000,,1
7379,0.973,0.0000,0.0000,0.0000,,1
7380,0.988,0.8273,0.8108,0.0165,,1
7381,0.983,0.0000,0.0000,0.0000,,1
7382,0.979,0.0000,0.0000,0.0000,,1
7383,0.981,0.8340,0.8120,0.0220,,1
7384,0.992,0.0000,0.0000,0.0000,,1
7385,0.988,0.0000,0.0000,0.0000,,1
7386,0.988,0.8166,0.8006,0.0159,,1
7387,0.988,0.0000,0.0000,0.0000,,1
7388,0.990,0.0000,0.0000,0.0000,,1
7389,0.990,0.8237,0.8094,0.0143,,1
7390,0.975,0.0000,0.0000,0.0000,,1
7391,0.943,0.0000,0.0000,0.0000,,1
7392,0.953,0.8373,0.8146,0.0227,,1
7393,0.960,0.0000,0.0000,0.0000,,1
7394,0.921,0.0000,0.0000,0.0000,,1
7395,0.945,0.8309,0.7938,0.0370,,1
7396,0.975,0.0000,0.0000,0.0000,,1
7397,0.987,0.0000,0.0000,0.0000,,1
7398,0.960,0.8344,0.8055,0.0289,,1
7399,0.965,0.0000,0.0000,0.0000,,1
7400,0.955,0.0000,0.0000,0.0000,,1
7401,0.976,0.8361,0.8034,0.0328,,1
7402,0.955,0.0000,0.0000,0.0000,,1
7403,0.965,0.0000,0.0000,0.0000,,1
7406,0.920,0.0000,0.0000,0.0000,,1
7407,0.917,0.8430,0.8166,0.0264,,1
7408,0.970,0.0000,0.0000,0.0000,,1
7409,0.970,0.0000,0.0000,0.0000,,1
7410,0.976,0.8372,0.8115,0.0257,,1
7411,0.980,0.0000,0.0000,0.0000,,1
7412,0.962,0.0000,0.0000,0.0000,,1
7413,0.971,0.8445,0.8209,0.0236,,1
7414,0.971,0.0000,0.0000,0.0000,,1
7415,0.982,0.0000,0.0000,0.0000,,1
7416,0.973,0.8368,0.8140,0.0227,,1
7417,0.976,0.0000,0.0000,0.0000,,1
7418,0.987,0.0000,0.0000,0.0000,,1
7419,0.990,0.8309,0.8017,0.0292,,1
7420,0.977,0.0000,0.0000,0.0000,,1
7421,0.994,0.0000,0.0000,0.0000,,1
7422,0.990,0.8491,0.8166,0.0325,,1
7423,0.982,0.0000,0.0000,0.0000,,1
7424,0.987,0.0000,0.0000,0.0000,,1
7425,0.988,0.8405,0.8085,0.0320,,1
7426,0.989,0.0000,0.0000,0.0000,,1
7427,0.986,0.0000,0.0000,0.0000,,1
7428,0.970,0.8470,0.8175,0.0295,,1
7429,0.948,0.0000,0.0000,0.0000,,1
7430,0.975,0.0000,0.0000,0.0000,,1
7431,0.984,0.8464,0.8173,0.0292,,1
7432,0.988,0.0000,0.0000,0.0000,,1
7433,0.989,0.0000,0.0000,0.0000,,1
7434,0.988,0.8376,0.8030,0.0346,,1
7435,0.984,0.0000,0.0000,0.0000,,1
7436,0.960,0.0000,0.0000,0.0000,,1
7437,0.976,0.8414,0.8114,0.0300,,1
7438,0.990,0.0000,0.0000,0.0000,,1
7439,0.986,0.0000,0.0000,0.0000,,1
7440,0.982,0.8431,0.8126,0.0304,,1
7441,0.977,0.0000,0.0000,0.0000,,1
7442,0.982,0.0000,0.0000,0.0000,,1
7443,0.983,0.8511,0.8187,0.0324,,1
7444,0.983,0.0000,0.0000,0.0000,,1
7445,0.986,0.0000,0.0000,0.0000,,1
7446,0.988,0.8457,0.8151,0.0306,,1
7447,0.983,0.0000,0.0000,0.0000,,1
7448,0.986,0.0000,0.0000,0.0000,,1
7449,0.988,0.8495,0.8149,0.0346,,1
7450,0.991,0.0000,0.0000,0.0000,,1
7451,0.990,0.0000,0.0000,0.0000,,1
7452,0.984,0.8518,0.8157,0.0360,,1
7453,0.979,0.0000,0.0000,0.0000,,1
7454,0.993,0.0000,0.0000,0.0000,,1
7455,0.988,0.8667,0.8275,0.0391,,1
7456,0.984,0.0000,0.0000,0.0000,,1
7457,0.985,0.0000,0.0000,0.0000,,1
7458,0.988,0.8504,0.8147,0.0358,,1
7459,0.992,0.0000,0.0000,0.0000,,1
7460,0.991,0.0000,0.0000,0.0000,,1
7461,0.994,0.8507,0.8210,0.0297,,1
7462,0.993,0.0000,0.0000,0.0000,,1
7463,0.991,0.0000,0.0000,0.0000,,1
7464,0.992,0.8593,0.8254,0.0339,,1
7465,0.992,0.0000,0.0000,0.0000,,1
7466,0.975,0.0000,0.0000,0.0000,,1
7467,0.990,0.8490,0.8151,0.0339,,1
7468,0.988,0.0000,0.0000,0.0000,,1
7469,0.980,0.0000,0.0000,0.0000,,1
7470,0.980,0.8459,0.8137,0.0322,,1
7471,0.992,0.0000,0.0000,0.0000,,1
7472,0.992,0.0000,0.0000,0.0000,,1
7473,0.987,0.8386,0.8119,0.0267,,1
7474,0.970,0.0000,0.0000,0.0000,,1
7475,0.983,0.0000,0.0000,0.0000,,1
7476,0.976,0.8598,0.8257,0.0340,,1
7477,0.962,0.0000,0.0000,0.0000,,1
7478,0.925,0.0000,0.0000,0.0000,,1
7479,0.966,0.8551,0.8253,0.0297,,1
7480,0.984,0.0000,0.0000,0.0000,,1
7481,0.986,0.0000,0.0000,0.0000,,1
7482,0.943,0.8582,0.8219,0.0363,,1
7483,0.971,0.0000,0.0000,0.0000,,1
7484,0.976,0.0000,0.0000,0.0000,,1
7485,0.981,0.8518,0.8185,0.0333,,1
7486,0.987,0.0000,0.0000,0.0000,,1
7487,0.992,0.0000,0.0000,0.0000,,1
7488,0.991,0.8665,0.8214,0.0451,,1
7489,0.992,0.0000,0.0000,0.0000,,1
7490,0.993,0.0000,0.0000,0.0000,,1
7491,0.994,0.8681,0.8268,0.0413,,1
7492,0.992,0.0000,0.0000,0.0000,,1
7493,0.989,0.0000,0.0000,0.0000,,1
7494,0.991,0.8571,0.8189,0.0382,,1
7495,0.992,0.0000,0.0000,0.0000,,1
7496,0.993,0.0000,0.0000,0.0000,,1
7497,0.992,0.8549,0.8138,0.0411,,1
7498,0.992,0.0000,0.0000,0.0000,,1
7499,0.993,0.0000,0.0000,0.0000,,1
7500,0.982,0.8568,0.8186,0.0381,,1
7501,0.985,0.0000,0.0000,0.0000,,1
7502,0.991,0.0000,0.0000,0.0000,,1
7503,0.993,0.8645,0.8223,0.0422,,1
7504,0.995,0.0000,0.0000,0.0000,,1
7505,0.994,0.0000,0.0000,0.0000,,1
7506,0.994,0.8554,0.8158,0.0396,,1
7507,0.993,0.0000,0.0000,0.0000,,1
7508,0.982,0.0000,0.0000,0.0000,,1
7509,0.977,0.8639,0.8150,0.0489,,1
7510,0.975,0.0000,0.0000,0.0000,,1
7511,0.989,0.0000,0.0000,0.0000,,1
7512,0.986,0.8659,0.8133,0.0526,nike_pogo_plus_japanese_roots,0
7513,0.975,0.0000,0.0000,0.0000,nike_pogo_plus_japanese_roots,0
7514,0.991,0.0000,0.0000,0.0000,nike_pogo_plus_japanese_roots,0
7515,0.988,0.8496,0.8068,0.0428,nike_pogo_plus_japanese_roots,0
7516,0.983,0.0000,0.0000,0.0000,nike_pogo_plus_japanese_roots,0
7517,0.991,0.0000,0.0000,0.0000,nike_pogo_plus_japanese_roots,0
7518,0.991,0.8647,0.8134,0.0513,nike_pogo_plus_japanese_roots,0
7519,0.977,0.0000,0.0000,0.0000,nike_pogo_plus_japanese_roots,0
7520,0.976,0.0000,0.0000,0.0000,nike_pogo_plus_japanese_roots,0
7521,0.982,0.8535,0.8143,0.0392,nike_pogo_plus_japanese_roots,0
7522,0.985,0.0000,0.0000,0.0000,nike_pogo_plus_japanese_roots,0
7523,0.990,0.0000,0.0000,0.0000,nike_pogo_plus_japanese_roots,0
7524,0.992,0.8632,0.8152,0.0480,nike_pogo_plus_japanese_roots,0
7525,0.992,0.0000,0.0000,0.0000,nike_pogo_plus_japanese_roots,0
7526,0.993,0.0000,0.0000,0.0000,,1
7527,0.993,0.8578,0.8119,0.0459,,1
7528,0.994,0.0000,0.0000,0.0000,,1
7529,0.990,0.0000,0.0000,0.0000,,1
7530,0.989,0.8503,0.8041,0.0462,,1
7531,0.988,0.0000,0.0000,0.0000,,1
7532,0.985,0.0000,0.0000,0.0000,,1
7533,0.990,0.8482,0.8005,0.0477,,1
7534,0.995,0.0000,0.0000,0.0000,,1
7535,0.995,0.0000,0.0000,0.0000,,1
7536,0.980,0.8436,0.8008,0.0428,,1
7537,0.986,0.0000,0.0000,0.0000,,1
7538,0.994,0.0000,0.0000,0.0000,,1
7539,0.994,0.8413,0.7950,0.0463,,1
7540,0.993,0.0000,0.0000,0.0000,,1
7541,0.965,0.0000,0.0000,0.0000,,1
7542,0.952,0.8196,0.7759,0.0437,,1
7545,0.956,0.8343,0.8008,0.0335,,1
7551,0.916,0.7290,0.7141,0.0149,,1
7553,0.906,0.0000,0.0000,0.0000,,1
7555,0.947,0.0000,0.0000,0.0000,,1
7556,0.954,0.0000,0.0000,0.0000,,1
7564,0.911,0.0000,0.0000,0.0000,,1
7566,0.912,0.7362,0.7226,0.0136,,1
7567,0.960,0.0000,0.0000,0.0000,,1
7568,0.949,0.0000,0.0000,0.0000,,1
7569,0.985,0.8196,0.8143,0.0053,,1
7570,0.990,0.0000,0.0000,0.0000,,1
7571,0.944,0.0000,0.0000,0.0000,,1
7572,0.954,0.7967,0.7766,0.0201,,1
7573,0.919,0.0000,0.0000,0.0000,,1
7574,0.962,0.0000,0.0000,0.0000,,1
7575,0.925,0.8375,0.8083,0.0292,,1
7576,0.965,0.0000,0.0000,0.0000,,1
7577,0.946,0.0000,0.0000,0.0000,,1
7578,0.962,0.8696,0.8259,0.0437,,1
7579,0.978,0.0000,0.0000,0.0000,,1
7580,0.980,0.0000,0.0000,0.0000,,1
7581,0.965,0.8529,0.8200,0.0329,,1
7583,0.973,0.0000,0.0000,0.0000,,1
7584,0.989,0.8070,0.7877,0.0193,,1
7585,0.987,0.0000,0.0000,0.0000,,1
7586,0.990,0.0000,0.0000,0.0000,,1
7587,0.994,0.8245,0.7911,0.0333,,1
7588,0.957,0.0000,0.0000,0.0000,,1
7592,0.937,0.0000,0.0000,0.0000,,1
7593,0.942,0.8364,0.7929,0.0435,,1
7594,0.958,0.0000,0.0000,0.0000,,1
7596,0.919,0.8190,0.7953,0.0237,,1
7597,0.942,0.0000,0.0000,0.0000,,1
7598,0.988,0.0000,0.0000,0.0000,,1
7599,0.975,0.8177,0.7892,0.0286,,1
7600,0.925,0.0000,0.0000,0.0000,,1
7601,0.945,0.0000,0.0000,0.0000,,1
7602,0.960,0.8234,0.8058,0.0176,,1
7603,0.958,0.0000,0.0000,0.0000,,1
7604,0.937,0.0000,0.0000,0.0000,,1
7605,0.955,0.8077,0.7999,0.0078,,1
7608,0.917,0.8158,0.7963,0.0194,,1
7612,0.968,0.0000,0.0000,0.0000,,1
7613,0.964,0.0000,0.0000,0.0000,,1
7636,0.908,0.0000,0.0000,0.0000,,1
7637,0.902,0.0000,0.0000,0.0000,,1
7642,0.967,0.0000,0.0000,0.0000,,1
7643,0.953,0.0000,0.0000,0.0000,,1
7645,0.950,0.0000,0.0000,0.0000,,1
7646,0.947,0.0000,0.0000,0.0000,,1
7647,0.996,0.8060,0.7806,0.0254,,1
7649,0.979,0.0000,0.0000,0.0000,,1
7650,0.943,0.8634,0.8177,0.0457,,1
7654,0.954,0.0000,0.0000,0.0000,,1
7655,0.961,0.0000,0.0000,0.0000,,1
7657,0.969,0.0000,0.0000,0.0000,,1
7658,0.905,0.0000,0.0000,0.0000,,1
7659,0.926,0.8705,0.8276,0.0430,,1
7661,0.910,0.0000,0.0000,0.0000,,1
7662,0.950,0.8629,0.8233,0.0395,,1
7663,0.920,0.0000,0.0000,0.0000,,1
7665,0.948,0.8591,0.8221,0.0371,,1
7666,0.965,0.0000,0.0000,0.0000,,1
7667,0.958,0.0000,0.0000,0.0000,,1
7668,0.956,0.8710,0.8356,0.0354,,1
7669,0.942,0.0000,0.0000,0.0000,,1
7670,0.966,0.0000,0.0000,0.0000,,1
7671,0.954,0.8472,0.8217,0.0255,,1
7672,0.925,0.0000,0.0000,0.0000,,1
7673,0.918,0.0000,0.0000,0.0000,,1
7674,0.914,0.8729,0.8286,0.0443,,1
7675,0.970,0.0000,0.0000,0.0000,,1
7676,0.976,0.0000,0.0000,0.0000,,1
7677,0.984,0.8722,0.8343,0.0379,,1
7678,0.981,0.0000,0.0000,0.0000,,1
7679,0.959,0.0000,0.0000,0.0000,,1
7680,0.985,0.8636,0.8315,0.0321,,1
7681,0.960,0.0000,0.0000,0.0000,,1
7682,0.931,0.0000,0.0000,0.0000,,1
7683,0.915,0.8647,0.8237,0.0411,,1
7684,0.939,0.0000,0.0000,0.0000,,1
7685,0.953,0.0000,0.0000,0.0000,,1
7686,0.960,0.8640,0.8218,0.0422,,1
7687,0.945,0.0000,0.0000,0.0000,,1
7688,0.926,0.0000,0.0000,0.0000,,1
7689,0.944,0.8806,0.8341,0.0464,,1
7690,0.932,0.0000,0.0000,0.0000,,1
7691,0.918,0.0000,0.0000,0.0000,,1
7692,0.953,0.8553,0.8187,0.0366,,1
7693,0.970,0.0000,0.0000,0.0000,,1
7694,0.935,0.0000,0.0000,0.0000,,1
7695,0.981,0.8557,0.8149,0.0408,,1
7696,0.977,0.0000,0.0000,0.0000,,1
7697,0.949,0.0000,0.0000,0.0000,,1
7698,0.967,0.8572,0.8275,0.0298,,1
7699,0.965,0.0000,0.0000,0.0000,,1
7700,0.977,0.0000,0.0000,0.0000,,1
7701,0.990,0.8533,0.8211,0.0321,,1
7702,0.989,0.0000,0.0000,0.0000,,1
7703,0.984,0.0000,0.0000,0.0000,,1
7704,0.983,0.8457,0.8189,0.0267,,1
7705,0.965,0.0000,0.0000,0.0000,,1
7706,0.976,0.0000,0.0000,0.0000,,1
7707,0.977,0.8419,0.8193,0.0226,,1
7708,0.979,0.0000,0.0000,0.0000,,1
7709,0.978,0.0000,0.0000,0.0000,,1
7710,0.982,0.8441,0.8153,0.0288,,1
7711,0.979,0.0000,0.0000,0.0000,,1
7712,0.979,0.0000,0.0000,0.0000,,1
7713,0.979,0.8441,0.8187,0.0254,,1
7714,0.986,0.0000,0.0000,0.0000,,1
7715,0.970,0.0000,0.0000,0.0000,,1
7716,0.979,0.8477,0.8211,0.0265,,1
7717,0.978,0.0000,0.0000,0.0000,,1
7718,0.971,0.0000,0.0000,0.0000,,1
7719,0.973,0.8404,0.8243,0.0162,,1
7720,0.987,0.0000,0.0000,0.0000,,1
7721,0.981,0.0000,0.0000,0.0000,,1
7722,0.972,0.8456,0.8265,0.0192,,1
7723,0.968,0.0000,0.0000,0.0000,,1
7724,0.980,0.0000,0.0000,0.0000,,1
7725,0.985,0.8486,0.8265,0.0222,,1
7726,0.982,0.0000,0.0000,0.0000,,1
7727,0.968,0.0000,0.0000,0.0000,,1
7728,0.970,0.8423,0.8133,0.0291,,1
7729,0.966,0.0000,0.0000,0.0000,,1
7730,0.970,0.0000,0.0000,0.0000,,1
7731,0.981,0.8525,0.8221,0.0304,,1
7732,0.977,0.0000,0.0000,0.0000,,1
7733,0.971,0.0000,0.0000,0.0000,,1
7734,0.976,0.8512,0.8249,0.0263,,1
7735,0.978,0.0000,0.0000,0.0000,,1
7736,0.982,0.0000,0.0000,0.0000,,1
7737,0.983,0.8487,0.8255,0.0232,,1
7738,0.971,0.0000,0.0000,0.0000,,1
7739,0.982,0.0000,0.0000,0.0000,,1
7740,0.981,0.8446,0.8196,0.0250,,1
7741,0.990,0.0000,0.0000,0.0000,,1
7742,0.986,0.0000,0.0000,0.0000,,1
7743,0.989,0.8470,0.8199,0.0270,,1
7744,0.978,0.0000,0.0000,0.0000,,1
7745,0.985,0.0000,0.0000,0.0000,,1
7746,0.991,0.8574,0.8284,0.0290,,1
7747,0.993,0.0000,0.0000,0.0000,,1
7748,0.992,0.0000,0.0000,0.0000,,1
7749,0.991,0.8538,0.8249,0.0289,,1
7750,0.987,0.0000,0.0000,0.0000,,1
7751,0.990,0.0000,0.0000,0.0000,,1
7752,0.990,0.8715,0.8333,0.0382,,1
7753,0.989,0.0000,0.0000,0.0000,,1
7754,0.994,0.0000,0.0000,0.0000,,1
7755,0.992,0.8456,0.8218,0.0238,,1
7756,0.989,0.0000,0.0000,0.0000,,1
7757,0.950,0.0000,0.0000,0.0000,,1
7758,0.960,0.8542,0.8170,0.0372,,1
7759,0.963,0.0000,0.0000,0.0000,,1
7760,0.977,0.0000,0.0000,0.0000,,1
7761,0.975,0.8596,0.8298,0.0298,,1
7762,0.966,0.0000,0.0000,0.0000,,1
7763,0.947,0.0000,0.0000,0.0000,,1
7764,0.951,0.8493,0.8178,0.0315,,1
7765,0.964,0.0000,0.0000,0.0000,,1
7766,0.965,0.0000,0.0000,0.0000,,1
7767,0.965,0.8406,0.8213,0.0192,,1
7768,0.970,0.0000,0.0000,0.0000,,1
7769,0.972,0.0000,0.0000,0.0000,,1
7770,0.967,0.8432,0.8187,0.0245,,1
7771,0.966,0.0000,0.0000,0.0000,,1
7772,0.979,0.0000,0.0000,0.0000,,1
7773,0.969,0.8518,0.8233,0.0285,,1
7774,0.981,0.0000,0.0000,0.0000,,1
7775,0.955,0.0000,0.0000,0.0000,,1
7776,0.923,0.8470,0.8198,0.0272,,1
7777,0.939,0.0000,0.0000,0.0000,,1
7778,0.933,0.0000,0.0000,0.0000,,1
7780,0.936,0.0000,0.0000,0.0000,,1
7781,0.931,0.0000,0.0000,0.0000,,1
7782,0.926,0.8547,0.8289,0.0258,,1
7783,0.933,0.0000,0.0000,0.0000,,1
7784,0.971,0.0000,0.0000,0.0000,,1
7785,0.980,0.8619,0.8347,0.0272,,1
7786,0.990,0.0000,0.0000,0.0000,,1
7787,0.968,0.0000,0.0000,0.0000,,1
7788,0.957,0.8438,0.8188,0.0251,,1
7789,0.922,0.0000,0.0000,0.0000,,1
7790,0.953,0.0000,0.0000,0.0000,,1
7791,0.964,0.8623,0.8266,0.0357,,1
7792,0.968,0.0000,0.0000,0.0000,,1
7793,0.972,0.0000,0.0000,0.0000,,1
7794,0.967,0.8636,0.8243,0.0393,,1
7797,0.901,0.8823,0.8378,0.0445,,1
7798,0.912,0.0000,0.0000,0.0000,,1
7799,0.919,0.0000,0.0000,0.0000,,1
7800,0.909,0.8734,0.8422,0.0312,,1
7801,0.927,0.0000,0.0000,0.0000,,1
7813,0.942,0.0000,0.0000,0.0000,,1
7814,0.973,0.0000,0.0000,0.0000,,1
7815,0.969,0.8668,0.8332,0.0336,,1
7817,0.992,0.0000,0.0000,0.0000,,1
7818,0.991,0.8585,0.8238,0.0347,,1
7819,0.985,0.0000,0.0000,0.0000,,1
7820,0.952,0.0000,0.0000,0.0000,,1
7821,0.952,0.8631,0.8275,0.0356,,1
7822,0.982,0.0000,0.0000,0.0000,,1
7823,0.941,0.0000,0.0000,0.0000,,1
7824,0.964,0.8658,0.8312,0.0346,,1
7825,0.950,0.0000,0.0000,0.0000,,1
7826,0.955,0.0000,0.0000,0.0000,,1
7827,0.957,0.8579,0.8262,0.0316,,1
7828,0.917,0.0000,0.0000,0.0000,,1
7832,0.923,0.0000,0.0000,0.0000,,1
7834,0.960,0.0000,0.0000,0.0000,,1
7835,0.950,0.0000,0.0000,0.0000,,1
7836,0.968,0.8559,0.8278,0.0281,,1
7837,0.960,0.0000,0.0000,0.0000,,1
7838,0.954,0.0000,0.0000,0.0000,,1
7839,0.946,0.8646,0.8224,0.0422,,1
7840,0.952,0.0000,0.0000,0.0000,,1
7841,0.963,0.0000,0.0000,0.0000,,1
7842,0.970,0.8600,0.8218,0.0382,,1
7843,0.970,0.0000,0.0000,0.0000,,1
7844,0.990,0.0000,0.0000,0.0000,,1
7845,0.973,0.8825,0.8403,0.0421,,1
7846,0.981,0.0000,0.0000,0.0000,,1
7847,0.987,0.0000,0.0000,0.0000,,1
7848,0.985,0.8584,0.8170,0.0414,,1
7849,0.989,0.0000,0.0000,0.0000,,1
7850,0.988,0.0000,0.0000,0.0000,,1
7851,0.992,0.8569,0.8150,0.0419,,1
7852,0.976,0.0000,0.0000,0.0000,,1
7853,0.981,0.0000,0.0000,0.0000,,1
7854,0.980,0.8619,0.8198,0.0421,,1
7855,0.990,0.0000,0.0000,0.0000,,1
7856,0.987,0.0000,0.0000,0.0000,,1
7857,0.984,0.8561,0.8243,0.0318,,1
7858,0.990,0.0000,0.0000,0.0000,,1
7859,0.985,0.0000,0.0000,0.0000,,1
7860,0.986,0.8574,0.8218,0.0356,,1
7861,0.986,0.0000,0.0000,0.0000,,1
7862,0.991,0.0000,0.0000,0.0000,,1
7863,0.993,0.8578,0.8231,0.0347,,1
7864,0.991,0.0000,0.0000,0.0000,,1
7865,0.987,0.0000,0.0000,0.0000,,1
7866,0.985,0.8540,0.8239,0.0301,,1
7867,0.985,0.0000,0.0000,0.0000,,1
7868,0.985,0.0000,0.0000,0.0000,,1
7869,0.986,0.8613,0.8212,0.0401,,1
7870,0.990,0.0000,0.0000,0.0000,,1
7871,0.987,0.0000,0.0000,0.0000,,1
7872,0.988,0.8677,0.8308,0.0369,,1
7873,0.989,0.0000,0.0000,0.0000,,1
7874,0.988,0.0000,0.0000,0.0000,,1
7875,0.989,0.8611,0.8301,0.0310,,1
7876,0.991,0.0000,0.0000,0.0000,,1
7877,0.986,0.0000,0.0000,0.0000,,1
7878,0.991,0.8513,0.8227,0.0286,,1
7879,0.992,0.0000,0.0000,0.0000,,1
7880,0.993,0.0000,0.0000,0.0000,,1
7881,0.986,0.8549,0.8231,0.0318,,1
7882,0.980,0.0000,0.0000,0.0000,,1
7883,0.985,0.0000,0.0000,0.0000,,1
7884,0.989,0.8634,0.8245,0.0389,,1
7885,0.990,0.0000,0.0000,0.0000,,1
7886,0.973,0.0000,0.0000,0.0000,,1
7887,0.972,0.8558,0.8235,0.0323,,1
7888,0.975,0.0000,0.0000,0.0000,,1
7889,0.966,0.0000,0.0000,0.0000,,1
7890,0.962,0.8618,0.8275,0.0343,,1
7891,0.968,0.0000,0.0000,0.0000,,1
7892,0.969,0.0000,0.0000,0.0000,,1
7893,0.957,0.8637,0.8220,0.0417,,1
7894,0.958,0.0000,0.0000,0.0000,,1
7895,0.974,0.0000,0.0000,0.0000,,1
7896,0.969,0.8636,0.8236,0.0400,,1
7897,0.961,0.0000,0.0000,0.0000,,1
7898,0.975,0.0000,0.0000,0.0000,,1
7899,0.968,0.8643,0.8185,0.0457,,1
7900,0.960,0.0000,0.0000,0.0000,,1
7901,0.981,0.0000,0.0000,0.0000,,1
7902,0.980,0.8607,0.8172,0.0436,,1
7903,0.976,0.0000,0.0000,0.0000,,1
7904,0.989,0.0000,0.0000,0.0000,,1
7905,0.990,0.8539,0.8126,0.0413,,1
7906,0.990,0.0000,0.0000,0.0000,,1
7907,0.992,0.0000,0.0000,0.0000,,1
7908,0.987,0.8557,0.8123,0.0433,,1
7909,0.982,0.0000,0.0000,0.0000,,1
7910,0.983,0.0000,0.0000,0.0000,,1
7911,0.984,0.8626,0.8190,0.0436,,1
7912,0.985,0.0000,0.0000,0.0000,,1
7913,0.996,0.0000,0.0000,0.0000,,1
7914,0.997,0.8580,0.8144,0.0436,,1
7915,0.997,0.0000,0.0000,0.0000,,1
7916,0.993,0.0000,0.0000,0.0000,,1
7917,0.984,0.8661,0.8183,0.0479,,1
7918,0.989,0.0000,0.0000,0.0000,,1
7919,0.994,0.0000,0.0000,0.0000,,1
7920,0.993,0.8656,0.8166,0.0490,,1
7921,0.989,0.0000,0.0000,0.0000,,1
7922,0.989,0.0000,0.0000,0.0000,,1
7923,0.990,0.8605,0.8167,0.0438,,1
7924,0.987,0.0000,0.0000,0.0000,,1
7925,0.990,0.0000,0.0000,0.0000,,1
7926,0.991,0.8725,0.8216,0.0510,nike_pogo_plus_japanese_roots,0
7927,0.989,0.0000,0.0000,0.0000,nike_pogo_plus_japanese_roots,0
7928,0.988,0.0000,0.0000,0.0000,nike_pogo_plus_japanese_roots,0
7929,0.988,0.8722,0.8259,0.0463,nike_pogo_plus_japanese_roots,0
7930,0.996,0.0000,0.0000,0.0000,nike_pogo_plus_japanese_roots,0
7931,0.994,0.0000,0.0000,0.0000,nike_pogo_plus_japanese_roots,0
7932,0.996,0.8714,0.8241,0.0473,nike_pogo_plus_japanese_roots,0
7933,0.994,0.0000,0.0000,0.0000,nike_pogo_plus_japanese_roots,0
7934,0.996,0.0000,0.0000,0.0000,,1
7935,0.996,0.8680,0.8179,0.0501,nike_pogo_plus_japanese_roots,0
7936,0.989,0.0000,0.0000,0.0000,nike_pogo_plus_japanese_roots,0
7937,0.995,0.0000,0.0000,0.0000,nike_pogo_plus_japanese_roots,0
7938,0.995,0.8716,0.8294,0.0422,nike_pogo_plus_japanese_roots,0
7939,0.993,0.0000,0.0000,0.0000,nike_pogo_plus_japanese_roots,0
7940,0.993,0.0000,0.0000,0.0000,nike_pogo_plus_japanese_roots,0
7941,0.993,0.8745,0.8302,0.0443,nike_pogo_plus_japanese_roots,0
7942,0.990,0.0000,0.0000,0.0000,nike_pogo_plus_japanese_roots,0
7943,0.989,0.0000,0.0000,0.0000,,1
7944,0.987,0.8686,0.8199,0.0487,,1
7945,0.986,0.0000,0.0000,0.0000,,1
7946,0.990,0.0000,0.0000,0.0000,,1
7947,0.989,0.8748,0.8264,0.0483,,1
7948,0.990,0.0000,0.0000,0.0000,,1
7949,0.991,0.0000,0.0000,0.0000,,1
7950,0.992,0.8735,0.8293,0.0442,,1
7951,0.991,0.0000,0.0000,0.0000,,1
7952,0.992,0.0000,0.0000,0.0000,,1
7953,0.991,0.8731,0.8262,0.0469,,1
7954,0.994,0.0000,0.0000,0.0000,,1
7955,0.996,0.0000,0.0000,0.0000,,1
7956,0.996,0.8671,0.8159,0.0512,nike_blazer_mid77_darkblue,0
7957,0.998,0.0000,0.0000,0.0000,nike_blazer_mid77_darkblue,0
7958,0.996,0.0000,0.0000,0.0000,nike_blazer_mid77_darkblue,0
7959,0.997,0.8543,0.8129,0.0414,nike_blazer_mid77_darkblue,0
7960,0.995,0.0000,0.0000,0.0000,nike_blazer_mid77_darkblue,0
7961,0.996,0.0000,0.0000,0.0000,nike_blazer_mid77_darkblue,0
7962,0.994,0.8602,0.8114,0.0488,nike_blazer_mid77_darkblue,0
7963,0.995,0.0000,0.0000,0.0000,nike_blazer_mid77_darkblue,0
7964,0.998,0.0000,0.0000,0.0000,,1
7965,0.998,0.8527,0.8111,0.0416,,1
7966,0.998,0.0000,0.0000,0.0000,,1
7967,0.998,0.0000,0.0000,0.0000,,1
7968,0.998,0.8611,0.8177,0.0434,,1
7969,0.998,0.0000,0.0000,0.0000,,1
7970,0.998,0.0000,0.0000,0.0000,,1
7971,0.996,0.8593,0.8092,0.0501,nike_blazer_mid77_darkblue,0
7972,0.997,0.0000,0.0000,0.0000,nike_blazer_mid77_darkblue,0
7973,0.995,0.0000,0.0000,0.0000,nike_blazer_mid77_darkblue,0
7974,0.994,0.8513,0.8048,0.0465,nike_blazer_mid77_darkblue,0
7975,0.994,0.0000,0.0000,0.0000,nike_blazer_mid77_darkblue,0
7976,0.996,0.0000,0.0000,0.0000,nike_blazer_mid77_darkblue,0
7977,0.995,0.8636,0.8204,0.0432,nike_blazer_mid77_darkblue,0
7978,0.997,0.0000,0.0000,0.0000,nike_blazer_mid77_darkblue,0
7979,0.995,0.0000,0.0000,0.0000,,1
7980,0.996,0.8530,0.8109,0.0421,,1
7981,0.995,0.0000,0.0000,0.0000,,1
7982,0.991,0.0000,0.0000,0.0000,,1
7983,0.995,0.8635,0.8219,0.0417,,1
7984,0.996,0.0000,0.0000,0.0000,,1
7985,0.996,0.0000,0.0000,0.0000,,1
7986,0.996,0.8538,0.8104,0.0434,,1
7987,0.995,0.0000,0.0000,0.0000,,1
7988,0.993,0.0000,0.0000,0.0000,,1
7989,0.994,0.8511,0.8076,0.0435,,1
7990,0.994,0.0000,0.0000,0.0000,,1
7991,0.993,0.0000,0.0000,0.0000,,1
7992,0.993,0.8600,0.8166,0.0434,,1
7993,0.996,0.0000,0.0000,0.0000,,1
7994,0.993,0.0000,0.0000,0.0000,,1
7995,0.994,0.8621,0.8231,0.0390,,1
7996,0.995,0.0000,0.0000,0.0000,,1
7997,0.988,0.0000,0.0000,0.0000,,1
7998,0.991,0.8513,0.8123,0.0390,,1
7999,0.996,0.0000,0.0000,0.0000,,1
8000,0.995,0.0000,0.0000,0.0000,,1
8001,0.990,0.8703,0.8205,0.0498,,1
8002,0.984,0.0000,0.0000,0.0000,,1
8003,0.981,0.0000,0.0000,0.0000,,1
8004,0.977,0.8689,0.8216,0.0473,,1
8005,0.979,0.0000,0.0000,0.0000,,1
8006,0.987,0.0000,0.0000,0.0000,,1
8007,0.987,0.8727,0.8224,0.0503,nike_blazer_mid77_darkblue,0
8008,0.979,0.0000,0.0000,0.0000,nike_blazer_mid77_darkblue,0
8009,0.981,0.0000,0.0000,0.0000,nike_blazer_mid77_darkblue,0
8010,0.989,0.8637,0.8163,0.0473,nike_blazer_mid77_darkblue,0
8011,0.986,0.0000,0.0000,0.0000,nike_blazer_mid77_darkblue,0
8012,0.988,0.0000,0.0000,0.0000,nike_blazer_mid77_darkblue,0
8013,0.987,0.8592,0.8162,0.0430,nike_blazer_mid77_darkblue,0
8014,0.986,0.0000,0.0000,0.0000,nike_blazer_mid77_darkblue,0
8015,0.982,0.0000,0.0000,0.0000,,1
8016,0.985,0.8676,0.8159,0.0517,nike_blazer_mid77_darkblue,0
8017,0.985,0.0000,0.0000,0.0000,nike_blazer_mid77_darkblue,0
8018,0.987,0.0000,0.0000,0.0000,nike_blazer_mid77_darkblue,0
8019,0.988,0.8590,0.8150,0.0440,nike_blazer_mid77_darkblue,0
8020,0.989,0.0000,0.0000,0.0000,nike_blazer_mid77_darkblue,0
8021,0.984,0.0000,0.0000,0.0000,nike_blazer_mid77_darkblue,0
8022,0.984,0.8652,0.8171,0.0481,nike_blazer_mid77_darkblue,0
8023,0.980,0.0000,0.0000,0.0000,nike_blazer_mid77_darkblue,0
8024,0.981,0.0000,0.0000,0.0000,,1
8025,0.981,0.8755,0.8246,0.0509,nike_blazer_mid77_darkblue,0
8026,0.983,0.0000,0.0000,0.0000,nike_blazer_mid77_darkblue,0
8027,0.988,0.0000,0.0000,0.0000,nike_blazer_mid77_darkblue,0
8028,0.986,0.8672,0.8179,0.0492,nike_blazer_mid77_darkblue,0
8029,0.985,0.0000,0.0000,0.0000,nike_blazer_mid77_darkblue,0
8030,0.989,0.0000,0.0000,0.0000,nike_blazer_mid77_darkblue,0
8031,0.990,0.8690,0.8211,0.0479,nike_blazer_mid77_darkblue,0
8032,0.991,0.0000,0.0000,0.0000,nike_blazer_mid77_darkblue,0
8033,0.987,0.0000,0.0000,0.0000,,1
8034,0.989,0.8653,0.8178,0.0475,,1
8035,0.988,0.0000,0.0000,0.0000,,1
8036,0.983,0.0000,0.0000,0.0000,,1
8037,0.977,0.8659,0.8216,0.0443,,1
8038,0.982,0.0000,0.0000,0.0000,,1
8039,0.982,0.0000,0.0000,0.0000,,1
8040,0.981,0.8673,0.8164,0.0509,nike_blazer_mid77_darkblue,0
8041,0.977,0.0000,0.0000,0.0000,nike_blazer_mid77_darkblue,0
8042,0.975,0.0000,0.0000,0.0000,nike_blazer_mid77_darkblue,0
8043,0.973,0.8654,0.8141,0.0513,nike_blazer_mid77_darkblue,0
8044,0.983,0.0000,0.0000,0.0000,nike_blazer_mid77_darkblue,0
8045,0.987,0.0000,0.0000,0.0000,nike_blazer_mid77_darkblue,0
8046,0.986,0.8659,0.8227,0.0432,nike_blazer_mid77_darkblue,0
8047,0.986,0.0000,0.0000,0.0000,nike_blazer_mid77_darkblue,0
8048,0.994,0.0000,0.0000,0.0000,nike_blazer_mid77_darkblue,0
8049,0.993,0.8625,0.8190,0.0435,nike_blazer_mid77_darkblue,0
8050,0.994,0.0000,0.0000,0.0000,nike_blazer_mid77_darkblue,0
8051,0.995,0.0000,0.0000,0.0000,,1
8052,0.996,0.8574,0.8145,0.0429,,1
8053,0.997,0.0000,0.0000,0.0000,,1
8054,0.997,0.0000,0.0000,0.0000,,1
8055,0.996,0.8557,0.8174,0.0383,,1
8056,0.997,0.0000,0.0000,0.0000,,1
8057,0.993,0.0000,0.0000,0.0000,,1
8058,0.993,0.8691,0.8222,0.0469,,1
8059,0.995,0.0000,0.0000,0.0000,,1
8060,0.996,0.0000,0.0000,0.0000,,1
8061,0.996,0.8674,0.8208,0.0465,,1
8062,0.995,0.0000,0.0000,0.0000,,1
8063,0.995,0.0000,0.0000,0.0000,,1
8064,0.994,0.8628,0.8175,0.0453,,1
8065,0.997,0.0000,0.0000,0.0000,,1
8066,0.997,0.0000,0.0000,0.0000,,1
8067,0.994,0.8643,0.8152,0.0492,,1
8068,0.987,0.0000,0.0000,0.0000,,1
8069,0.972,0.0000,0.0000,0.0000,,1
8070,0.976,0.8677,0.8205,0.0472,,1
8071,0.975,0.0000,0.0000,0.0000,,1
8072,0.987,0.0000,0.0000,0.0000,,1
8073,0.989,0.8679,0.8236,0.0443,,1
8074,0.993,0.0000,0.0000,0.0000,,1
8075,0.992,0.0000,0.0000,0.0000,,1
8076,0.990,0.8621,0.8162,0.0459,,1
8077,0.991,0.0000,0.0000,0.0000,,1
8078,0.993,0.0000,0.0000,0.0000,,1
8079,0.995,0.8633,0.8183,0.0450,,1
8080,0.994,0.0000,0.0000,0.0000,,1
8081,0.995,0.0000,0.0000,0.0000,,1
8082,0.995,0.8726,0.8193,0.0532,nike_blazer_mid77_darkblue,0
8083,0.996,0.0000,0.0000,0.0000,nike_blazer_mid77_darkblue,0
8084,0.992,0.0000,0.0000,0.0000,nike_blazer_mid77_darkblue,0
8085,0.989,0.8642,0.8115,0.0527,nike_blazer_mid77_darkblue,0
8086,0.992,0.0000,0.0000,0.0000,nike_blazer_mid77_darkblue,0
8087,0.991,0.0000,0.0000,0.0000,nike_blazer_mid77_darkblue,0
8088,0.994,0.8678,0.8173,0.0505,nike_blazer_mid77_darkblue,0
8089,0.994,0.0000,0.0000,0.0000,nike_blazer_mid77_darkblue,0
8090,0.993,0.0000,0.0000,0.0000,nike_blazer_mid77_darkblue,0
8091,0.995,0.8687,0.8221,0.0466,nike_blazer_mid77_darkblue,0
8092,0.994,0.0000,0.0000,0.0000,nike_blazer_mid77_darkblue,0
8093,0.994,0.0000,0.0000,0.0000,nike_blazer_mid77_darkblue,0
8094,0.993,0.8604,0.8142,0.0462,nike_blazer_mid77_darkblue,0
8095,0.994,0.0000,0.0000,0.0000,nike_blazer_mid77_darkblue,0
8096,0.995,0.0000,0.0000,0.0000,,1
8097,0.994,0.8656,0.8120,0.0536,nike_blazer_mid77_darkblue,0
8098,0.994,0.0000,0.0000,0.0000,nike_blazer_mid77_darkblue,0
8099,0.986,0.0000,0.0000,0.0000,nike_blazer_mid77_darkblue,0
8100,0.983,0.8654,0.8194,0.0460,nike_blazer_mid77_darkblue,0
8101,0.980,0.0000,0.0000,0.0000,nike_blazer_mid77_darkblue,0
8102,0.981,0.0000,0.0000,0.0000,nike_blazer_mid77_darkblue,0
8103,0.974,0.8659,0.8219,0.0440,nike_blazer_mid77_darkblue,0
8104,0.967,0.0000,0.0000,0.0000,nike_blazer_mid77_darkblue,0
8105,0.980,0.0000,0.0000,0.0000,,1
8106,0.986,0.8670,0.8237,0.0432,,1
8107,0.983,0.0000,0.0000,0.0000,,1
8108,0.982,0.0000,0.0000,0.0000,,1
8109,0.976,0.8590,0.8128,0.0462,,1
8110,0.976,0.0000,0.0000,0.0000,,1
8111,0.989,0.0000,0.0000,0.0000,,1
8112,0.989,0.8587,0.8101,0.0486,,1
8113,0.968,0.0000,0.0000,0.0000,,1
8114,0.984,0.0000,0.0000,0.0000,,1
8115,0.993,0.8521,0.8063,0.0457,,1
8116,0.994,0.0000,0.0000,0.0000,,1
8117,0.995,0.0000,0.0000,0.0000,,1
8118,0.996,0.8503,0.8066,0.0437,,1
8119,0.995,0.0000,0.0000,0.0000,,1
8120,0.996,0.0000,0.0000,0.0000,,1
8121,0.997,0.8644,0.8202,0.0442,,1
8122,0.996,0.0000,0.0000,0.0000,,1
8123,0.994,0.0000,0.0000,0.0000,,1
8124,0.993,0.8763,0.8197,0.0566,nike_blazer_mid77_darkblue,0
8125,0.990,0.0000,0.0000,0.0000,nike_blazer_mid77_darkblue,0
8126,0.918,0.0000,0.0000,0.0000,nike_blazer_mid77_darkblue,0
8128,0.946,0.0000,0.0000,0.0000,nike_blazer_mid77_darkblue,0
8129,0.969,0.0000,0.0000,0.0000,nike_blazer_mid77_darkblue,0
8130,0.988,0.8623,0.8119,0.0504,nike_blazer_mid77_darkblue,0
8131,0.966,0.0000,0.0000,0.0000,nike_blazer_mid77_darkblue,0
8132,0.958,0.0000,0.0000,0.0000,nike_blazer_mid77_darkblue,0
8133,0.930,0.8280,0.8050,0.0230,nike_blazer_mid77_darkblue,0
8134,0.952,0.0000,0.0000,0.0000,nike_blazer_mid77_darkblue,0
8135,0.981,0.0000,0.0000,0.0000,nike_blazer_mid77_darkblue,0
8136,0.970,0.8092,0.7907,0.0186,nike_blazer_mid77_darkblue,0
8137,0.963,0.0000,0.0000,0.0000,nike_blazer_mid77_darkblue,0
8197,0.946,0.0000,0.0000,0.0000,,1
8198,0.917,0.0000,0.0000,0.0000,,1
8211,0.929,0.7671,0.7409,0.0262,,1
8212,0.961,0.0000,0.0000,0.0000,,1
8214,0.905,0.7394,0.7348,0.0046,,1
8215,0.939,0.0000,0.0000,0.0000,,1
8236,0.924,0.0000,0.0000,0.0000,,1
8237,0.911,0.0000,0.0000,0.0000,,1
8238,0.941,0.7403,0.7199,0.0204,,1
8239,0.963,0.0000,0.0000,0.0000,,1
8240,0.988,0.0000,0.0000,0.0000,,1
8241,0.960,0.7859,0.7436,0.0423,,1
8242,0.903,0.0000,0.0000,0.0000,,1
8243,0.944,0.0000,0.0000,0.0000,,1
8244,0.945,0.7952,0.7698,0.0254,,1
8245,0.943,0.0000,0.0000,0.0000,,1
8246,0.961,0.0000,0.0000,0.0000,,1
8247,0.971,0.7883,0.7786,0.0097,,1
8248,0.961,0.0000,0.0000,0.0000,,1
8249,0.968,0.0000,0.0000,0.0000,,1
8250,0.975,0.7886,0.7741,0.0145,,1
8251,0.976,0.0000,0.0000,0.0000,,1
8252,0.973,0.0000,0.0000,0.0000,,1
8253,0.955,0.7949,0.7689,0.0260,,1
8254,0.960,0.0000,0.0000,0.0000,,1
8255,0.977,0.0000,0.0000,0.0000,,1
8256,0.970,0.7615,0.7597,0.0018,,1
8257,0.963,0.0000,0.0000,0.0000,,1
8258,0.960,0.0000,0.0000,0.0000,,1
8259,0.929,0.7565,0.7488,0.0077,,1
8260,0.936,0.0000,0.0000,0.0000,,1
8261,0.956,0.0000,0.0000,0.0000,,1
8262,0.974,0.7739,0.7730,0.0009,,1
8263,0.969,0.0000,0.0000,0.0000,,1
8264,0.975,0.0000,0.0000,0.0000,,1
8265,0.977,0.7787,0.7678,0.0108,,1
8266,0.986,0.0000,0.0000,0.0000,,1
8267,0.931,0.0000,0.0000,0.0000,,1
8269,0.939,0.0000,0.0000,0.0000,,1
8270,0.954,0.0000,0.0000,0.0000,,1
8271,0.941,0.7821,0.7687,0.0134,,1
8272,0.964,0.0000,0.0000,0.0000,,1
8273,0.971,0.0000,0.0000,0.0000,,1
8274,0.963,0.7810,0.7670,0.0139,,1
8275,0.967,0.0000,0.0000,0.0000,,1
8276,0.957,0.0000,0.0000,0.0000,,1
8277,0.964,0.7705,0.7664,0.0041,,1
8278,0.964,0.0000,0.0000,0.0000,,1
8279,0.963,0.0000,0.0000,0.0000,,1
8280,0.967,0.7725,0.7669,0.0056,,1
8281,0.972,0.0000,0.0000,0.0000,,1
8282,0.972,0.0000,0.0000,0.0000,,1
8283,0.976,0.7841,0.7783,0.0058,,1
8284,0.977,0.0000,0.0000,0.0000,,1
8285,0.977,0.0000,0.0000,0.0000,,1
8286,0.975,0.7856,0.7757,0.0099,,1
8287,0.975,0.0000,0.0000,0.0000,,1
8288,0.982,0.0000,0.0000,0.0000,,1
8289,0.980,0.7874,0.7854,0.0020,,1
8290,0.980,0.0000,0.0000,0.0000,,1
8291,0.977,0.0000,0.0000,0.0000,,1
8292,0.979,0.7882,0.7877,0.0005,,1
8293,0.979,0.0000,0.0000,0.0000,,1
8294,0.978,0.0000,0.0000,0.0000,,1
8295,0.975,0.7805,0.7736,0.0069,,1
8296,0.980,0.0000,0.0000,0.0000,,1
8297,0.982,0.0000,0.0000,0.0000,,1
8298,0.982,0.7854,0.7748,0.0106,,1
8299,0.981,0.0000,0.0000,0.0000,,1
8300,0.977,0.0000,0.0000,0.0000,,1
8301,0.979,0.7826,0.7797,0.0028,,1
8302,0.978,0.0000,0.0000,0.0000,,1
8303,0.972,0.0000,0.0000,0.0000,,1
8304,0.973,0.7794,0.7680,0.0113,,1
8305,0.971,0.0000,0.0000,0.0000,,1
8306,0.967,0.0000,0.0000,0.0000,,1
8307,0.969,0.7774,0.7698,0.0076,,1
8308,0.967,0.0000,0.0000,0.0000,,1
8309,0.970,0.0000,0.0000,0.0000,,1
8310,0.973,0.7814,0.7756,0.0057,,1
8311,0.971,0.0000,0.0000,0.0000,,1
8312,0.976,0.0000,0.0000,0.0000,,1
8313,0.971,0.7746,0.7735,0.0012,,1
8314,0.971,0.0000,0.0000,0.0000,,1
8315,0.972,0.0000,0.0000,0.0000,,1
8316,0.977,0.7876,0.7806,0.0070,,1
8317,0.980,0.0000,0.0000,0.0000,,1
8318,0.965,0.0000,0.0000,0.0000,,1
8319,0.968,0.7874,0.7797,0.0077,,1
8320,0.975,0.0000,0.0000,0.0000,,1
8321,0.977,0.0000,0.0000,0.0000,,1
8322,0.981,0.7756,0.7638,0.0118,,1
8323,0.979,0.0000,0.0000,0.0000,,1
8324,0.978,0.0000,0.0000,0.0000,,1
8325,0.977,0.7751,0.7727,0.0024,,1
8326,0.979,0.0000,0.0000,0.0000,,1
8327,0.979,0.0000,0.0000,0.0000,,1
8328,0.979,0.7872,0.7740,0.0132,,1
8329,0.978,0.0000,0.0000,0.0000,,1
8330,0.979,0.0000,0.0000,0.0000,,1
8331,0.977,0.7741,0.7694,0.0047,,1
8332,0.975,0.0000,0.0000,0.0000,,1
8333,0.975,0.0000,0.0000,0.0000,,1
8334,0.977,0.7834,0.7733,0.0101,,1
8335,0.974,0.0000,0.0000,0.0000,,1
8336,0.979,0.0000,0.0000,0.0000,,1
8337,0.979,0.7802,0.7692,0.0110,,1
8338,0.977,0.0000,0.0000,0.0000,,1
8339,0.977,0.0000,0.0000,0.0000,,1
8340,0.974,0.7935,0.7768,0.0167,,1
8341,0.976,0.0000,0.0000,0.0000,,1
8342,0.979,0.0000,0.0000,0.0000,,1
8343,0.977,0.7895,0.7760,0.0135,,1
8344,0.975,0.0000,0.0000,0.0000,,1
8345,0.979,0.0000,0.0000,0.0000,,1
8346,0.978,0.7866,0.7762,0.0104,,1
8347,0.981,0.0000,0.0000,0.0000,,1
8348,0.977,0.0000,0.0000,0.0000,,1
8349,0.976,0.7751,0.7618,0.0133,,1
8350,0.976,0.0000,0.0000,0.0000,,1
8351,0.976,0.0000,0.0000,0.0000,,1
8352,0.975,0.7811,0.7741,0.0070,,1
8353,0.977,0.0000,0.0000,0.0000,,1
8354,0.976,0.0000,0.0000,0.0000,,1
8355,0.971,0.7800,0.7757,0.0043,,1
8356,0.972,0.0000,0.0000,0.0000,,1
8357,0.973,0.0000,0.0000,0.0000,,1
8358,0.975,0.7819,0.7749,0.0069,,1
8359,0.976,0.0000,0.0000,0.0000,,1
8360,0.974,0.0000,0.0000,0.0000,,1
8361,0.975,0.7841,0.7707,0.0135,,1
8362,0.975,0.0000,0.0000,0.0000,,1
8363,0.978,0.0000,0.0000,0.0000,,1
8364,0.980,0.7814,0.7681,0.0133,,1
8365,0.981,0.0000,0.0000,0.0000,,1
8366,0.979,0.0000,0.0000,0.0000,,1
8367,0.973,0.7765,0.7749,0.0016,,1
8368,0.974,0.0000,0.0000,0.0000,,1
8369,0.971,0.0000,0.0000,0.0000,,1
8370,0.971,0.7577,0.7498,0.0079,,1
8371,0.974,0.0000,0.0000,0.0000,,1
8372,0.980,0.0000,0.0000,0.0000,,1
8373,0.980,0.7830,0.7657,0.0174,,1
8374,0.981,0.0000,0.0000,0.0000,,1
8375,0.978,0.0000,0.0000,0.0000,,1
8376,0.980,0.7847,0.7791,0.0055,,1
8377,0.980,0.0000,0.0000,0.0000,,1
8378,0.979,0.0000,0.0000,0.0000,,1
8379,0.980,0.7815,0.7653,0.0161,,1
8380,0.976,0.0000,0.0000,0.0000,,1
8381,0.967,0.0000,0.0000,0.0000,,1
8382,0.968,0.7750,0.7693,0.0057,,1
8383,0.956,0.0000,0.0000,0.0000,,1
8384,0.972,0.0000,0.0000,0.0000,,1
8385,0.964,0.7865,0.7780,0.0085,,1
8386,0.968,0.0000,0.0000,0.0000,,1
8387,0.974,0.0000,0.0000,0.0000,,1
8388,0.977,0.7923,0.7907,0.0016,,1
8389,0.974,0.0000,0.0000,0.0000,,1
8390,0.974,0.0000,0.0000,0.0000,,1
8391,0.977,0.7900,0.7855,0.0045,,1
8392,0.977,0.0000,0.0000,0.0000,,1
8393,0.977,0.0000,0.0000,0.0000,,1
8394,0.976,0.7977,0.7799,0.0178,,1
8395,0.976,0.0000,0.0000,0.0000,,1
8396,0.978,0.0000,0.0000,0.0000,,1
8397,0.977,0.7778,0.7773,0.0005,,1
8398,0.976,0.0000,0.0000,0.0000,,1
8399,0.980,0.0000,0.0000,0.0000,,1
8400,0.977,0.7945,0.7726,0.0219,,1
8401,0.970,0.0000,0.0000,0.0000,,1
8402,0.965,0.0000,0.0000,0.0000,,1
8403,0.980,0.7939,0.7611,0.0328,,1
8404,0.972,0.0000,0.0000,0.0000,,1
8405,0.963,0.0000,0.0000,0.0000,,1
8406,0.938,0.8211,0.7871,0.0340,,1
8408,0.959,0.0000,0.0000,0.0000,,1
8409,0.961,0.8036,0.7867,0.0169,,1
8410,0.967,0.0000,0.0000,0.0000,,1
8411,0.935,0.0000,0.0000,0.0000,,1
8416,0.920,0.0000,0.0000,0.0000,,1
8417,0.912,0.0000,0.0000,0.0000,,1
8419,0.909,0.0000,0.0000,0.0000,,1
8420,0.922,0.0000,0.0000,0.0000,,1
8421,0.929,0.8045,0.7779,0.0266,,1
8422,0.950,0.0000,0.0000,0.0000,,1
8423,0.947,0.0000,0.0000,0.0000,,1
8424,0.942,0.7940,0.7608,0.0332,,1
8425,0.943,0.0000,0.0000,0.0000,,1
8426,0.957,0.0000,0.0000,0.0000,,1
8427,0.955,0.8219,0.7799,0.0420,,1
8428,0.955,0.0000,0.0000,0.0000,,1
8429,0.955,0.0000,0.0000,0.0000,,1
8430,0.950,0.8095,0.7790,0.0305,,1
8431,0.953,0.0000,0.0000,0.0000,,1
8432,0.955,0.0000,0.0000,0.0000,,1
8433,0.956,0.7922,0.7760,0.0162,,1
8434,0.963,0.0000,0.0000,0.0000,,1
8435,0.961,0.0000,0.0000,0.0000,,1
8436,0.958,0.7975,0.7773,0.0202,,1
8437,0.957,0.0000,0.0000,0.0000,,1
8438,0.963,0.0000,0.0000,0.0000,,1
8439,0.958,0.7805,0.7681,0.0124,,1
8440,0.946,0.0000,0.0000,0.0000,,1
8441,0.956,0.0000,0.0000,0.0000,,1
8442,0.959,0.7885,0.7479,0.0407,,1
8443,0.861,0.0000,0.0000,0.0000,,1
8443,0.475,0.0000,0.0000,0.0000,,1
8444,0.824,0.0000,0.0000,0.0000,,1
8444,0.498,0.0000,0.0000,0.0000,,1
8445,0.926,0.8097,0.7783,0.0314,,1
8446,0.831,0.0000,0.0000,0.0000,,1
8447,0.938,0.0000,0.0000,0.0000,,1
8448,0.943,0.8121,0.7800,0.0321,,1
8449,0.952,0.0000,0.0000,0.0000,,1
8450,0.898,0.0000,0.0000,0.0000,,1
8451,0.858,0.7944,0.7840,0.0104,,1
8451,0.505,0.7921,0.7784,0.0138,,1
8452,0.828,0.0000,0.0000,0.0000,,1
8452,0.472,0.0000,0.0000,0.0000,,1
8453,0.969,0.0000,0.0000,0.0000,,1
8454,0.895,0.7406,0.7347,0.0060,,1
8455,0.856,0.0000,0.0000,0.0000,,1
8455,0.789,0.0000,0.0000,0.0000,,1
8456,0.847,0.0000,0.0000,0.0000,,1
8456,0.816,0.0000,0.0000,0.0000,,1
8457,0.941,0.7663,0.7596,0.0067,,1
8458,0.973,0.0000,0.0000,0.0000,,1
8459,0.907,0.0000,0.0000,0.0000,,1
8460,0.869,0.7935,0.7908,0.0027,,1
8461,0.905,0.0000,0.0000,0.0000,,1
8462,0.883,0.0000,0.0000,0.0000,,1
8462,0.795,0.0000,0.0000,0.0000,,1
8463,0.941,0.7824,0.7582,0.0242,,1
8464,0.963,0.0000,0.0000,0.0000,,1
8465,0.936,0.0000,0.0000,0.0000,,1
8466,0.923,0.7914,0.7657,0.0257,,1
8467,0.950,0.0000,0.0000,0.0000,,1
8468,0.955,0.0000,0.0000,0.0000,,1
8469,0.936,0.7701,0.7366,0.0335,,1
8470,0.952,0.0000,0.0000,0.0000,,1
8471,0.951,0.0000,0.0000,0.0000,,1
8472,0.954,0.7730,0.7506,0.0224,,1
8473,0.958,0.0000,0.0000,0.0000,,1
8474,0.933,0.0000,0.0000,0.0000,,1
8475,0.936,0.7615,0.7263,0.0352,,1
8476,0.968,0.0000,0.0000,0.0000,,1
8477,0.962,0.0000,0.0000,0.0000,,1
8478,0.952,0.7329,0.7064,0.0265,,1
8479,0.943,0.0000,0.0000,0.0000,,1
8480,0.954,0.0000,0.0000,0.0000,,1
8481,0.948,0.7994,0.7714,0.0281,,1
8482,0.936,0.0000,0.0000,0.0000,,1
8483,0.956,0.0000,0.0000,0.0000,,1
8484,0.955,0.7702,0.7537,0.0165,,1
8485,0.954,0.0000,0.0000,0.0000,,1
8486,0.962,0.0000,0.0000,0.0000,,1
8487,0.954,0.7509,0.7301,0.0208,,1
8488,0.960,0.0000,0.0000,0.0000,,1
8489,0.942,0.0000,0.0000,0.0000,,1
8490,0.952,0.7822,0.7509,0.0312,,1
8491,0.954,0.0000,0.0000,0.0000,,1
8492,0.948,0.0000,0.0000,0.0000,,1
8493,0.953,0.7931,0.7628,0.0304,,1
8494,0.961,0.0000,0.0000,0.0000,,1
8495,0.962,0.0000,0.0000,0.0000,,1
8496,0.967,0.7795,0.7506,0.0289,,1
8497,0.973,0.0000,0.0000,0.0000,,1
8498,0.982,0.0000,0.0000,0.0000,,1
8499,0.983,0.7796,0.7705,0.0091,,1
8500,0.980,0.0000,0.0000,0.0000,,1
8501,0.983,0.0000,0.0000,0.0000,,1
8502,0.983,0.7898,0.7586,0.0312,,1
8503,0.982,0.0000,0.0000,0.0000,,1
8504,0.984,0.0000,0.0000,0.0000,,1
8505,0.975,0.7503,0.7400,0.0103,,1
8506,0.978,0.0000,0.0000,0.0000,,1
8507,0.983,0.0000,0.0000,0.0000,,1
8508,0.983,0.7426,0.7287,0.0139,,1
8509,0.984,0.0000,0.0000,0.0000,,1
8510,0.983,0.0000,0.0000,0.0000,,1
8511,0.984,0.7321,0.7313,0.0008,,1
8512,0.984,0.0000,0.0000,0.0000,,1
8513,0.984,0.0000,0.0000,0.0000,,1
8514,0.983,0.7425,0.7142,0.0283,,1
8515,0.976,0.0000,0.0000,0.0000,,1
8516,0.983,0.0000,0.0000,0.0000,,1
8517,0.983,0.7553,0.7325,0.0229,,1
8518,0.984,0.0000,0.0000,0.0000,,1
8519,0.987,0.0000,0.0000,0.0000,,1
8520,0.990,0.7387,0.7198,0.0189,,1
8521,0.990,0.0000,0.0000,0.0000,,1
8522,0.989,0.0000,0.0000,0.0000,,1
8523,0.989,0.7303,0.7149,0.0154,,1
8524,0.991,0.0000,0.0000,0.0000,,1
8525,0.990,0.0000,0.0000,0.0000,,1
8526,0.989,0.7376,0.7208,0.0169,,1
8527,0.990,0.0000,0.0000,0.0000,,1
8528,0.987,0.0000,0.0000,0.0000,,1
8529,0.988,0.7499,0.7227,0.0272,,1
8530,0.989,0.0000,0.0000,0.0000,,1
8531,0.989,0.0000,0.0000,0.0000,,1
8532,0.989,0.7469,0.7139,0.0330,,1
8533,0.988,0.0000,0.0000,0.0000,,1
8534,0.988,0.0000,0.0000,0.0000,,1
8535,0.986,0.7307,0.7043,0.0264,,1
8536,0.987,0.0000,0.0000,0.0000,,1
8537,0.985,0.0000,0.0000,0.0000,,1
8538,0.984,0.7396,0.7186,0.0210,,1
8539,0.983,0.0000,0.0000,0.0000,,1
8540,0.984,0.0000,0.0000,0.0000,,1
8541,0.982,0.7530,0.7203,0.0327,,1
8542,0.987,0.0000,0.0000,0.0000,,1
8543,0.985,0.0000,0.0000,0.0000,,1
8544,0.986,0.7516,0.7329,0.0187,,1
8545,0.979,0.0000,0.0000,0.0000,,1
8546,0.983,0.0000,0.0000,0.0000,,1
8547,0.981,0.7532,0.7297,0.0235,,1
8548,0.982,0.0000,0.0000,0.0000,,1
8549,0.982,0.0000,0.0000,0.0000,,1
8550,0.983,0.7522,0.7312,0.0210,,1
8551,0.980,0.0000,0.0000,0.0000,,1
8552,0.984,0.0000,0.0000,0.0000,,1
8553,0.983,0.7468,0.7236,0.0232,,1
8554,0.979,0.0000,0.0000,0.0000,,1
8555,0.977,0.0000,0.0000,0.0000,,1
8556,0.978,0.7575,0.7290,0.0284,,1
8557,0.983,0.0000,0.0000,0.0000,,1
8558,0.985,0.0000,0.0000,0.0000,,1
8559,0.983,0.7427,0.7185,0.0242,,1
8560,0.981,0.0000,0.0000,0.0000,,1
8561,0.985,0.0000,0.0000,0.0000,,1
8562,0.985,0.7639,0.7363,0.0275,,1
8563,0.983,0.0000,0.0000,0.0000,,1
8564,0.982,0.0000,0.0000,0.0000,,1
8565,0.982,0.7631,0.7287,0.0343,,1
8566,0.986,0.0000,0.0000,0.0000,,1
8567,0.984,0.0000,0.0000,0.0000,,1
8568,0.985,0.7495,0.7287,0.0207,,1
8569,0.984,0.0000,0.0000,0.0000,,1
8570,0.984,0.0000,0.0000,0.0000,,1
8571,0.984,0.7589,0.7267,0.0322,,1
8572,0.986,0.0000,0.0000,0.0000,,1
8573,0.986,0.0000,0.0000,0.0000,,1
8574,0.985,0.7613,0.7305,0.0308,,1
8575,0.985,0.0000,0.0000,0.0000,,1
8576,0.986,0.0000,0.0000,0.0000,,1
8577,0.987,0.7537,0.7300,0.0237,,1
8578,0.987,0.0000,0.0000,0.0000,,1
8579,0.985,0.0000,0.0000,0.0000,,1
8580,0.981,0.7504,0.7304,0.0200,,1
8581,0.983,0.0000,0.0000,0.0000,,1
8582,0.984,0.0000,0.0000,0.0000,,1
8583,0.982,0.7362,0.7265,0.0098,,1
8584,0.984,0.0000,0.0000,0.0000,,1
8585,0.980,0.0000,0.0000,0.0000,,1
8586,0.982,0.7514,0.7352,0.0162,,1
8587,0.986,0.0000,0.0000,0.0000,,1
8588,0.984,0.0000,0.0000,0.0000,,1
8589,0.982,0.7540,0.7376,0.0164,,1
8590,0.982,0.0000,0.0000,0.0000,,1
8591,0.985,0.0000,0.0000,0.0000,,1
8592,0.984,0.7562,0.7293,0.0269,,1
8593,0.982,0.0000,0.0000,0.0000,,1
8594,0.982,0.0000,0.0000,0.0000,,1
8595,0.987,0.7544,0.7305,0.0239,,1
8596,0.988,0.0000,0.0000,0.0000,,1
8597,0.979,0.0000,0.0000,0.0000,,1
8598,0.975,0.7515,0.7300,0.0215,,1
8599,0.982,0.0000,0.0000,0.0000,,1
8600,0.986,0.0000,0.0000,0.0000,,1
8601,0.986,0.7664,0.7418,0.0247,,1
8602,0.981,0.0000,0.0000,0.0000,,1
8603,0.977,0.0000,0.0000,0.0000,,1
8604,0.979,0.7583,0.7321,0.0263,,1
8605,0.981,0.0000,0.0000,0.0000,,1
8606,0.986,0.0000,0.0000,0.0000,,1
8607,0.985,0.7537,0.7299,0.0239,,1
8608,0.984,0.0000,0.0000,0.0000,,1
8609,0.986,0.0000,0.0000,0.0000,,1
8610,0.985,0.7542,0.7227,0.0315,,1
8611,0.984,0.0000,0.0000,0.0000,,1
8612,0.983,0.0000,0.0000,0.0000,,1
8613,0.987,0.7570,0.7234,0.0336,,1
8614,0.986,0.0000,0.0000,0.0000,,1
8615,0.988,0.0000,0.0000,0.0000,,1
8616,0.989,0.7647,0.7313,0.0334,,1
8617,0.989,0.0000,0.0000,0.0000,,1
8618,0.985,0.0000,0.0000,0.0000,,1
8619,0.986,0.7534,0.7268,0.0266,,1
8620,0.985,0.0000,0.0000,0.0000,,1
8621,0.984,0.0000,0.0000,0.0000,,1
8622,0.976,0.7550,0.7254,0.0295,,1
8623,0.980,0.0000,0.0000,0.0000,,1
8624,0.989,0.0000,0.0000,0.0000,,1
8625,0.989,0.7362,0.7185,0.0178,,1
8626,0.985,0.0000,0.0000,0.0000,,1
8627,0.988,0.0000,0.0000,0.0000,,1
8628,0.988,0.7384,0.7120,0.0265,,1
8629,0.986,0.0000,0.0000,0.0000,,1
8630,0.987,0.0000,0.0000,0.0000,,1
8631,0.986,0.7445,0.7145,0.0300,,1
8632,0.989,0.0000,0.0000,0.0000,,1
8633,0.989,0.0000,0.0000,0.0000,,1
8634,0.988,0.7242,0.6952,0.0290,,1
8635,0.989,0.0000,0.0000,0.0000,,1
8636,0.989,0.0000,0.0000,0.0000,,1
8637,0.989,0.7445,0.7146,0.0299,,1
8638,0.990,0.0000,0.0000,0.0000,,1
8639,0.988,0.0000,0.0000,0.0000,,1
8640,0.987,0.7346,0.7029,0.0317,,1
8641,0.986,0.0000,0.0000,0.0000,,1
8642,0.987,0.0000,0.0000,0.0000,,1
8643,0.986,0.7327,0.7102,0.0226,,1
8644,0.986,0.0000,0.0000,0.0000,,1
8645,0.985,0.0000,0.0000,0.0000,,1
8646,0.985,0.7314,0.7041,0.0273,,1
8647,0.980,0.0000,0.0000,0.0000,,1
8648,0.985,0.0000,0.0000,0.0000,,1
8649,0.984,0.7529,0.7149,0.0380,,1
8650,0.984,0.0000,0.0000,0.0000,,1
8651,0.984,0.0000,0.0000,0.0000,,1
8652,0.981,0.7344,0.7060,0.0284,,1
8653,0.979,0.0000,0.0000,0.0000,,1
8654,0.983,0.0000,0.0000,0.0000,,1
8655,0.984,0.7526,0.7188,0.0338,,1
8656,0.984,0.0000,0.0000,0.0000,,1
8657,0.985,0.0000,0.0000,0.0000,,1
8658,0.984,0.7443,0.7093,0.0350,,1
8659,0.983,0.0000,0.0000,0.0000,,1
8660,0.980,0.0000,0.0000,0.0000,,1
8661,0.983,0.7299,0.7011,0.0288,,1
8662,0.981,0.0000,0.0000,0.0000,,1
8663,0.983,0.0000,0.0000,0.0000,,1
8664,0.984,0.7243,0.6990,0.0253,,1
8665,0.984,0.0000,0.0000,0.0000,,1
8666,0.988,0.0000,0.0000,0.0000,,1
8667,0.986,0.7253,0.6937,0.0316,,1
8668,0.985,0.0000,0.0000,0.0000,,1
8669,0.988,0.0000,0.0000,0.0000,,1
8670,0.987,0.7251,0.6916,0.0336,,1
8671,0.987,0.0000,0.0000,0.0000,,1
8672,0.985,0.0000,0.0000,0.0000,,1
8673,0.986,0.7320,0.7030,0.0290,,1
8674,0.985,0.0000,0.0000,0.0000,,1
8675,0.984,0.0000,0.0000,0.0000,,1
8676,0.983,0.7385,0.7012,0.0373,,1
8677,0.982,0.0000,0.0000,0.0000,,1
8678,0.980,0.0000,0.0000,0.0000,,1
8679,0.975,0.7465,0.7151,0.0313,,1
8680,0.979,0.0000,0.0000,0.0000,,1
8681,0.987,0.0000,0.0000,0.0000,,1
8682,0.987,0.7372,0.7175,0.0198,,1
8683,0.986,0.0000,0.0000,0.0000,,1
8684,0.985,0.0000,0.0000,0.0000,,1
8685,0.983,0.7349,0.7217,0.0132,,1
8686,0.986,0.0000,0.0000,0.0000,,1
8687,0.992,0.0000,0.0000,0.0000,,1
8688,0.989,0.7309,0.7108,0.0201,,1
8689,0.990,0.0000,0.0000,0.0000,,1
8690,0.993,0.0000,0.0000,0.0000,,1
8691,0.994,0.7599,0.7357,0.0242,,1
8692,0.994,0.0000,0.0000,0.0000,,1
8693,0.995,0.0000,0.0000,0.0000,,1
8694,0.995,0.7287,0.7079,0.0208,,1
8695,0.995,0.0000,0.0000,0.0000,,1
8696,0.996,0.0000,0.0000,0.0000,,1
8697,0.996,0.7228,0.7094,0.0134,,1
8698,0.996,0.0000,0.0000,0.0000,,1
8699,0.996,0.0000,0.0000,0.0000,,1
8700,0.995,0.7417,0.7127,0.0290,,1
8701,0.994,0.0000,0.0000,0.0000,,1
8702,0.993,0.0000,0.0000,0.0000,,1
8703,0.994,0.7428,0.7201,0.0227,,1
8704,0.994,0.0000,0.0000,0.0000,,1
8705,0.994,0.0000,0.0000,0.0000,,1
8706,0.993,0.7367,0.7121,0.0246,,1
8707,0.992,0.0000,0.0000,0.0000,,1
8708,0.994,0.0000,0.0000,0.0000,,1
8709,0.994,0.7304,0.6964,0.0340,,1
8710,0.995,0.0000,0.0000,0.0000,,1
8711,0.996,0.0000,0.0000,0.0000,,1
8712,0.996,0.7498,0.7193,0.0305,,1
8713,0.996,0.0000,0.0000,0.0000,,1
8714,0.995,0.0000,0.0000,0.0000,,1
8715,0.996,0.7526,0.7229,0.0296,,1
8716,0.997,0.0000,0.0000,0.0000,,1
8717,0.996,0.0000,0.0000,0.0000,,1
8718,0.996,0.7429,0.7176,0.0252,,1
8719,0.996,0.0000,0.0000,0.0000,,1
8720,0.996,0.0000,0.0000,0.0000,,1
8721,0.996,0.7488,0.7147,0.0341,,1
8722,0.996,0.0000,0.0000,0.0000,,1
8723,0.996,0.0000,0.0000,0.0000,,1
8724,0.995,0.7384,0.7097,0.0287,,1
8725,0.995,0.0000,0.0000,0.0000,,1
8726,0.997,0.0000,0.0000,0.0000,,1
8727,0.996,0.7456,0.7156,0.0300,,1
8728,0.996,0.0000,0.0000,0.0000,,1
8729,0.996,0.0000,0.0000,0.0000,,1
8730,0.996,0.7268,0.7016,0.0251,,1
8731,0.996,0.0000,0.0000,0.0000,,1
8732,0.996,0.0000,0.0000,0.0000,,1
8733,0.996,0.7400,0.7154,0.0245,,1
8734,0.995,0.0000,0.0000,0.0000,,1
8735,0.996,0.0000,0.0000,0.0000,,1
8736,0.996,0.7347,0.7125,0.0222,,1
8737,0.996,0.0000,0.0000,0.0000,,1
8738,0.997,0.0000,0.0000,0.0000,,1
8739,0.996,0.7310,0.7082,0.0228,,1
8740,0.996,0.0000,0.0000,0.0000,,1
8741,0.996,0.0000,0.0000,0.0000,,1
8742,0.994,0.7322,0.7051,0.0271,,1
8743,0.993,0.0000,0.0000,0.0000,,1
8744,0.993,0.0000,0.0000,0.0000,,1
8745,0.993,0.7507,0.7267,0.0240,,1
8746,0.993,0.0000,0.0000,0.0000,,1
8747,0.995,0.0000,0.0000,0.0000,,1
8748,0.995,0.7405,0.7235,0.0170,,1
8749,0.994,0.0000,0.0000,0.0000,,1
8750,0.994,0.0000,0.0000,0.0000,,1
8751,0.995,0.7546,0.7307,0.0239,,1
8752,0.996,0.0000,0.0000,0.0000,,1
8753,0.994,0.0000,0.0000,0.0000,,1
8754,0.994,0.7449,0.7206,0.0243,,1
8755,0.996,0.0000,0.0000,0.0000,,1
8756,0.995,0.0000,0.0000,0.0000,,1
8757,0.995,0.7367,0.7297,0.0070,,1
8758,0.979,0.0000,0.0000,0.0000,,1
8759,0.991,0.0000,0.0000,0.0000,,1
8760,0.994,0.7213,0.7121,0.0092,,1
8761,0.995,0.0000,0.0000,0.0000,,1
8762,0.990,0.0000,0.0000,0.0000,,1
8763,0.992,0.7217,0.6976,0.0240,,1
8764,0.992,0.0000,0.0000,0.0000,,1
8765,0.994,0.0000,0.0000,0.0000,,1
8766,0.994,0.7265,0.7051,0.0214,,1
8767,0.992,0.0000,0.0000,0.0000,,1
8768,0.973,0.0000,0.0000,0.0000,,1
8769,0.978,0.7340,0.7109,0.0230,,1
8770,0.983,0.0000,0.0000,0.0000,,1
8771,0.991,0.0000,0.0000,0.0000,,1
8772,0.991,0.7222,0.6998,0.0224,,1
8773,0.991,0.0000,0.0000,0.0000,,1
8774,0.990,0.0000,0.0000,0.0000,,1
8775,0.989,0.7339,0.7139,0.0200,,1
8776,0.986,0.0000,0.0000,0.0000,,1
8777,0.984,0.0000,0.0000,0.0000,,1
8778,0.983,0.7125,0.6992,0.0133,,1
8779,0.984,0.0000,0.0000,0.0000,,1
8780,0.986,0.0000,0.0000,0.0000,,1
8781,0.982,0.7346,0.7162,0.0184,,1
8782,0.976,0.0000,0.0000,0.0000,,1
8783,0.977,0.0000,0.0000,0.0000,,1
8784,0.979,0.7314,0.7196,0.0118,,1
8785,0.989,0.0000,0.0000,0.0000,,1
8786,0.989,0.0000,0.0000,0.0000,,1
8787,0.983,0.7397,0.7237,0.0161,,1
8788,0.984,0.0000,0.0000,0.0000,,1
8789,0.995,0.0000,0.0000,0.0000,,1
8790,0.994,0.7266,0.6944,0.0322,,1
8791,0.993,0.0000,0.0000,0.0000,,1
8792,0.992,0.0000,0.0000,0.0000,,1
8793,0.991,0.7596,0.7186,0.0410,,1
8794,0.991,0.0000,0.0000,0.0000,,1
8795,0.987,0.0000,0.0000,0.0000,,1
8796,0.991,0.7630,0.7233,0.0397,,1
8797,0.993,0.0000,0.0000,0.0000,,1
8798,0.991,0.0000,0.0000,0.0000,,1
8799,0.991,0.7620,0.7205,0.0415,,1
8800,0.991,0.0000,0.0000,0.0000,,1
8801,0.989,0.0000,0.0000,0.0000,,1
8802,0.988,0.7688,0.7338,0.0350,,1
8803,0.982,0.0000,0.0000,0.0000,,1
8804,0.986,0.0000,0.0000,0.0000,,1
8805,0.983,0.7690,0.7366,0.0323,,1
8806,0.974,0.0000,0.0000,0.0000,,1
8807,0.989,0.0000,0.0000,0.0000,,1
8808,0.987,0.7703,0.7340,0.0363,,1
8809,0.983,0.0000,0.0000,0.0000,,1
8810,0.982,0.0000,0.0000,0.0000,,1
8811,0.986,0.7695,0.7313,0.0381,,1
8812,0.985,0.0000,0.0000,0.0000,,1
8813,0.986,0.0000,0.0000,0.0000,,1
8814,0.988,0.7674,0.7370,0.0304,,1
8815,0.990,0.0000,0.0000,0.0000,,1
8816,0.985,0.0000,0.0000,0.0000,,1
8817,0.981,0.7704,0.7333,0.0371,,1
8818,0.986,0.0000,0.0000,0.0000,,1
8819,0.983,0.0000,0.0000,0.0000,,1
8820,0.985,0.7675,0.7280,0.0395,,1
8821,0.985,0.0000,0.0000,0.0000,,1
8822,0.987,0.0000,0.0000,0.0000,,1
8823,0.983,0.7761,0.7372,0.0389,,1
8824,0.982,0.0000,0.0000,0.0000,,1
8825,0.981,0.0000,0.0000,0.0000,,1
8826,0.979,0.7780,0.7371,0.0409,,1
8827,0.987,0.0000,0.0000,0.0000,,1
8828,0.987,0.0000,0.0000,0.0000,,1
8829,0.984,0.7777,0.7404,0.0372,,1
8830,0.990,0.0000,0.0000,0.0000,,1
8831,0.989,0.0000,0.0000,0.0000,,1
8832,0.987,0.7551,0.7333,0.0217,,1
8833,0.983,0.0000,0.0000,0.0000,,1
8834,0.980,0.0000,0.0000,0.0000,,1
8835,0.988,0.7590,0.7356,0.0234,,1
8836,0.986,0.0000,0.0000,0.0000,,1
8837,0.976,0.0000,0.0000,0.0000,,1
8838,0.985,0.7539,0.7323,0.0216,,1
8839,0.980,0.0000,0.0000,0.0000,,1
8840,0.981,0.0000,0.0000,0.0000,,1
8841,0.983,0.7622,0.7420,0.0202,,1
8842,0.984,0.0000,0.0000,0.0000,,1
8843,0.983,0.0000,0.0000,0.0000,,1
8844,0.986,0.7751,0.7473,0.0278,,1
8845,0.992,0.0000,0.0000,0.0000,,1
8846,0.993,0.0000,0.0000,0.0000,,1
8847,0.990,0.7824,0.7549,0.0275,,1
8848,0.991,0.0000,0.0000,0.0000,,1
8849,0.970,0.0000,0.0000,0.0000,,1
8850,0.979,0.7845,0.7444,0.0402,,1
8851,0.965,0.0000,0.0000,0.0000,,1
8852,0.706,0.0000,0.0000,0.0000,,1
8853,0.975,0.7404,0.7117,0.0288,,1
8854,0.935,0.0000,0.0000,0.0000,,1
8855,0.759,0.0000,0.0000,0.0000,,1
8856,0.471,0.6221,0.6147,0.0074,,1
8858,0.737,0.0000,0.0000,0.0000,,1
8859,0.763,0.8064,0.7528,0.0537,nike_blazer_mid77_darkblue,0
8860,0.905,0.0000,0.0000,0.0000,nike_blazer_mid77_darkblue,0
8861,0.945,0.0000,0.0000,0.0000,nike_blazer_mid77_darkblue,0
8862,0.878,0.7431,0.6979,0.0452,nike_blazer_mid77_darkblue,0
8863,0.763,0.0000,0.0000,0.0000,nike_blazer_mid77_darkblue,0
8864,0.619,0.0000,0.0000,0.0000,nike_blazer_mid77_darkblue,0
8864,0.558,0.0000,0.0000,0.0000,,1
8865,0.782,0.6982,0.6790,0.0192,nike_blazer_mid77_darkblue,0
8866,0.669,0.0000,0.0000,0.0000,nike_blazer_mid77_darkblue,0
8867,0.669,0.0000,0.0000,0.0000,,1
8868,0.918,0.7085,0.7066,0.0019,,1
8869,0.784,0.0000,0.0000,0.0000,,1
8870,0.877,0.0000,0.0000,0.0000,,1
8871,0.681,0.7335,0.7154,0.0181,,1
8871,0.663,0.7484,0.7438,0.0046,,1
8872,0.665,0.0000,0.0000,0.0000,,1
8873,0.853,0.0000,0.0000,0.0000,,1
8874,0.794,0.7489,0.7451,0.0038,,1
8877,0.635,0.7241,0.7218,0.0023,,1
8878,0.767,0.0000,0.0000,0.0000,,1
8879,0.855,0.0000,0.0000,0.0000,,1
8880,0.915,0.7440,0.7370,0.0070,,1
8881,0.911,0.0000,0.0000,0.0000,,1
8882,0.608,0.0000,0.0000,0.0000,,1
8883,0.536,0.7585,0.7321,0.0264,,1
8884,0.560,0.0000,0.0000,0.0000,,1
8885,0.651,0.0000,0.0000,0.0000,,1
8886,0.685,0.7565,0.7504,0.0061,,1
8887,0.744,0.0000,0.0000,0.0000,,1
8888,0.817,0.0000,0.0000,0.0000,,1
8889,0.786,0.7592,0.7326,0.0266,,1
8890,0.750,0.0000,0.0000,0.0000,,1
8891,0.780,0.0000,0.0000,0.0000,,1
8892,0.765,0.7574,0.7393,0.0181,,1
8893,0.743,0.0000,0.0000,0.0000,,1
8894,0.831,0.0000,0.0000,0.0000,,1
8895,0.631,0.7380,0.7228,0.0152,,1
8896,0.704,0.0000,0.0000,0.0000,,1
8897,0.570,0.0000,0.0000,0.0000,,1
8898,0.657,0.7305,0.7041,0.0264,,1
8899,0.647,0.0000,0.0000,0.0000,,1
8900,0.573,0.0000,0.0000,0.0000,,1
8901,0.677,0.7307,0.7064,0.0243,,1
8902,0.764,0.0000,0.0000,0.0000,,1
8903,0.881,0.0000,0.0000,0.0000,,1
8904,0.874,0.7190,0.6984,0.0206,,1
8905,0.888,0.0000,0.0000,0.0000,,1
8906,0.845,0.0000,0.0000,0.0000,,1
8907,0.805,0.7317,0.7129,0.0188,,1
8908,0.803,0.0000,0.0000,0.0000,,1
8909,0.627,0.0000,0.0000,0.0000,,1
8910,0.576,0.7632,0.7322,0.0310,,1
8911,0.602,0.0000,0.0000,0.0000,,1
8912,0.515,0.0000,0.0000,0.0000,,1
8913,0.567,0.7515,0.7235,0.0280,,1
8914,0.680,0.0000,0.0000,0.0000,,1
8915,0.670,0.0000,0.0000,0.0000,,1
8916,0.696,0.7433,0.7293,0.0140,,1
8917,0.666,0.0000,0.0000,0.0000,,1
8918,0.815,0.0000,0.0000,0.0000,,1
8919,0.814,0.7561,0.7293,0.0268,,1
8920,0.791,0.0000,0.0000,0.0000,,1
8921,0.816,0.0000,0.0000,0.0000,,1
8922,0.782,0.7539,0.7256,0.0283,,1
8923,0.845,0.0000,0.0000,0.0000,,1
8924,0.671,0.0000,0.0000,0.0000,,1
8925,0.713,0.7525,0.7386,0.0138,,1
8926,0.594,0.0000,0.0000,0.0000,,1
8927,0.627,0.0000,0.0000,0.0000,,1
8928,0.685,0.7485,0.7285,0.0200,,1
8929,0.730,0.0000,0.0000,0.0000,,1
8930,0.691,0.0000,0.0000,0.0000,,1
8931,0.600,0.7404,0.7226,0.0178,,1
8932,0.750,0.0000,0.0000,0.0000,,1
8933,0.721,0.0000,0.0000,0.0000,,1
8934,0.707,0.7418,0.7291,0.0127,,1
8934,0.459,0.7286,0.7103,0.0183,,1
8935,0.719,0.0000,0.0000,0.0000,,1
8936,0.756,0.0000,0.0000,0.0000,,1
8937,0.775,0.7392,0.7228,0.0165,,1
8938,0.565,0.0000,0.0000,0.0000,,1
8939,0.513,0.0000,0.0000,0.0000,,1
8940,0.561,0.7465,0.7105,0.0360,,1
8941,0.609,0.0000,0.0000,0.0000,,1
8942,0.478,0.0000,0.0000,0.0000,,1
8943,0.489,0.7318,0.7072,0.0246,,1
8944,0.510,0.0000,0.0000,0.0000,,1
8945,0.590,0.0000,0.0000,0.0000,,1
8946,0.525,0.7525,0.7211,0.0314,,1
8947,0.583,0.0000,0.0000,0.0000,,1
8948,0.612,0.0000,0.0000,0.0000,,1
8949,0.674,0.7569,0.7212,0.0356,,1
8950,0.518,0.0000,0.0000,0.0000,,1
8951,0.571,0.0000,0.0000,0.0000,,1
8952,0.561,0.7677,0.7207,0.0470,,1
8953,0.545,0.0000,0.0000,0.0000,,1
8954,0.568,0.0000,0.0000,0.0000,,1
8955,0.539,0.7526,0.7164,0.0362,,1
8956,0.510,0.0000,0.0000,0.0000,,1
8957,0.470,0.0000,0.0000,0.0000,,1
8965,0.480,0.0000,0.0000,0.0000,,1
8966,0.508,0.0000,0.0000,0.0000,,1
8967,0.557,0.7492,0.7186,0.0307,,1
8968,0.639,0.0000,0.0000,0.0000,,1
8969,0.743,0.0000,0.0000,0.0000,,1
8970,0.692,0.7849,0.7486,0.0363,,1
8971,0.768,0.0000,0.0000,0.0000,,1
8972,0.731,0.0000,0.0000,0.0000,,1
8973,0.794,0.7703,0.7606,0.0097,,1
8974,0.789,0.0000,0.0000,0.0000,,1
8975,0.675,0.0000,0.0000,0.0000,,1
8976,0.729,0.7490,0.7284,0.0206,,1
8977,0.800,0.0000,0.0000,0.0000,,1
8978,0.756,0.0000,0.0000,0.0000,,1
8979,0.738,0.7441,0.7343,0.0099,,1
8980,0.666,0.0000,0.0000,0.0000,,1
8981,0.674,0.0000,0.0000,0.0000,,1
8982,0.710,0.7461,0.7350,0.0111,,1
8983,0.761,0.0000,0.0000,0.0000,,1
8984,0.667,0.0000,0.0000,0.0000,,1
8985,0.718,0.7457,0.7270,0.0187,,1
8986,0.755,0.0000,0.0000,0.0000,,1
8987,0.706,0.0000,0.0000,0.0000,,1
8988,0.657,0.7305,0.7232,0.0073,,1
8989,0.705,0.0000,0.0000,0.0000,,1
8990,0.687,0.0000,0.0000,0.0000,,1
8991,0.648,0.7416,0.7115,0.0301,,1
8997,0.606,0.7623,0.7550,0.0073,,1
8998,0.609,0.0000,0.0000,0.0000,,1
9004,0.785,0.0000,0.0000,0.0000,,1
9006,0.667,0.7964,0.7388,0.0577,nike_blazer_mid77_darkblue,0
9007,0.571,0.0000,0.0000,0.0000,nike_blazer_mid77_darkblue,0
9008,0.549,0.0000,0.0000,0.0000,nike_blazer_mid77_darkblue,0
9009,0.669,0.7624,0.7567,0.0057,nike_blazer_mid77_darkblue,0
9010,0.859,0.0000,0.0000,0.0000,nike_blazer_mid77_darkblue,0
9011,0.821,0.0000,0.0000,0.0000,nike_blazer_mid77_darkblue,0
9012,0.947,0.7708,0.7692,0.0015,nike_blazer_mid77_darkblue,0
9013,0.880,0.0000,0.0000,0.0000,nike_blazer_mid77_darkblue,0
9014,0.847,0.0000,0.0000,0.0000,,1
9015,0.842,0.7547,0.7362,0.0186,,1
9016,0.877,0.0000,0.0000,0.0000,,1
9017,0.943,0.0000,0.0000,0.0000,,1
9018,0.915,0.7633,0.7579,0.0054,,1
9019,0.898,0.0000,0.0000,0.0000,,1
9019,0.780,0.0000,0.0000,0.0000,,1
9020,0.957,0.0000,0.0000,0.0000,,1
9021,0.944,0.7251,0.7082,0.0169,,1
9022,0.938,0.0000,0.0000,0.0000,,1
9023,0.902,0.0000,0.0000,0.0000,,1
9023,0.544,0.0000,0.0000,0.0000,,1
9024,0.909,0.7578,0.7382,0.0196,,1
9025,0.906,0.0000,0.0000,0.0000,,1
9026,0.943,0.0000,0.0000,0.0000,,1
9027,0.943,0.7511,0.7496,0.0015,,1
9028,0.941,0.0000,0.0000,0.0000,,1
9029,0.949,0.0000,0.0000,0.0000,,1
9030,0.939,0.7533,0.7465,0.0068,,1
9031,0.938,0.0000,0.0000,0.0000,,1
9032,0.950,0.0000,0.0000,0.0000,,1
9033,0.905,0.7403,0.7385,0.0017,,1
9034,0.940,0.0000,0.0000,0.0000,,1
9035,0.949,0.0000,0.0000,0.0000,,1
9036,0.929,0.7723,0.7658,0.0065,,1
9037,0.924,0.0000,0.0000,0.0000,,1
9038,0.919,0.0000,0.0000,0.0000,,1
9039,0.936,0.7644,0.7525,0.0119,,1
9040,0.931,0.0000,0.0000,0.0000,,1
9041,0.865,0.0000,0.0000,0.0000,,1
9041,0.693,0.0000,0.0000,0.0000,,1
9042,0.878,0.7575,0.7521,0.0053,,1
9042,0.565,0.7861,0.7699,0.0162,,1
9043,0.890,0.0000,0.0000,0.0000,,1
9044,0.938,0.0000,0.0000,0.0000,,1
9045,0.913,0.7355,0.7354,0.0001,,1
9046,0.935,0.0000,0.0000,0.0000,,1
9047,0.937,0.0000,0.0000,0.0000,,1
9048,0.930,0.7455,0.7370,0.0086,,1
9049,0.924,0.0000,0.0000,0.0000,,1
9050,0.931,0.0000,0.0000,0.0000,,1
9051,0.887,0.7364,0.7308,0.0056,,1
9052,0.853,0.0000,0.0000,0.0000,,1
9052,0.521,0.0000,0.0000,0.0000,,1
9053,0.890,0.0000,0.0000,0.0000,,1
9054,0.915,0.7525,0.7512,0.0014,,1
9055,0.891,0.0000,0.0000,0.0000,,1
9056,0.890,0.0000,0.0000,0.0000,,1
9056,0.563,0.0000,0.0000,0.0000,,1
9057,0.905,0.7542,0.7441,0.0101,,1
9057,0.550,0.7710,0.7683,0.0028,,1
9058,0.897,0.0000,0.0000,0.0000,,1
9058,0.555,0.0000,0.0000,0.0000,,1
9059,0.888,0.0000,0.0000,0.0000,,1
9059,0.603,0.0000,0.0000,0.0000,,1
9060,0.890,0.7612,0.7500,0.0112,,1
9060,0.607,0.7772,0.7758,0.0014,,1
9061,0.883,0.0000,0.0000,0.0000,,1
9062,0.882,0.0000,0.0000,0.0000,,1
9062,0.498,0.0000,0.0000,0.0000,,1
9063,0.901,0.7512,0.7419,0.0093,,1
9064,0.891,0.0000,0.0000,0.0000,,1
9065,0.916,0.0000,0.0000,0.0000,,1
9066,0.924,0.7663,0.7585,0.0078,,1
9067,0.909,0.0000,0.0000,0.0000,,1
9068,0.908,0.0000,0.0000,0.0000,,1
9069,0.894,0.7591,0.7540,0.0050,,1
9069,0.488,0.7710,0.7540,0.0170,,1
9070,0.914,0.0000,0.0000,0.0000,,1
9071,0.904,0.0000,0.0000,0.0000,,1
9072,0.896,0.7623,0.7614,0.0009,,1
9073,0.904,0.0000,0.0000,0.0000,,1
9074,0.926,0.0000,0.0000,0.0000,,1
9075,0.902,0.7646,0.7632,0.0014,,1
9076,0.923,0.0000,0.0000,0.0000,,1
9077,0.874,0.0000,0.0000,0.0000,,1
9078,0.887,0.7660,0.7581,0.0079,,1
9079,0.899,0.0000,0.0000,0.0000,,1
9080,0.891,0.0000,0.0000,0.0000,,1
9081,0.892,0.7674,0.7644,0.0030,,1
9082,0.884,0.0000,0.0000,0.0000,,1
9083,0.906,0.0000,0.0000,0.0000,,1
9084,0.907,0.7669,0.7641,0.0028,,1
9085,0.914,0.0000,0.0000,0.0000,,1
9086,0.894,0.0000,0.0000,0.0000,,1
9087,0.917,0.7806,0.7762,0.0044,,1
9088,0.926,0.0000,0.0000,0.0000,,1
9089,0.931,0.0000,0.0000,0.0000,,1
9090,0.932,0.7713,0.7541,0.0172,,1
9091,0.935,0.0000,0.0000,0.0000,,1
9092,0.926,0.0000,0.0000,0.0000,,1
9093,0.919,0.7748,0.7746,0.0002,,1
9094,0.913,0.0000,0.0000,0.0000,,1
9095,0.939,0.0000,0.0000,0.0000,,1
9096,0.919,0.7634,0.7632,0.0002,,1
9097,0.912,0.0000,0.0000,0.0000,,1
9098,0.925,0.0000,0.0000,0.0000,,1
9099,0.940,0.7583,0.7483,0.0100,,1
9100,0.920,0.0000,0.0000,0.0000,,1
9101,0.934,0.0000,0.0000,0.0000,,1
9102,0.895,0.7699,0.7686,0.0013,,1
9103,0.903,0.0000,0.0000,0.0000,,1
9104,0.895,0.0000,0.0000,0.0000,,1
9105,0.893,0.7825,0.7801,0.0024,,1
9106,0.922,0.0000,0.0000,0.0000,,1
9107,0.929,0.0000,0.0000,0.0000,,1
9108,0.927,0.7865,0.7747,0.0119,,1
9109,0.908,0.0000,0.0000,0.0000,,1
9110,0.928,0.0000,0.0000,0.0000,,1
9111,0.919,0.7876,0.7803,0.0073,,1
9112,0.906,0.0000,0.0000,0.0000,,1
9113,0.906,0.0000,0.0000,0.0000,,1
9114,0.918,0.7766,0.7662,0.0104,,1
9115,0.926,0.0000,0.0000,0.0000,,1
9116,0.923,0.0000,0.0000,0.0000,,1
9117,0.944,0.7925,0.7869,0.0056,,1
9118,0.933,0.0000,0.0000,0.0000,,1
9119,0.933,0.0000,0.0000,0.0000,,1
9120,0.948,0.7851,0.7732,0.0119,,1
9121,0.942,0.0000,0.0000,0.0000,,1
9122,0.929,0.0000,0.0000,0.0000,,1
9123,0.931,0.7917,0.7861,0.0056,,1
9124,0.926,0.0000,0.0000,0.0000,,1
9125,0.930,0.0000,0.0000,0.0000,,1
9126,0.942,0.7917,0.7811,0.0105,,1
9127,0.932,0.0000,0.0000,0.0000,,1
9128,0.904,0.0000,0.0000,0.0000,,1
9129,0.909,0.7893,0.7758,0.0135,,1
9130,0.917,0.0000,0.0000,0.0000,,1
9131,0.935,0.0000,0.0000,0.0000,,1
9132,0.932,0.7740,0.7660,0.0080,,1
9133,0.916,0.0000,0.0000,0.0000,,1
9134,0.919,0.0000,0.0000,0.0000,,1
9135,0.895,0.7884,0.7802,0.0082,,1
9136,0.897,0.0000,0.0000,0.0000,,1
9137,0.893,0.0000,0.0000,0.0000,,1
9138,0.904,0.7757,0.7631,0.0126,,1
9139,0.887,0.0000,0.0000,0.0000,,1
9140,0.856,0.0000,0.0000,0.0000,,1
9140,0.503,0.0000,0.0000,0.0000,,1
9141,0.906,0.7841,0.7646,0.0195,,1
9141,0.503,0.7658,0.7639,0.0019,,1
9142,0.896,0.0000,0.0000,0.0000,,1
9142,0.510,0.0000,0.0000,0.0000,,1
9143,0.895,0.0000,0.0000,0.0000,,1
9143,0.630,0.0000,0.0000,0.0000,,1
9144,0.904,0.7547,0.7459,0.0088,,1
9144,0.550,0.7492,0.7483,0.0009,,1
9145,0.938,0.0000,0.0000,0.0000,,1
9146,0.856,0.0000,0.0000,0.0000,,1
9147,0.774,0.7707,0.7574,0.0132,,1
9148,0.956,0.0000,0.0000,0.0000,,1
9149,0.893,0.0000,0.0000,0.0000,,1
9150,0.871,0.7854,0.7673,0.0181,,1
9150,0.852,0.7260,0.7213,0.0048,,1
9151,0.871,0.0000,0.0000,0.0000,,1
9152,0.955,0.0000,0.0000,0.0000,,1
9153,0.915,0.8141,0.7792,0.0350,,1
9154,0.927,0.0000,0.0000,0.0000,,1
9155,0.977,0.0000,0.0000,0.0000,,1
9156,0.971,0.8214,0.7753,0.0461,,1
9157,0.953,0.0000,0.0000,0.0000,,1
9158,0.981,0.0000,0.0000,0.0000,,1
9159,0.986,0.7961,0.7556,0.0406,,1
9160,0.984,0.0000,0.0000,0.0000,,1
9161,0.964,0.0000,0.0000,0.0000,,1
9162,0.970,0.7471,0.7401,0.0070,,1
9163,0.991,0.0000,0.0000,0.0000,,1
9164,0.988,0.0000,0.0000,0.0000,,1
9165,0.985,0.7643,0.7621,0.0022,,1
9166,0.979,0.0000,0.0000,0.0000,,1
9167,0.980,0.0000,0.0000,0.0000,,1
9168,0.981,0.7931,0.7773,0.0158,,1
9169,0.989,0.0000,0.0000,0.0000,,1
9170,0.991,0.0000,0.0000,0.0000,,1
9171,0.989,0.7725,0.7567,0.0158,,1
9172,0.991,0.0000,0.0000,0.0000,,1
9173,0.993,0.0000,0.0000,0.0000,,1
9174,0.993,0.7931,0.7718,0.0213,,1
9175,0.992,0.0000,0.0000,0.0000,,1
9176,0.992,0.0000,0.0000,0.0000,,1
9177,0.993,0.7719,0.7616,0.0103,,1
9178,0.992,0.0000,0.0000,0.0000,,1
9179,0.993,0.0000,0.0000,0.0000,,1
9180,0.993,0.7800,0.7538,0.0262,,1
9181,0.993,0.0000,0.0000,0.0000,,1
9182,0.993,0.0000,0.0000,0.0000,,1
9183,0.992,0.7772,0.7459,0.0313,,1
9184,0.992,0.0000,0.0000,0.0000,,1
9185,0.992,0.0000,0.0000,0.0000,,1
9186,0.993,0.7867,0.7572,0.0295,,1
9187,0.992,0.0000,0.0000,0.0000,,1
9188,0.992,0.0000,0.0000,0.0000,,1
9189,0.993,0.7820,0.7587,0.0233,,1
9190,0.994,0.0000,0.0000,0.0000,,1
9191,0.993,0.0000,0.0000,0.0000,,1
9192,0.992,0.7675,0.7494,0.0181,,1
9193,0.993,0.0000,0.0000,0.0000,,1
9194,0.991,0.0000,0.0000,0.0000,,1
9195,0.992,0.7948,0.7754,0.0194,,1
9196,0.992,0.0000,0.0000,0.0000,,1
9197,0.991,0.0000,0.0000,0.0000,,1
9198,0.992,0.7835,0.7639,0.0195,,1
9199,0.992,0.0000,0.0000,0.0000,,1
9200,0.991,0.0000,0.0000,0.0000,,1
9201,0.992,0.7960,0.7753,0.0207,,1
9202,0.991,0.0000,0.0000,0.0000,,1
9203,0.992,0.0000,0.0000,0.0000,,1
9204,0.992,0.7863,0.7673,0.0190,,1
9205,0.992,0.0000,0.0000,0.0000,,1
9206,0.992,0.0000,0.0000,0.0000,,1
9207,0.991,0.7937,0.7641,0.0296,,1
9208,0.990,0.0000,0.0000,0.0000,,1
9209,0.991,0.0000,0.0000,0.0000,,1
9210,0.991,0.8015,0.7687,0.0327,,1
9211,0.991,0.0000,0.0000,0.0000,,1
9212,0.991,0.0000,0.0000,0.0000,,1
9213,0.990,0.7649,0.7399,0.0250,,1
9214,0.990,0.0000,0.0000,0.0000,,1
9215,0.985,0.0000,0.0000,0.0000,,1
9216,0.988,0.7764,0.7591,0.0173,,1
9217,0.994,0.0000,0.0000,0.0000,,1
9218,0.992,0.0000,0.0000,0.0000,,1
9219,0.992,0.7701,0.7444,0.0257,,1
9220,0.993,0.0000,0.0000,0.0000,,1
9221,0.993,0.0000,0.0000,0.0000,,1
9222,0.994,0.7601,0.7514,0.0087,,1
9223,0.993,0.0000,0.0000,0.0000,,1
9224,0.993,0.0000,0.0000,0.0000,,1
9225,0.993,0.7769,0.7463,0.0307,,1
9226,0.992,0.0000,0.0000,0.0000,,1
9227,0.993,0.0000,0.0000,0.0000,,1
9228,0.992,0.7819,0.7691,0.0128,,1
9229,0.992,0.0000,0.0000,0.0000,,1
9230,0.993,0.0000,0.0000,0.0000,,1
9231,0.994,0.7851,0.7607,0.0245,,1
9232,0.993,0.0000,0.0000,0.0000,,1
9233,0.992,0.0000,0.0000,0.0000,,1
9234,0.992,0.7946,0.7691,0.0255,,1
9235,0.993,0.0000,0.0000,0.0000,,1
9236,0.992,0.0000,0.0000,0.0000,,1
9237,0.993,0.7948,0.7709,0.0240,,1
9238,0.993,0.0000,0.0000,0.0000,,1
9239,0.992,0.0000,0.0000,0.0000,,1
9240,0.991,0.7786,0.7501,0.0285,,1
9241,0.992,0.0000,0.0000,0.0000,,1
9242,0.991,0.0000,0.0000,0.0000,,1
9243,0.991,0.7994,0.7636,0.0358,,1
9244,0.991,0.0000,0.0000,0.0000,,1
9245,0.991,0.0000,0.0000,0.0000,,1
9246,0.991,0.8098,0.7728,0.0370,,1
9247,0.992,0.0000,0.0000,0.0000,,1
9248,0.992,0.0000,0.0000,0.0000,,1
9249,0.991,0.8060,0.7660,0.0400,,1
9250,0.992,0.0000,0.0000,0.0000,,1
9251,0.991,0.0000,0.0000,0.0000,,1
9252,0.992,0.7975,0.7558,0.0417,,1
9253,0.992,0.0000,0.0000,0.0000,,1
9254,0.991,0.0000,0.0000,0.0000,,1
9255,0.991,0.7906,0.7548,0.0359,,1
9256,0.992,0.0000,0.0000,0.0000,,1
9257,0.992,0.0000,0.0000,0.0000,,1
9258,0.991,0.8073,0.7656,0.0417,,1
9259,0.991,0.0000,0.0000,0.0000,,1
9260,0.991,0.0000,0.0000,0.0000,,1
9261,0.992,0.7909,0.7522,0.0386,,1
9262,0.991,0.0000,0.0000,0.0000,,1
9263,0.991,0.0000,0.0000,0.0000,,1
9264,0.991,0.8137,0.7727,0.0410,,1
9265,0.991,0.0000,0.0000,0.0000,,1
9266,0.991,0.0000,0.0000,0.0000,,1
9267,0.991,0.7897,0.7501,0.0397,,1
9268,0.992,0.0000,0.0000,0.0000,,1
9269,0.992,0.0000,0.0000,0.0000,,1
9270,0.992,0.7933,0.7556,0.0377,,1
9271,0.989,0.0000,0.0000,0.0000,,1
9272,0.989,0.0000,0.0000,0.0000,,1
9273,0.991,0.8038,0.7737,0.0301,,1
9274,0.991,0.0000,0.0000,0.0000,,1
9275,0.992,0.0000,0.0000,0.0000,,1
9276,0.992,0.7838,0.7558,0.0280,,1
9277,0.991,0.0000,0.0000,0.0000,,1
9278,0.992,0.0000,0.0000,0.0000,,1
9279,0.992,0.7795,0.7482,0.0313,,1
9280,0.991,0.0000,0.0000,0.0000,,1
9281,0.992,0.0000,0.0000,0.0000,,1
9282,0.992,0.7911,0.7630,0.0281,,1
9283,0.991,0.0000,0.0000,0.0000,,1
9284,0.991,0.0000,0.0000,0.0000,,1
9285,0.991,0.7724,0.7515,0.0208,,1
9286,0.991,0.0000,0.0000,0.0000,,1
9287,0.992,0.0000,0.0000,0.0000,,1
9288,0.991,0.8007,0.7638,0.0369,,1
9289,0.990,0.0000,0.0000,0.0000,,1
9290,0.991,0.0000,0.0000,0.0000,,1
9291,0.990,0.7873,0.7488,0.0385,,1
9292,0.991,0.0000,0.0000,0.0000,,1
9293,0.991,0.0000,0.0000,0.0000,,1
9294,0.991,0.7805,0.7559,0.0246,,1
9295,0.991,0.0000,0.0000,0.0000,,1
9296,0.989,0.0000,0.0000,0.0000,,1
9297,0.992,0.8165,0.7659,0.0506,nike_blazer_mid77_darkblue,0
9298,0.985,0.0000,0.0000,0.0000,nike_blazer_mid77_darkblue,0
9299,0.990,0.0000,0.0000,0.0000,nike_blazer_mid77_darkblue,0
9300,0.989,0.7956,0.7498,0.0458,nike_blazer_mid77_darkblue,0
9301,0.992,0.0000,0.0000,0.0000,nike_blazer_mid77_darkblue,0
9302,0.994,0.0000,0.0000,0.0000,nike_blazer_mid77_darkblue,0
9303,0.990,0.7904,0.7490,0.0414,nike_blazer_mid77_darkblue,0
9304,0.988,0.0000,0.0000,0.0000,nike_blazer_mid77_darkblue,0
9305,0.991,0.0000,0.0000,0.0000,,1
9306,0.991,0.7891,0.7544,0.0347,,1
9307,0.993,0.0000,0.0000,0.0000,,1
9308,0.991,0.0000,0.0000,0.0000,,1
9309,0.987,0.7885,0.7478,0.0407,,1
9310,0.988,0.0000,0.0000,0.0000,,1
9311,0.990,0.0000,0.0000,0.0000,,1
9312,0.992,0.7897,0.7521,0.0376,,1
9313,0.992,0.0000,0.0000,0.0000,,1
9314,0.993,0.0000,0.0000,0.0000,,1
9315,0.993,0.7896,0.7508,0.0388,,1
9316,0.993,0.0000,0.0000,0.0000,,1
9317,0.994,0.0000,0.0000,0.0000,,1
9318,0.991,0.7802,0.7399,0.0403,,1
9319,0.993,0.0000,0.0000,0.0000,,1
9320,0.990,0.0000,0.0000,0.0000,,1
9321,0.992,0.7647,0.7328,0.0318,,1
9322,0.991,0.0000,0.0000,0.0000,,1
9323,0.993,0.0000,0.0000,0.0000,,1
9324,0.991,0.7568,0.7255,0.0313,,1
9325,0.992,0.0000,0.0000,0.0000,,1
9326,0.993,0.0000,0.0000,0.0000,,1
9327,0.977,0.7512,0.7271,0.0241,,1
9328,0.978,0.0000,0.0000,0.0000,,1
9329,0.967,0.0000,0.0000,0.0000,,1
9330,0.980,0.7497,0.7409,0.0088,,1
9331,0.983,0.0000,0.0000,0.0000,,1
9332,0.938,0.0000,0.0000,0.0000,,1
9333,0.945,0.7442,0.7434,0.0008,,1
9334,0.953,0.0000,0.0000,0.0000,,1
9335,0.977,0.0000,0.0000,0.0000,,1
9336,0.955,0.7383,0.7176,0.0208,,1
9337,0.977,0.0000,0.0000,0.0000,,1
9338,0.993,0.0000,0.0000,0.0000,,1
9339,0.993,0.7169,0.6914,0.0256,,1
9340,0.991,0.0000,0.0000,0.0000,,1
9341,0.986,0.0000,0.0000,0.0000,,1
9342,0.988,0.7456,0.7262,0.0194,,1
9343,0.989,0.0000,0.0000,0.0000,,1
9344,0.986,0.0000,0.0000,0.0000,,1
9345,0.988,0.7688,0.7372,0.0316,,1
9346,0.990,0.0000,0.0000,0.0000,,1
9347,0.989,0.0000,0.0000,0.0000,,1
9348,0.981,0.7673,0.7219,0.0455,,1
9349,0.914,0.0000,0.0000,0.0000,,1
9350,0.853,0.0000,0.0000,0.0000,,1
9351,0.794,0.7427,0.7071,0.0355,,1
9352,0.835,0.0000,0.0000,0.0000,,1
9353,0.902,0.0000,0.0000,0.0000,,1
9354,0.880,0.7747,0.7285,0.0461,,1
9355,0.843,0.0000,0.0000,0.0000,,1
9356,0.906,0.0000,0.0000,0.0000,,1
9357,0.770,0.7874,0.7604,0.0270,,1
9358,0.632,0.0000,0.0000,0.0000,,1
9358,0.615,0.0000,0.0000,0.0000,,1
9359,0.843,0.0000,0.0000,0.0000,,1
9360,0.713,0.8041,0.8001,0.0041,,1
9361,0.545,0.0000,0.0000,0.0000,,1
9361,0.509,0.0000,0.0000,0.0000,,1
9362,0.460,0.0000,0.0000,0.0000,,1
9365,0.450,0.0000,0.0000,0.0000,,1
9366,0.473,0.8120,0.7943,0.0177,,1
9367,0.473,0.0000,0.0000,0.0000,,1
9368,0.567,0.0000,0.0000,0.0000,,1
9369,0.609,0.8139,0.7958,0.0180,,1
9370,0.608,0.0000,0.0000,0.0000,,1
9371,0.626,0.0000,0.0000,0.0000,,1
9372,0.603,0.8031,0.7938,0.0093,,1
9373,0.590,0.0000,0.0000,0.0000,,1
9375,0.641,0.7806,0.7727,0.0079,,1
9376,0.602,0.0000,0.0000,0.0000,,1
9377,0.491,0.0000,0.0000,0.0000,,1
9378,0.573,0.8192,0.7406,0.0786,nike_blazer_mid77_darkblue,0
9379,0.503,0.0000,0.0000,0.0000,nike_blazer_mid77_darkblue,0
9408,0.504,0.7695,0.7441,0.0254,nike_blazer_mid77_darkblue,0
9409,0.756,0.0000,0.0000,0.0000,nike_blazer_mid77_darkblue,0
9410,0.650,0.0000,0.0000,0.0000,nike_blazer_mid77_darkblue,0
9411,0.621,0.7415,0.7323,0.0092,nike_blazer_mid77_darkblue,0
9412,0.637,0.0000,0.0000,0.0000,nike_blazer_mid77_darkblue,0
9413,0.470,0.0000,0.0000,0.0000,nike_blazer_mid77_darkblue,0
9415,0.465,0.0000,0.0000,0.0000,,1
9416,0.492,0.0000,0.0000,0.0000,,1
9423,0.512,0.7664,0.7428,0.0236,,1
9424,0.518,0.0000,0.0000,0.0000,,1
9425,0.504,0.0000,0.0000,0.0000,,1
9426,0.451,0.7637,0.7372,0.0265,,1
9444,0.534,0.7968,0.7706,0.0262,,1
9445,0.736,0.0000,0.0000,0.0000,,1
9446,0.711,0.0000,0.0000,0.0000,,1
9447,0.690,0.8056,0.7881,0.0175,,1
9448,0.747,0.0000,0.0000,0.0000,,1
9449,0.805,0.0000,0.0000,0.0000,,1
9450,0.762,0.7939,0.7933,0.0007,,1
9451,0.755,0.0000,0.0000,0.0000,,1
9452,0.680,0.0000,0.0000,0.0000,,1
9453,0.699,0.7849,0.7844,0.0005,,1
9454,0.799,0.0000,0.0000,0.0000,,1
9455,0.818,0.0000,0.0000,0.0000,,1
9456,0.757,0.7939,0.7859,0.0080,,1
9457,0.810,0.0000,0.0000,0.0000,,1
9458,0.609,0.0000,0.0000,0.0000,,1
9459,0.556,0.8070,0.7932,0.0139,,1
9460,0.661,0.0000,0.0000,0.0000,,1
9461,0.528,0.0000,0.0000,0.0000,,1
9462,0.509,0.7962,0.7887,0.0075,,1
9463,0.568,0.0000,0.0000,0.0000,,1
9464,0.727,0.0000,0.0000,0.0000,,1
9471,0.480,0.8098,0.7948,0.0151,,1
9472,0.477,0.0000,0.0000,0.0000,,1
9473,0.469,0.0000,0.0000,0.0000,,1
9486,0.454,0.7726,0.7646,0.0080,,1
9487,0.512,0.0000,0.0000,0.0000,,1
9488,0.722,0.0000,0.0000,0.0000,,1
9489,0.847,0.7673,0.7551,0.0122,,1
9490,0.769,0.0000,0.0000,0.0000,,1
9491,0.838,0.0000,0.0000,0.0000,,1
9492,0.807,0.8073,0.7981,0.0092,,1
9493,0.777,0.0000,0.0000,0.0000,,1
9494,0.871,0.0000,0.0000,0.0000,,1
9495,0.891,0.8011,0.7922,0.0089,,1
9496,0.905,0.0000,0.0000,0.0000,,1
9497,0.929,0.0000,0.0000,0.0000,,1
9498,0.947,0.7952,0.7730,0.0221,,1
9499,0.934,0.0000,0.0000,0.0000,,1
9500,0.935,0.0000,0.0000,0.0000,,1
9501,0.925,0.7890,0.7648,0.0242,,1
9502,0.936,0.0000,0.0000,0.0000,,1
9503,0.900,0.0000,0.0000,0.0000,,1
9504,0.928,0.7987,0.7733,0.0254,,1
9505,0.940,0.0000,0.0000,0.0000,,1
9506,0.916,0.0000,0.0000,0.0000,,1
9507,0.909,0.7903,0.7709,0.0193,,1
9508,0.917,0.0000,0.0000,0.0000,,1
9509,0.882,0.0000,0.0000,0.0000,,1
9510,0.868,0.8008,0.7599,0.0409,,1
9511,0.876,0.0000,0.0000,0.0000,,1
9512,0.760,0.0000,0.0000,0.0000,,1
9513,0.758,0.7986,0.7653,0.0332,,1
9514,0.746,0.0000,0.0000,0.0000,,1
9515,0.792,0.0000,0.0000,0.0000,,1
9516,0.751,0.7914,0.7635,0.0279,,1
9517,0.805,0.0000,0.0000,0.0000,,1
9518,0.851,0.0000,0.0000,0.0000,,1
9519,0.829,0.7887,0.7619,0.0268,,1
9520,0.876,0.0000,0.0000,0.0000,,1
9521,0.886,0.0000,0.0000,0.0000,,1
9522,0.880,0.7858,0.7604,0.0254,,1
9523,0.897,0.0000,0.0000,0.0000,,1
9524,0.852,0.0000,0.0000,0.0000,,1
9525,0.861,0.7805,0.7525,0.0280,,1
9526,0.834,0.0000,0.0000,0.0000,,1
9527,0.886,0.0000,0.0000,0.0000,,1
9528,0.911,0.7770,0.7398,0.0372,,1
9529,0.876,0.0000,0.0000,0.0000,,1
9530,0.751,0.0000,0.0000,0.0000,,1
9531,0.792,0.7502,0.7142,0.0361,,1
9532,0.748,0.0000,0.0000,0.0000,,1
9533,0.726,0.0000,0.0000,0.0000,,1
9534,0.746,0.7650,0.7287,0.0363,,1
9535,0.454,0.0000,0.0000,0.0000,,1
9536,0.687,0.0000,0.0000,0.0000,,1
9537,0.701,0.7502,0.7134,0.0368,,1
9538,0.693,0.0000,0.0000,0.0000,,1
9539,0.548,0.0000,0.0000,0.0000,,1
9540,0.599,0.7886,0.7467,0.0419,,1
9541,0.592,0.0000,0.0000,0.0000,,1
9542,0.580,0.0000,0.0000,0.0000,,1
9543,0.586,0.7933,0.7367,0.0566,nike_blazer_mid77_darkblue,0
9544,0.678,0.0000,0.0000,0.0000,nike_blazer_mid77_darkblue,0
9545,0.645,0.0000,0.0000,0.0000,nike_blazer_mid77_darkblue,0
9546,0.776,0.7780,0.7422,0.0358,nike_blazer_mid77_darkblue,0
9547,0.698,0.0000,0.0000,0.0000,nike_blazer_mid77_darkblue,0
9548,0.684,0.0000,0.0000,0.0000,nike_blazer_mid77_darkblue,0
9550,0.490,0.0000,0.0000,0.0000,nike_blazer_mid77_darkblue,0
9551,0.582,0.0000,0.0000,0.0000,nike_blazer_mid77_darkblue,0
9552,0.558,0.8016,0.7495,0.0521,nike_blazer_mid77_darkblue,0
9553,0.676,0.0000,0.0000,0.0000,nike_blazer_mid77_darkblue,0
9554,0.651,0.0000,0.0000,0.0000,nike_blazer_mid77_darkblue,0
9555,0.613,0.8010,0.7516,0.0494,nike_blazer_mid77_darkblue,0
9556,0.651,0.0000,0.0000,0.0000,nike_blazer_mid77_darkblue,0
9557,0.640,0.0000,0.0000,0.0000,nike_blazer_mid77_darkblue,0
9558,0.605,0.7958,0.7489,0.0469,nike_blazer_mid77_darkblue,0
9559,0.640,0.0000,0.0000,0.0000,nike_blazer_mid77_darkblue,0
9560,0.551,0.0000,0.0000,0.0000,,1
9561,0.604,0.7878,0.7467,0.0412,,1
9562,0.650,0.0000,0.0000,0.0000,,1
9563,0.564,0.0000,0.0000,0.0000,,1
9564,0.560,0.7848,0.7420,0.0427,,1
9565,0.617,0.0000,0.0000,0.0000,,1
9566,0.664,0.0000,0.0000,0.0000,,1
9567,0.568,0.7912,0.7421,0.0491,,1
9568,0.509,0.0000,0.0000,0.0000,,1
9569,0.470,0.0000,0.0000,0.0000,,1
9570,0.523,0.7858,0.7393,0.0465,,1
9571,0.608,0.0000,0.0000,0.0000,,1
9572,0.601,0.0000,0.0000,0.0000,,1
9573,0.562,0.7930,0.7467,0.0463,,1
9574,0.509,0.0000,0.0000,0.0000,,1
9575,0.618,0.0000,0.0000,0.0000,,1
9576,0.562,0.7861,0.7394,0.0467,,1
9577,0.456,0.0000,0.0000,0.0000,,1
9578,0.563,0.0000,0.0000,0.0000,,1
9580,0.492,0.0000,0.0000,0.0000,,1
9581,0.557,0.0000,0.0000,0.0000,,1
9582,0.594,0.7958,0.7445,0.0513,nike_blazer_mid77_darkblue,0
9583,0.567,0.0000,0.0000,0.0000,nike_blazer_mid77_darkblue,0
9584,0.505,0.0000,0.0000,0.0000,nike_blazer_mid77_darkblue,0
9585,0.472,0.7813,0.7391,0.0422,nike_blazer_mid77_darkblue,0
9586,0.822,0.0000,0.0000,0.0000,nike_blazer_mid77_darkblue,0
9587,0.928,0.0000,0.0000,0.0000,nike_blazer_mid77_darkblue,0
9588,0.914,0.7970,0.7574,0.0397,nike_blazer_mid77_darkblue,0
9589,0.955,0.0000,0.0000,0.0000,nike_blazer_mid77_darkblue,0
9590,0.963,0.0000,0.0000,0.0000,,1
9591,0.965,0.7874,0.7613,0.0261,,1
9592,0.949,0.0000,0.0000,0.0000,,1
9593,0.906,0.0000,0.0000,0.0000,,1
9594,0.884,0.7925,0.7756,0.0169,,1
9595,0.857,0.0000,0.0000,0.0000,,1
9596,0.769,0.0000,0.0000,0.0000,,1
9597,0.759,0.8001,0.7712,0.0289,,1
9598,0.789,0.0000,0.0000,0.0000,,1
9599,0.896,0.0000,0.0000,0.0000,,1
9600,0.870,0.8097,0.7713,0.0384,,1
9601,0.854,0.0000,0.0000,0.0000,,1
9610,0.659,0.0000,0.0000,0.0000,,1
9612,0.735,0.7671,0.7451,0.0220,,1
9613,0.859,0.0000,0.0000,0.0000,,1
9614,0.594,0.0000,0.0000,0.0000,,1
9615,0.758,0.7702,0.7519,0.0183,,1
9616,0.741,0.0000,0.0000,0.0000,,1
9617,0.519,0.0000,0.0000,0.0000,,1
9618,0.747,0.7741,0.7542,0.0199,,1
9619,0.936,0.0000,0.0000,0.0000,,1
9620,0.929,0.0000,0.0000,0.0000,,1
9621,0.866,0.7576,0.7182,0.0395,,1
9622,0.840,0.0000,0.0000,0.0000,,1
9623,0.836,0.0000,0.0000,0.0000,,1
9624,0.888,0.7519,0.7501,0.0018,,1
9625,0.736,0.0000,0.0000,0.0000,,1
9626,0.760,0.0000,0.0000,0.0000,,1
9627,0.782,0.7575,0.7403,0.0172,,1
9628,0.774,0.0000,0.0000,0.0000,,1
9629,0.469,0.0000,0.0000,0.0000,,1
9630,0.535,0.7350,0.7324,0.0026,,1
9635,0.509,0.0000,0.0000,0.0000,,1
9665,0.674,0.0000,0.0000,0.0000,,1
9666,0.813,0.7288,0.7026,0.0262,,1
9667,0.940,0.0000,0.0000,0.0000,,1
9668,0.958,0.0000,0.0000,0.0000,,1
9669,0.916,0.7539,0.7206,0.0334,,1
9670,0.881,0.0000,0.0000,0.0000,,1
9671,0.859,0.0000,0.0000,0.0000,,1
9672,0.895,0.7998,0.7489,0.0509,adidas_ozelia_cream_blue,0
9673,0.915,0.0000,0.0000,0.0000,adidas_ozelia_cream_blue,0
9674,0.893,0.0000,0.0000,0.0000,adidas_ozelia_cream_blue,0
9675,0.804,0.7628,0.7127,0.0500,adidas_ozelia_cream_blue,0
9676,0.913,0.0000,0.0000,0.0000,adidas_ozelia_cream_blue,0
9677,0.812,0.0000,0.0000,0.0000,adidas_ozelia_cream_blue,0
9678,0.854,0.7593,0.6980,0.0612,adidas_ozelia_cream_blue,0
9679,0.762,0.0000,0.0000,0.0000,adidas_ozelia_cream_blue,0
9680,0.767,0.0000,0.0000,0.0000,adidas_ozelia_cream_blue,0
9681,0.816,0.7676,0.7208,0.0468,adidas_ozelia_cream_blue,0
9682,0.857,0.0000,0.0000,0.0000,adidas_ozelia_cream_blue,0
9683,0.853,0.0000,0.0000,0.0000,adidas_ozelia_cream_blue,0
9684,0.852,0.7535,0.7188,0.0347,adidas_ozelia_cream_blue,0
9685,0.880,0.0000,0.0000,0.0000,adidas_ozelia_cream_blue,0
9686,0.844,0.0000,0.0000,0.0000,,1
9687,0.875,0.7663,0.7203,0.0460,,1
9688,0.859,0.0000,0.0000,0.0000,,1
9689,0.790,0.0000,0.0000,0.0000,,1
9690,0.816,0.7796,0.7315,0.0481,,1
9691,0.797,0.0000,0.0000,0.0000,,1
9692,0.899,0.0000,0.0000,0.0000,,1
9693,0.868,0.7813,0.7369,0.0444,,1
9694,0.895,0.0000,0.0000,0.0000,,1
9695,0.782,0.0000,0.0000,0.0000,,1
9696,0.769,0.7730,0.7217,0.0512,adidas_ozelia_cream_blue,0
9697,0.709,0.0000,0.0000,0.0000,adidas_ozelia_cream_blue,0
9698,0.842,0.0000,0.0000,0.0000,adidas_ozelia_cream_blue,0
9699,0.844,0.7597,0.7046,0.0551,adidas_ozelia_cream_blue,0
9700,0.806,0.0000,0.0000,0.0000,adidas_ozelia_cream_blue,0
9701,0.867,0.0000,0.0000,0.0000,adidas_ozelia_cream_blue,0
9702,0.895,0.7660,0.7142,0.0518,adidas_ozelia_cream_blue,0
9703,0.877,0.0000,0.0000,0.0000,adidas_ozelia_cream_blue,0
9704,0.877,0.0000,0.0000,0.0000,adidas_ozelia_cream_blue,0
9705,0.886,0.7863,0.7290,0.0573,adidas_ozelia_cream_blue,0
9706,0.887,0.0000,0.0000,0.0000,adidas_ozelia_cream_blue,0
9707,0.892,0.0000,0.0000,0.0000,adidas_ozelia_cream_blue,0
9708,0.895,0.7670,0.7095,0.0575,adidas_ozelia_cream_blue,0
9709,0.924,0.0000,0.0000,0.0000,adidas_ozelia_cream_blue,0
9710,0.865,0.0000,0.0000,0.0000,adidas_ozelia_cream_blue,0
9711,0.895,0.7705,0.7220,0.0485,adidas_ozelia_cream_blue,0
9712,0.870,0.0000,0.0000,0.0000,adidas_ozelia_cream_blue,0
9713,0.902,0.0000,0.0000,0.0000,adidas_ozelia_cream_blue,0
9714,0.913,0.7655,0.7120,0.0535,adidas_ozelia_cream_blue,0
9715,0.893,0.0000,0.0000,0.0000,adidas_ozelia_cream_blue,0
9716,0.897,0.0000,0.0000,0.0000,adidas_ozelia_cream_blue,0
9717,0.920,0.7546,0.7038,0.0508,adidas_ozelia_cream_blue,0
9718,0.891,0.0000,0.0000,0.0000,adidas_ozelia_cream_blue,0
9719,0.906,0.0000,0.0000,0.0000,adidas_ozelia_cream_blue,0
9720,0.895,0.7734,0.7300,0.0434,adidas_ozelia_cream_blue,0
9721,0.924,0.0000,0.0000,0.0000,adidas_ozelia_cream_blue,0
9722,0.873,0.0000,0.0000,0.0000,adidas_ozelia_cream_blue,0
9723,0.878,0.7721,0.7155,0.0565,adidas_ozelia_cream_blue,0
9724,0.887,0.0000,0.0000,0.0000,adidas_ozelia_cream_blue,0
9725,0.906,0.0000,0.0000,0.0000,adidas_ozelia_cream_blue,0
9726,0.883,0.7736,0.7135,0.0601,adidas_ozelia_cream_blue,0
9727,0.841,0.0000,0.0000,0.0000,adidas_ozelia_cream_blue,0
9728,0.890,0.0000,0.0000,0.0000,adidas_ozelia_cream_blue,0
9729,0.892,0.7538,0.6994,0.0544,adidas_ozelia_cream_blue,0
9730,0.879,0.0000,0.0000,0.0000,adidas_ozelia_cream_blue,0
9731,0.876,0.0000,0.0000,0.0000,adidas_ozelia_cream_blue,0
9732,0.877,0.7515,0.7045,0.0471,adidas_ozelia_cream_blue,0
9733,0.887,0.0000,0.0000,0.0000,adidas_ozelia_cream_blue,0
9734,0.883,0.0000,0.0000,0.0000,adidas_ozelia_cream_blue,0
9735,0.879,0.7541,0.7035,0.0505,adidas_ozelia_cream_blue,0
9736,0.867,0.0000,0.0000,0.0000,adidas_ozelia_cream_blue,0
9737,0.866,0.0000,0.0000,0.0000,adidas_ozelia_cream_blue,0
9738,0.847,0.7609,0.7059,0.0550,adidas_ozelia_cream_blue,0
9739,0.872,0.0000,0.0000,0.0000,adidas_ozelia_cream_blue,0
9740,0.897,0.0000,0.0000,0.0000,adidas_ozelia_cream_blue,0
9741,0.868,0.7665,0.7167,0.0498,adidas_ozelia_cream_blue,0
9742,0.897,0.0000,0.0000,0.0000,adidas_ozelia_cream_blue,0
9743,0.885,0.0000,0.0000,0.0000,adidas_ozelia_cream_blue,0
9744,0.895,0.7506,0.7059,0.0447,adidas_ozelia_cream_blue,0
9745,0.905,0.0000,0.0000,0.0000,adidas_ozelia_cream_blue,0
9746,0.905,0.0000,0.0000,0.0000,,1
9747,0.902,0.7519,0.7103,0.0416,,1
9748,0.909,0.0000,0.0000,0.0000,,1
9749,0.904,0.0000,0.0000,0.0000,,1
9750,0.916,0.7582,0.7141,0.0441,,1
9751,0.937,0.0000,0.0000,0.0000,,1
9752,0.950,0.0000,0.0000,0.0000,,1
9753,0.946,0.7629,0.7181,0.0447,,1
9754,0.938,0.0000,0.0000,0.0000,,1
9755,0.927,0.0000,0.0000,0.0000,,1
9756,0.939,0.7658,0.7236,0.0421,,1
9757,0.927,0.0000,0.0000,0.0000,,1
9758,0.924,0.0000,0.0000,0.0000,,1
9759,0.914,0.7657,0.7189,0.0468,,1
9760,0.926,0.0000,0.0000,0.0000,,1
9761,0.929,0.0000,0.0000,0.0000,,1
9762,0.880,0.7646,0.7051,0.0595,adidas_ozelia_cream_blue,0
9763,0.837,0.0000,0.0000,0.0000,adidas_ozelia_cream_blue,0
9764,0.902,0.0000,0.0000,0.0000,adidas_ozelia_cream_blue,0
9765,0.908,0.7583,0.7084,0.0499,adidas_ozelia_cream_blue,0
9766,0.905,0.0000,0.0000,0.0000,adidas_ozelia_cream_blue,0
9767,0.936,0.0000,0.0000,0.0000,adidas_ozelia_cream_blue,0
9768,0.916,0.7506,0.6999,0.0507,adidas_ozelia_cream_blue,0
9769,0.919,0.0000,0.0000,0.0000,adidas_ozelia_cream_blue,0
9770,0.915,0.0000,0.0000,0.0000,adidas_ozelia_cream_blue,0
9771,0.923,0.7589,0.7241,0.0348,adidas_ozelia_cream_blue,0
9772,0.920,0.0000,0.0000,0.0000,adidas_ozelia_cream_blue,0
9773,0.891,0.0000,0.0000,0.0000,adidas_ozelia_cream_blue,0
9774,0.891,0.7661,0.7278,0.0384,adidas_ozelia_cream_blue,0
9775,0.901,0.0000,0.0000,0.0000,adidas_ozelia_cream_blue,0
9776,0.933,0.0000,0.0000,0.0000,,1
9777,0.943,0.7701,0.7246,0.0455,,1
9778,0.917,0.0000,0.0000,0.0000,,1
9779,0.940,0.0000,0.0000,0.0000,,1
9780,0.945,0.7558,0.7203,0.0355,,1
9781,0.934,0.0000,0.0000,0.0000,,1
9782,0.933,0.0000,0.0000,0.0000,,1
9783,0.938,0.7642,0.7222,0.0420,,1
9784,0.948,0.0000,0.0000,0.0000,,1
9785,0.961,0.0000,0.0000,0.0000,,1
9786,0.950,0.7722,0.7226,0.0497,,1
9787,0.953,0.0000,0.0000,0.0000,,1
9788,0.949,0.0000,0.0000,0.0000,,1
9789,0.923,0.7511,0.6936,0.0574,adidas_ozelia_cream_blue,0
9790,0.929,0.0000,0.0000,0.0000,adidas_ozelia_cream_blue,0
9791,0.910,0.0000,0.0000,0.0000,adidas_ozelia_cream_blue,0
9792,0.921,0.7475,0.7007,0.0467,adidas_ozelia_cream_blue,0
9793,0.909,0.0000,0.0000,0.0000,adidas_ozelia_cream_blue,0
9794,0.892,0.0000,0.0000,0.0000,adidas_ozelia_cream_blue,0
9795,0.912,0.7499,0.7062,0.0437,adidas_ozelia_cream_blue,0
9796,0.910,0.0000,0.0000,0.0000,adidas_ozelia_cream_blue,0
9797,0.917,0.0000,0.0000,0.0000,,1
9798,0.912,0.7585,0.7147,0.0438,,1
9799,0.901,0.0000,0.0000,0.0000,,1
9800,0.896,0.0000,0.0000,0.0000,,1
9801,0.883,0.7510,0.7065,0.0445,,1
9802,0.875,0.0000,0.0000,0.0000,,1
9803,0.915,0.0000,0.0000,0.0000,,1
9804,0.881,0.7563,0.7077,0.0485,,1
9805,0.908,0.0000,0.0000,0.0000,,1
9806,0.904,0.0000,0.0000,0.0000,,1
9807,0.873,0.7433,0.6925,0.0508,adidas_ozelia_cream_blue,0
9808,0.863,0.0000,0.0000,0.0000,adidas_ozelia_cream_blue,0
9809,0.854,0.0000,0.0000,0.0000,adidas_ozelia_cream_blue,0
9810,0.736,0.7597,0.7142,0.0456,adidas_ozelia_cream_blue,0
9811,0.819,0.0000,0.0000,0.0000,adidas_ozelia_cream_blue,0
9812,0.835,0.0000,0.0000,0.0000,adidas_ozelia_cream_blue,0
9813,0.760,0.8012,0.7611,0.0401,adidas_ozelia_cream_blue,0
9814,0.800,0.0000,0.0000,0.0000,adidas_ozelia_cream_blue,0
9815,0.570,0.0000,0.0000,0.0000,,1
9816,0.641,0.7780,0.7651,0.0130,,1
9817,0.635,0.0000,0.0000,0.0000,,1
9818,0.813,0.0000,0.0000,0.0000,,1
9819,0.852,0.7575,0.7436,0.0139,,1
9820,0.901,0.0000,0.0000,0.0000,,1
9825,0.494,0.7531,0.7491,0.0040,,1
9827,0.575,0.0000,0.0000,0.0000,,1
9838,0.527,0.0000,0.0000,0.0000,,1
9839,0.828,0.0000,0.0000,0.0000,,1
9840,0.609,0.7218,0.6958,0.0260,,1
9841,0.524,0.0000,0.0000,0.0000,,1
9845,0.590,0.0000,0.0000,0.0000,,1
9856,0.459,0.0000,0.0000,0.0000,,1
9863,0.508,0.0000,0.0000,0.0000,,1
9864,0.913,0.6052,0.5995,0.0057,,1
9865,0.851,0.0000,0.0000,0.0000,,1
9866,0.723,0.0000,0.0000,0.0000,,1
9867,0.814,0.5718,0.5620,0.0098,,1
9868,0.579,0.0000,0.0000,0.0000,,1
9869,0.857,0.0000,0.0000,0.0000,,1
9870,0.774,0.6886,0.6866,0.0019,,1
9871,0.824,0.0000,0.0000,0.0000,,1
9872,0.727,0.0000,0.0000,0.0000,,1
9873,0.888,0.7395,0.7320,0.0075,,1
9874,0.910,0.0000,0.0000,0.0000,,1
9875,0.939,0.0000,0.0000,0.0000,,1
9876,0.938,0.7057,0.6989,0.0069,,1
9877,0.943,0.0000,0.0000,0.0000,,1
9878,0.928,0.0000,0.0000,0.0000,,1
9879,0.910,0.7301,0.7232,0.0069,,1
9880,0.904,0.0000,0.0000,0.0000,,1
9881,0.936,0.0000,0.0000,0.0000,,1
9882,0.944,0.7086,0.7047,0.0039,,1
9883,0.945,0.0000,0.0000,0.0000,,1
9884,0.941,0.0000,0.0000,0.0000,,1
9885,0.937,0.6952,0.6944,0.0008,,1
9886,0.942,0.0000,0.0000,0.0000,,1
9887,0.937,0.0000,0.0000,0.0000,,1
9888,0.939,0.6687,0.6682,0.0005,,1
9889,0.931,0.0000,0.0000,0.0000,,1
9890,0.935,0.0000,0.0000,0.0000,,1
9891,0.935,0.7087,0.7046,0.0040,,1
9892,0.935,0.0000,0.0000,0.0000,,1
9893,0.933,0.0000,0.0000,0.0000,,1
9894,0.930,0.6735,0.6709,0.0026,,1
9895,0.925,0.0000,0.0000,0.0000,,1
9896,0.938,0.0000,0.0000,0.0000,,1
9897,0.924,0.7508,0.7392,0.0116,,1
9898,0.912,0.0000,0.0000,0.0000,,1
9899,0.860,0.0000,0.0000,0.0000,,1
9900,0.857,0.7469,0.7377,0.0092,,1
9901,0.868,0.0000,0.0000,0.0000,,1
9902,0.860,0.0000,0.0000,0.0000,,1
9903,0.902,0.7661,0.7565,0.0096,,1
9904,0.886,0.0000,0.0000,0.0000,,1
9905,0.869,0.0000,0.0000,0.0000,,1
9906,0.875,0.7345,0.7294,0.0051,,1
9907,0.865,0.0000,0.0000,0.0000,,1
9908,0.861,0.0000,0.0000,0.0000,,1
9909,0.890,0.7048,0.7022,0.0027,,1
9910,0.867,0.0000,0.0000,0.0000,,1
9911,0.882,0.0000,0.0000,0.0000,,1
9912,0.868,0.7252,0.7215,0.0037,,1
9913,0.858,0.0000,0.0000,0.0000,,1
9914,0.840,0.0000,0.0000,0.0000,,1
9915,0.782,0.7611,0.7583,0.0028,,1
9916,0.817,0.0000,0.0000,0.0000,,1
9923,0.502,0.0000,0.0000,0.0000,,1
9928,0.620,0.0000,0.0000,0.0000,,1
9929,0.660,0.0000,0.0000,0.0000,,1
9930,0.786,0.7865,0.7538,0.0327,,1
9931,0.677,0.0000,0.0000,0.0000,,1
9933,0.566,0.6664,0.6596,0.0068,,1
9943,0.542,0.0000,0.0000,0.0000,,1
9944,0.743,0.0000,0.0000,0.0000,,1
9945,0.451,0.7758,0.7414,0.0344,,1
9946,0.931,0.0000,0.0000,0.0000,,1
9947,0.890,0.0000,0.0000,0.0000,,1
9947,0.598,0.0000,0.0000,0.0000,,1
9948,0.900,0.8055,0.7735,0.0320,,1
9949,0.834,0.0000,0.0000,0.0000,,1
9950,0.819,0.0000,0.0000,0.0000,,1
9951,0.949,0.7959,0.7732,0.0227,,1
9952,0.955,0.0000,0.0000,0.0000,,1
9953,0.824,0.0000,0.0000,0.0000,,1
9954,0.844,0.7631,0.7378,0.0253,,1
9955,0.856,0.0000,0.0000,0.0000,,1
9956,0.686,0.0000,0.0000,0.0000,,1
9956,0.473,0.0000,0.0000,0.0000,,1
9957,0.711,0.7612,0.7261,0.0350,,1
9957,0.616,0.7467,0.7137,0.0330,,1
9958,0.784,0.0000,0.0000,0.0000,,1
9959,0.653,0.0000,0.0000,0.0000,,1
9959,0.633,0.0000,0.0000,0.0000,,1
9960,0.522,0.7785,0.7473,0.0312,,1
9960,0.506,0.7654,0.7245,0.0409,,1
9961,0.785,0.0000,0.0000,0.0000,,1
9962,0.921,0.0000,0.0000,0.0000,,1
9963,0.931,0.7943,0.7777,0.0166,,1
9964,0.920,0.0000,0.0000,0.0000,,1
9965,0.923,0.0000,0.0000,0.0000,,1
9966,0.922,0.7967,0.7784,0.0183,,1
9967,0.915,0.0000,0.0000,0.0000,,1
9968,0.918,0.0000,0.0000,0.0000,,1
9969,0.918,0.7943,0.7797,0.0146,,1
9970,0.897,0.0000,0.0000,0.0000,,1
9971,0.891,0.0000,0.0000,0.0000,,1
9972,0.876,0.7826,0.7715,0.0111,,1
9973,0.889,0.0000,0.0000,0.0000,,1
9974,0.898,0.0000,0.0000,0.0000,,1
9975,0.914,0.7815,0.7707,0.0108,,1
9976,0.900,0.0000,0.0000,0.0000,,1
9977,0.907,0.0000,0.0000,0.0000,,1
9978,0.903,0.7894,0.7769,0.0126,,1
9979,0.908,0.0000,0.0000,0.0000,,1
9980,0.919,0.0000,0.0000,0.0000,,1
9981,0.903,0.7899,0.7721,0.0178,,1
9982,0.895,0.0000,0.0000,0.0000,,1
9983,0.873,0.0000,0.0000,0.0000,,1
9984,0.862,0.7902,0.7675,0.0228,,1
9985,0.877,0.0000,0.0000,0.0000,,1
9986,0.898,0.0000,0.0000,0.0000,,1
9987,0.861,0.7766,0.7595,0.0171,,1
9988,0.907,0.0000,0.0000,0.0000,,1
9989,0.909,0.0000,0.0000,0.0000,,1
9990,0.928,0.7783,0.7654,0.0129,,1
9991,0.892,0.0000,0.0000,0.0000,,1
9992,0.904,0.0000,0.0000,0.0000,,1
9993,0.906,0.7766,0.7635,0.0131,,1
9994,0.884,0.0000,0.0000,0.0000,,1
9995,0.800,0.0000,0.0000,0.0000,,1
9996,0.780,0.7802,0.7618,0.0185,,1
9997,0.831,0.0000,0.0000,0.0000,,1
9998,0.827,0.0000,0.0000,0.0000,,1
9999,0.840,0.7845,0.7462,0.0382,,1
10000,0.860,0.0000,0.0000,0.0000,,1
10001,0.837,0.0000,0.0000,0.0000,,1
10002,0.832,0.7670,0.7291,0.0380,,1
10003,0.809,0.0000,0.0000,0.0000,,1
10004,0.838,0.0000,0.0000,0.0000,,1
10005,0.779,0.7684,0.7328,0.0356,,1
10006,0.766,0.0000,0.0000,0.0000,,1
10007,0.717,0.0000,0.0000,0.0000,,1
10008,0.773,0.7782,0.7442,0.0340,,1
10009,0.791,0.0000,0.0000,0.0000,,1
10010,0.777,0.0000,0.0000,0.0000,,1
10011,0.777,0.7689,0.7369,0.0321,,1
10012,0.777,0.0000,0.0000,0.0000,,1
10013,0.796,0.0000,0.0000,0.0000,,1
10014,0.778,0.7815,0.7450,0.0365,,1
10015,0.775,0.0000,0.0000,0.0000,,1
10016,0.634,0.0000,0.0000,0.0000,,1
10016,0.599,0.0000,0.0000,0.0000,,1
10017,0.652,0.7738,0.7407,0.0330,,1
10017,0.517,0.7463,0.7029,0.0434,,1
10018,0.644,0.0000,0.0000,0.0000,,1
10018,0.643,0.0000,0.0000,0.0000,,1
10019,0.810,0.0000,0.0000,0.0000,,1
10020,0.750,0.7662,0.7260,0.0402,,1
10021,0.719,0.0000,0.0000,0.0000,,1
10022,0.725,0.0000,0.0000,0.0000,,1
10023,0.695,0.7748,0.7376,0.0372,,1
10024,0.728,0.0000,0.0000,0.0000,,1
10025,0.719,0.0000,0.0000,0.0000,,1
10026,0.695,0.7621,0.7317,0.0305,,1
10026,0.476,0.7337,0.6984,0.0354,,1
10027,0.626,0.0000,0.0000,0.0000,,1
10027,0.535,0.0000,0.0000,0.0000,,1
10028,0.856,0.0000,0.0000,0.0000,,1
10029,0.808,0.7816,0.7568,0.0249,,1
10030,0.742,0.0000,0.0000,0.0000,,1
10031,0.842,0.0000,0.0000,0.0000,,1
10032,0.807,0.7664,0.7422,0.0242,,1
10033,0.783,0.0000,0.0000,0.0000,,1
10034,0.807,0.0000,0.0000,0.0000,,1
10035,0.759,0.7792,0.7495,0.0298,,1
10036,0.825,0.0000,0.0000,0.0000,,1
10037,0.806,0.0000,0.0000,0.0000,,1
10038,0.841,0.7832,0.7644,0.0189,,1
10039,0.788,0.0000,0.0000,0.0000,,1
10040,0.795,0.0000,0.0000,0.0000,,1
10041,0.784,0.7600,0.7362,0.0238,,1
10042,0.798,0.0000,0.0000,0.0000,,1
10043,0.838,0.0000,0.0000,0.0000,,1
10044,0.826,0.7647,0.7510,0.0137,,1
10045,0.831,0.0000,0.0000,0.0000,,1
10046,0.810,0.0000,0.0000,0.0000,,1
10047,0.806,0.7842,0.7615,0.0227,,1
10048,0.822,0.0000,0.0000,0.0000,,1
10049,0.786,0.0000,0.0000,0.0000,,1
10050,0.849,0.7664,0.7546,0.0118,,1
10051,0.857,0.0000,0.0000,0.0000,,1
10052,0.848,0.0000,0.0000,0.0000,,1
10053,0.815,0.7754,0.7625,0.0128,,1
10054,0.839,0.0000,0.0000,0.0000,,1
10055,0.770,0.0000,0.0000,0.0000,,1
10056,0.753,0.7844,0.7630,0.0213,,1
10057,0.825,0.0000,0.0000,0.0000,,1
10058,0.798,0.0000,0.0000,0.0000,,1
10059,0.778,0.7709,0.7530,0.0178,,1
10060,0.803,0.0000,0.0000,0.0000,,1
10061,0.825,0.0000,0.0000,0.0000,,1
10062,0.822,0.7760,0.7622,0.0139,,1
10063,0.817,0.0000,0.0000,0.0000,,1
10064,0.876,0.0000,0.0000,0.0000,,1
10065,0.836,0.7750,0.7535,0.0215,,1
10066,0.842,0.0000,0.0000,0.0000,,1
10067,0.894,0.0000,0.0000,0.0000,,1
10068,0.821,0.7864,0.7512,0.0351,,1
10069,0.839,0.0000,0.0000,0.0000,,1
10070,0.848,0.0000,0.0000,0.0000,,1
10071,0.906,0.7742,0.7446,0.0295,,1
10072,0.917,0.0000,0.0000,0.0000,,1
10073,0.740,0.0000,0.0000,0.0000,,1
10073,0.532,0.0000,0.0000,0.0000,,1
10074,0.663,0.8029,0.7651,0.0378,,1
10074,0.578,0.7620,0.7349,0.0271,,1
10075,0.759,0.0000,0.0000,0.0000,,1
10076,0.923,0.0000,0.0000,0.0000,,1
10077,0.763,0.8144,0.7760,0.0385,,1
10078,0.759,0.0000,0.0000,0.0000,,1
10079,0.695,0.0000,0.0000,0.0000,,1
10079,0.529,0.0000,0.0000,0.0000,,1
10080,0.649,0.8006,0.7568,0.0438,,1
10081,0.583,0.0000,0.0000,0.0000,,1
10081,0.451,0.0000,0.0000,0.0000,,1
10082,0.459,0.0000,0.0000,0.0000,,1
10083,0.773,0.8023,0.7576,0.0447,,1
10084,0.894,0.0000,0.0000,0.0000,,1
10085,0.869,0.0000,0.0000,0.0000,,1
10086,0.764,0.8042,0.7535,0.0508,adidas_ozelia_cream_blue,0
10087,0.786,0.0000,0.0000,0.0000,adidas_ozelia_cream_blue,0
10088,0.923,0.0000,0.0000,0.0000,adidas_ozelia_cream_blue,0
10089,0.913,0.8214,0.7584,0.0629,adidas_ozelia_cream_blue,0
10090,0.857,0.0000,0.0000,0.0000,adidas_ozelia_cream_blue,0
10091,0.855,0.0000,0.0000,0.0000,adidas_ozelia_cream_blue,0
10092,0.819,0.8132,0.7602,0.0529,adidas_ozelia_cream_blue,0
10093,0.809,0.0000,0.0000,0.0000,adidas_ozelia_cream_blue,0
10094,0.762,0.0000,0.0000,0.0000,adidas_ozelia_cream_blue,0
10095,0.849,0.8302,0.7694,0.0608,adidas_ozelia_cream_blue,0
10096,0.875,0.0000,0.0000,0.0000,adidas_ozelia_cream_blue,0
10097,0.849,0.0000,0.0000,0.0000,adidas_ozelia_cream_blue,0
10098,0.803,0.8108,0.7593,0.0515,adidas_ozelia_cream_blue,0
10099,0.681,0.0000,0.0000,0.0000,adidas_ozelia_cream_blue,0
10100,0.800,0.0000,0.0000,0.0000,adidas_ozelia_cream_blue,0
10101,0.793,0.8035,0.7572,0.0464,adidas_ozelia_cream_blue,0
10102,0.790,0.0000,0.0000,0.0000,adidas_ozelia_cream_blue,0
10103,0.812,0.0000,0.0000,0.0000,adidas_ozelia_cream_blue,0
10104,0.852,0.8282,0.7776,0.0507,adidas_ozelia_cream_blue,0
10105,0.834,0.0000,0.0000,0.0000,adidas_ozelia_cream_blue,0
10106,0.831,0.0000,0.0000,0.0000,adidas_ozelia_cream_blue,0
10107,0.856,0.8264,0.7812,0.0452,adidas_ozelia_cream_blue,0
10108,0.859,0.0000,0.0000,0.0000,adidas_ozelia_cream_blue,0
10109,0.862,0.0000,0.0000,0.0000,adidas_ozelia_cream_blue,0
10110,0.897,0.8296,0.7830,0.0465,adidas_ozelia_cream_blue,0
10111,0.773,0.0000,0.0000,0.0000,adidas_ozelia_cream_blue,0
10112,0.880,0.0000,0.0000,0.0000,,1
10113,0.883,0.8148,0.7501,0.0647,adidas_ozelia_cream_blue,0
10114,0.894,0.0000,0.0000,0.0000,adidas_ozelia_cream_blue,0
10115,0.732,0.0000,0.0000,0.0000,adidas_ozelia_cream_blue,0
10116,0.749,0.8041,0.7475,0.0567,adidas_ozelia_cream_blue,0
10117,0.778,0.0000,0.0000,0.0000,adidas_ozelia_cream_blue,0
10118,0.885,0.0000,0.0000,0.0000,adidas_ozelia_cream_blue,0
10119,0.925,0.8250,0.7690,0.0560,adidas_ozelia_cream_blue,0
10120,0.939,0.0000,0.0000,0.0000,adidas_ozelia_cream_blue,0
10121,0.645,0.0000,0.0000,0.0000,adidas_ozelia_cream_blue,0
10122,0.695,0.8089,0.7483,0.0606,adidas_ozelia_cream_blue,0
10123,0.619,0.0000,0.0000,0.0000,adidas_ozelia_cream_blue,0
10124,0.695,0.0000,0.0000,0.0000,adidas_ozelia_cream_blue,0
10125,0.740,0.8028,0.7490,0.0538,adidas_ozelia_cream_blue,0
10126,0.840,0.0000,0.0000,0.0000,adidas_ozelia_cream_blue,0
10127,0.581,0.0000,0.0000,0.0000,adidas_ozelia_cream_blue,0
10128,0.626,0.8088,0.7542,0.0546,adidas_ozelia_cream_blue,0
10129,0.788,0.0000,0.0000,0.0000,adidas_ozelia_cream_blue,0
10130,0.786,0.0000,0.0000,0.0000,adidas_ozelia_cream_blue,0
10131,0.721,0.8242,0.7792,0.0450,adidas_ozelia_cream_blue,0
10132,0.743,0.0000,0.0000,0.0000,adidas_ozelia_cream_blue,0
10133,0.708,0.0000,0.0000,0.0000,adidas_ozelia_cream_blue,0
10134,0.682,0.8150,0.7672,0.0478,adidas_ozelia_cream_blue,0
10135,0.733,0.0000,0.0000,0.0000,adidas_ozelia_cream_blue,0
10136,0.759,0.0000,0.0000,0.0000,,1
10137,0.591,0.8271,0.7651,0.0620,adidas_ozelia_cream_blue,0
10137,0.536,0.8096,0.7483,0.0613,adidas_ozelia_cream_blue,0
10138,0.619,0.0000,0.0000,0.0000,adidas_ozelia_cream_blue,0
10139,0.792,0.0000,0.0000,0.0000,adidas_ozelia_cream_blue,0
10140,0.785,0.8237,0.7620,0.0617,adidas_ozelia_cream_blue,0
10141,0.771,0.0000,0.0000,0.0000,adidas_ozelia_cream_blue,0
10142,0.814,0.0000,0.0000,0.0000,adidas_ozelia_cream_blue,0
10143,0.731,0.8212,0.7605,0.0607,adidas_ozelia_cream_blue,0
10144,0.766,0.0000,0.0000,0.0000,adidas_ozelia_cream_blue,0
10145,0.715,0.0000,0.0000,0.0000,adidas_ozelia_cream_blue,0
10145,0.665,0.0000,0.0000,0.0000,adidas_ozelia_cream_blue,0
10146,0.879,0.8291,0.7813,0.0478,adidas_ozelia_cream_blue,0
10147,0.715,0.0000,0.0000,0.0000,adidas_ozelia_cream_blue,0
10147,0.457,0.0000,0.0000,0.0000,adidas_ozelia_cream_blue,0
10148,0.775,0.0000,0.0000,0.0000,adidas_ozelia_cream_blue,0
10148,0.587,0.0000,0.0000,0.0000,adidas_ozelia_cream_blue,0
10149,0.792,0.8214,0.7672,0.0543,adidas_ozelia_cream_blue,0
10150,0.765,0.0000,0.0000,0.0000,adidas_ozelia_cream_blue,0
10151,0.754,0.0000,0.0000,0.0000,adidas_ozelia_cream_blue,0
10152,0.695,0.8259,0.7615,0.0645,adidas_ozelia_cream_blue,0
10152,0.593,0.8107,0.7487,0.0621,adidas_ozelia_cream_blue,0
10153,0.673,0.0000,0.0000,0.0000,adidas_ozelia_cream_blue,0
10153,0.541,0.0000,0.0000,0.0000,adidas_ozelia_cream_blue,0
10229,0.810,0.0000,0.0000,0.0000,adidas_ozelia_cream_blue,0
10230,0.674,0.7612,0.7561,0.0051,adidas_ozelia_cream_blue,0
10251,0.634,0.8298,0.8159,0.0139,adidas_ozelia_cream_blue,0
10252,0.925,0.0000,0.0000,0.0000,adidas_ozelia_cream_blue,0
10253,0.850,0.0000,0.0000,0.0000,adidas_ozelia_cream_blue,0
10254,0.940,0.8097,0.8062,0.0035,adidas_ozelia_cream_blue,0
10255,0.987,0.0000,0.0000,0.0000,,1
10256,0.994,0.0000,0.0000,0.0000,,1
10257,0.994,0.8312,0.8283,0.0029,,1
10258,0.995,0.0000,0.0000,0.0000,,1
10259,0.991,0.0000,0.0000,0.0000,,1
10260,0.991,0.8575,0.8312,0.0263,,1
10261,0.984,0.0000,0.0000,0.0000,,1
10262,0.985,0.0000,0.0000,0.0000,,1
10263,0.984,0.8430,0.8320,0.0110,,1
10264,0.983,0.0000,0.0000,0.0000,,1
10265,0.982,0.0000,0.0000,0.0000,,1
10266,0.983,0.8316,0.8229,0.0087,,1
10267,0.984,0.0000,0.0000,0.0000,,1
10268,0.982,0.0000,0.0000,0.0000,,1
10269,0.977,0.8264,0.8172,0.0093,,1
10270,0.974,0.0000,0.0000,0.0000,,1
10271,0.979,0.0000,0.0000,0.0000,,1
10272,0.979,0.8346,0.8229,0.0117,,1
10273,0.981,0.0000,0.0000,0.0000,,1
10274,0.988,0.0000,0.0000,0.0000,,1
10275,0.988,0.8306,0.8239,0.0066,,1
10276,0.988,0.0000,0.0000,0.0000,,1
10277,0.989,0.0000,0.0000,0.0000,,1
10278,0.987,0.8374,0.8209,0.0165,,1
10279,0.988,0.0000,0.0000,0.0000,,1
10280,0.988,0.0000,0.0000,0.0000,,1
10281,0.986,0.8442,0.8209,0.0233,,1
10282,0.985,0.0000,0.0000,0.0000,,1
10283,0.986,0.0000,0.0000,0.0000,,1
10284,0.987,0.8530,0.8272,0.0258,,1
10285,0.987,0.0000,0.0000,0.0000,,1
10286,0.987,0.0000,0.0000,0.0000,,1
10287,0.986,0.8558,0.8294,0.0264,,1
10288,0.986,0.0000,0.0000,0.0000,,1
10289,0.985,0.0000,0.0000,0.0000,,1
10290,0.985,0.8505,0.8206,0.0299,,1
10291,0.987,0.0000,0.0000,0.0000,,1
10292,0.988,0.0000,0.0000,0.0000,,1
10293,0.987,0.8386,0.8128,0.0258,,1
10294,0.989,0.0000,0.0000,0.0000,,1
10295,0.991,0.0000,0.0000,0.0000,,1
10296,0.989,0.8120,0.7987,0.0133,,1
10297,0.988,0.0000,0.0000,0.0000,,1
10298,0.971,0.0000,0.0000,0.0000,,1
10299,0.970,0.8449,0.8336,0.0113,,1
10300,0.971,0.0000,0.0000,0.0000,,1
10301,0.925,0.0000,0.0000,0.0000,,1
10302,0.922,0.8198,0.8044,0.0154,,1
10303,0.865,0.0000,0.0000,0.0000,,1
10304,0.933,0.0000,0.0000,0.0000,,1
10305,0.967,0.8144,0.7914,0.0229,,1
10306,0.986,0.0000,0.0000,0.0000,,1
10307,0.936,0.0000,0.0000,0.0000,,1
10308,0.962,0.8204,0.7860,0.0344,,1
10309,0.912,0.0000,0.0000,0.0000,,1
10310,0.949,0.0000,0.0000,0.0000,,1
10311,0.961,0.8335,0.8086,0.0249,,1
10312,0.980,0.0000,0.0000,0.0000,,1
10313,0.960,0.0000,0.0000,0.0000,,1
10314,0.971,0.8115,0.7952,0.0163,,1
10315,0.979,0.0000,0.0000,0.0000,,1
10316,0.977,0.0000,0.0000,0.0000,,1
10317,0.984,0.8261,0.8226,0.0034,,1
10318,0.985,0.0000,0.0000,0.0000,,1
10319,0.988,0.0000,0.0000,0.0000,,1
10320,0.984,0.8112,0.8038,0.0074,,1
10321,0.978,0.0000,0.0000,0.0000,,1
10322,0.944,0.0000,0.0000,0.0000,,1
10323,0.953,0.8166,0.8140,0.0027,,1
10324,0.953,0.0000,0.0000,0.0000,,1
10325,0.950,0.0000,0.0000,0.0000,,1
10326,0.940,0.8135,0.8024,0.0111,,1
10327,0.946,0.0000,0.0000,0.0000,,1
10328,0.970,0.0000,0.0000,0.0000,,1
10329,0.977,0.8083,0.8016,0.0067,,1
10330,0.975,0.0000,0.0000,0.0000,,1
10331,0.987,0.0000,0.0000,0.0000,,1
10332,0.989,0.8164,0.7987,0.0176,,1
10333,0.993,0.0000,0.0000,0.0000,,1
10334,0.992,0.0000,0.0000,0.0000,,1
10335,0.991,0.8229,0.8101,0.0129,,1
10336,0.991,0.0000,0.0000,0.0000,,1
10337,0.991,0.0000,0.0000,0.0000,,1
10338,0.992,0.8263,0.8061,0.0202,,1
10339,0.994,0.0000,0.0000,0.0000,,1
10340,0.976,0.0000,0.0000,0.0000,,1
10341,0.976,0.8277,0.8222,0.0055,,1
10342,0.986,0.0000,0.0000,0.0000,,1
10343,0.984,0.0000,0.0000,0.0000,,1
10344,0.979,0.8102,0.8094,0.0008,,1
10345,0.972,0.0000,0.0000,0.0000,,1
10346,0.974,0.0000,0.0000,0.0000,,1
10347,0.984,0.8168,0.8085,0.0083,,1
10348,0.977,0.0000,0.0000,0.0000,,1
10349,0.989,0.0000,0.0000,0.0000,,1
10350,0.989,0.8145,0.8060,0.0085,,1
10351,0.988,0.0000,0.0000,0.0000,,1
10352,0.985,0.0000,0.0000,0.0000,,1
10353,0.985,0.8026,0.7904,0.0122,,1
10354,0.986,0.0000,0.0000,0.0000,,1
10355,0.993,0.0000,0.0000,0.0000,,1
10356,0.993,0.8227,0.8131,0.0095,,1
10357,0.993,0.0000,0.0000,0.0000,,1
10358,0.993,0.0000,0.0000,0.0000,,1
10359,0.992,0.8214,0.8016,0.0198,,1
10360,0.991,0.0000,0.0000,0.0000,,1
10361,0.991,0.0000,0.0000,0.0000,,1
10362,0.992,0.8055,0.7978,0.0077,,1
10363,0.992,0.0000,0.0000,0.0000,,1
10364,0.993,0.0000,0.0000,0.0000,,1
10365,0.992,0.8153,0.7999,0.0154,,1
10366,0.993,0.0000,0.0000,0.0000,,1
10367,0.987,0.0000,0.0000,0.0000,,1
10368,0.988,0.8110,0.7946,0.0164,,1
10369,0.987,0.0000,0.0000,0.0000,,1
10370,0.989,0.0000,0.0000,0.0000,,1
10371,0.987,0.8098,0.7908,0.0190,,1
10372,0.985,0.0000,0.0000,0.0000,,1
10373,0.987,0.0000,0.0000,0.0000,,1
10374,0.985,0.7989,0.7935,0.0055,,1
10375,0.982,0.0000,0.0000,0.0000,,1
10376,0.987,0.0000,0.0000,0.0000,,1
10377,0.986,0.8159,0.7934,0.0225,,1
10378,0.989,0.0000,0.0000,0.0000,,1
10379,0.988,0.0000,0.0000,0.0000,,1
10380,0.986,0.8135,0.7960,0.0176,,1
10381,0.987,0.0000,0.0000,0.0000,,1
10382,0.987,0.0000,0.0000,0.0000,,1
10383,0.986,0.8038,0.7862,0.0176,,1
10384,0.988,0.0000,0.0000,0.0000,,1
10385,0.990,0.0000,0.0000,0.0000,,1
10386,0.988,0.8047,0.7880,0.0168,,1
10387,0.988,0.0000,0.0000,0.0000,,1
10388,0.990,0.0000,0.0000,0.0000,,1
10389,0.990,0.8031,0.7894,0.0137,,1
10390,0.989,0.0000,0.0000,0.0000,,1
10391,0.990,0.0000,0.0000,0.0000,,1
10392,0.988,0.8042,0.7879,0.0162,,1
10393,0.990,0.0000,0.0000,0.0000,,1
10394,0.989,0.0000,0.0000,0.0000,,1
10395,0.989,0.8116,0.7948,0.0168,,1
10396,0.989,0.0000,0.0000,0.0000,,1
10397,0.988,0.0000,0.0000,0.0000,,1
10398,0.990,0.8086,0.7872,0.0214,,1
10399,0.989,0.0000,0.0000,0.0000,,1
10400,0.990,0.0000,0.0000,0.0000,,1
10401,0.990,0.8042,0.7828,0.0213,,1
10402,0.991,0.0000,0.0000,0.0000,,1
10403,0.990,0.0000,0.0000,0.0000,,1
10404,0.991,0.8163,0.8008,0.0155,,1
10405,0.990,0.0000,0.0000,0.0000,,1
10406,0.988,0.0000,0.0000,0.0000,,1
10407,0.987,0.8072,0.7883,0.0189,,1
10408,0.987,0.0000,0.0000,0.0000,,1
10409,0.991,0.0000,0.0000,0.0000,,1
10410,0.990,0.8165,0.7893,0.0272,,1
10411,0.988,0.0000,0.0000,0.0000,,1
10412,0.989,0.0000,0.0000,0.0000,,1
10413,0.990,0.8153,0.8023,0.0130,,1
10414,0.989,0.0000,0.0000,0.0000,,1
10415,0.988,0.0000,0.0000,0.0000,,1
10416,0.990,0.8104,0.7912,0.0192,,1
10417,0.989,0.0000,0.0000,0.0000,,1
10418,0.987,0.0000,0.0000,0.0000,,1
10419,0.988,0.8094,0.7985,0.0109,,1
10420,0.987,0.0000,0.0000,0.0000,,1
10421,0.990,0.0000,0.0000,0.0000,,1
10422,0.990,0.8044,0.7885,0.0159,,1
10423,0.988,0.0000,0.0000,0.0000,,1
10424,0.987,0.0000,0.0000,0.0000,,1
10425,0.987,0.7989,0.7780,0.0209,,1
10426,0.985,0.0000,0.0000,0.0000,,1
10427,0.986,0.0000,0.0000,0.0000,,1
10428,0.987,0.7929,0.7782,0.0148,,1
10429,0.990,0.0000,0.0000,0.0000,,1
10430,0.987,0.0000,0.0000,0.0000,,1
10431,0.989,0.7973,0.7774,0.0199,,1
10432,0.986,0.0000,0.0000,0.0000,,1
10433,0.987,0.0000,0.0000,0.0000,,1
10434,0.987,0.7893,0.7749,0.0144,,1
10435,0.989,0.0000,0.0000,0.0000,,1
10436,0.986,0.0000,0.0000,0.0000,,1
10437,0.986,0.8015,0.7809,0.0206,,1
10438,0.988,0.0000,0.0000,0.0000,,1
10439,0.985,0.0000,0.0000,0.0000,,1
10440,0.986,0.8037,0.7858,0.0179,,1
10441,0.987,0.0000,0.0000,0.0000,,1
10442,0.984,0.0000,0.0000,0.0000,,1
10443,0.987,0.7972,0.7760,0.0213,,1
10444,0.986,0.0000,0.0000,0.0000,,1
10445,0.985,0.0000,0.0000,0.0000,,1
10446,0.989,0.8002,0.7826,0.0176,,1
10447,0.990,0.0000,0.0000,0.0000,,1
10448,0.988,0.0000,0.0000,0.0000,,1
10449,0.989,0.7894,0.7741,0.0152,,1
10450,0.989,0.0000,0.0000,0.0000,,1
10451,0.989,0.0000,0.0000,0.0000,,1
10452,0.987,0.8088,0.7914,0.0173,,1
10453,0.989,0.0000,0.0000,0.0000,,1
10454,0.990,0.0000,0.0000,0.0000,,1
10455,0.988,0.7971,0.7811,0.0160,,1
10456,0.988,0.0000,0.0000,0.0000,,1
10457,0.984,0.0000,0.0000,0.0000,,1
10458,0.986,0.8026,0.7832,0.0194,,1
10459,0.987,0.0000,0.0000,0.0000,,1
10460,0.987,0.0000,0.0000,0.0000,,1
10461,0.979,0.8326,0.8019,0.0307,,1
10462,0.990,0.0000,0.0000,0.0000,,1
10463,0.994,0.0000,0.0000,0.0000,,1
10464,0.993,0.8118,0.7974,0.0143,,1
10465,0.994,0.0000,0.0000,0.0000,,1
10466,0.994,0.0000,0.0000,0.0000,,1
10467,0.993,0.8120,0.7862,0.0258,,1
10468,0.991,0.0000,0.0000,0.0000,,1
10469,0.989,0.0000,0.0000,0.0000,,1
10470,0.990,0.8129,0.7896,0.0233,,1
10471,0.990,0.0000,0.0000,0.0000,,1
10472,0.989,0.0000,0.0000,0.0000,,1
10473,0.989,0.8063,0.7859,0.0204,,1
10474,0.989,0.0000,0.0000,0.0000,,1
10475,0.992,0.0000,0.0000,0.0000,,1
10476,0.992,0.7933,0.7876,0.0057,,1
10477,0.990,0.0000,0.0000,0.0000,,1
10478,0.990,0.0000,0.0000,0.0000,,1
10479,0.991,0.7986,0.7843,0.0144,,1
10480,0.991,0.0000,0.0000,0.0000,,1
10481,0.992,0.0000,0.0000,0.0000,,1
10482,0.992,0.8022,0.7925,0.0097,,1
10483,0.992,0.0000,0.0000,0.0000,,1
10484,0.993,0.0000,0.0000,0.0000,,1
10485,0.993,0.7926,0.7780,0.0146,,1
10486,0.993,0.0000,0.0000,0.0000,,1
10487,0.993,0.0000,0.0000,0.0000,,1
10488,0.993,0.7983,0.7946,0.0037,,1
10489,0.993,0.0000,0.0000,0.0000,,1
10490,0.993,0.0000,0.0000,0.0000,,1
10491,0.993,0.7998,0.7937,0.0062,,1
10492,0.992,0.0000,0.0000,0.0000,,1
10493,0.993,0.0000,0.0000,0.0000,,1
10494,0.992,0.7900,0.7850,0.0049,,1
10495,0.992,0.0000,0.0000,0.0000,,1
10496,0.992,0.0000,0.0000,0.0000,,1
10497,0.991,0.7992,0.7958,0.0034,,1
10498,0.992,0.0000,0.0000,0.0000,,1
10499,0.991,0.0000,0.0000,0.0000,,1
10500,0.992,0.7982,0.7915,0.0067,,1
10501,0.992,0.0000,0.0000,0.0000,,1
10502,0.992,0.0000,0.0000,0.0000,,1
10503,0.992,0.8060,0.7853,0.0207,,1
10504,0.993,0.0000,0.0000,0.0000,,1
10505,0.994,0.0000,0.0000,0.0000,,1
10506,0.994,0.8050,0.7992,0.0057,,1
10507,0.993,0.0000,0.0000,0.0000,,1
10508,0.993,0.0000,0.0000,0.0000,,1
10509,0.993,0.8041,0.8002,0.0039,,1
10510,0.994,0.0000,0.0000,0.0000,,1
10511,0.992,0.0000,0.0000,0.0000,,1
10512,0.991,0.7913,0.7858,0.0055,,1
10513,0.993,0.0000,0.0000,0.0000,,1
10514,0.993,0.0000,0.0000,0.0000,,1
10515,0.993,0.7995,0.7894,0.0101,,1
10516,0.991,0.0000,0.0000,0.0000,,1
10517,0.991,0.0000,0.0000,0.0000,,1
10518,0.993,0.8016,0.7796,0.0221,,1
10519,0.992,0.0000,0.0000,0.0000,,1
10520,0.987,0.0000,0.0000,0.0000,,1
10521,0.990,0.7984,0.7958,0.0026,,1
10522,0.993,0.0000,0.0000,0.0000,,1
10523,0.992,0.0000,0.0000,0.0000,,1
10524,0.991,0.8306,0.8260,0.0046,,1
10525,0.990,0.0000,0.0000,0.0000,,1
10526,0.983,0.0000,0.0000,0.0000,,1
10527,0.962,0.8225,0.8160,0.0066,,1
10528,0.854,0.0000,0.0000,0.0000,,1
10536,0.483,0.7362,0.7347,0.0015,,1
10538,0.617,0.0000,0.0000,0.0000,,1
10560,0.590,0.6217,0.6184,0.0033,,1
10561,0.496,0.0000,0.0000,0.0000,,1
10562,0.559,0.0000,0.0000,0.0000,,1
10563,0.791,0.6153,0.6030,0.0123,,1
10564,0.849,0.0000,0.0000,0.0000,,1
10565,0.947,0.0000,0.0000,0.0000,,1
10566,0.932,0.7618,0.7525,0.0093,,1
10567,0.975,0.0000,0.0000,0.0000,,1
10568,0.984,0.0000,0.0000,0.0000,,1
10568,0.560,0.0000,0.0000,0.0000,adidas_ozelia_cream_blue,0
10569,0.987,0.8140,0.8095,0.0045,,1
10570,0.997,0.0000,0.0000,0.0000,,1
10571,0.987,0.0000,0.0000,0.0000,,1
10572,0.980,0.8121,0.7817,0.0303,,1
10573,0.991,0.0000,0.0000,0.0000,,1
10574,0.984,0.0000,0.0000,0.0000,,1
10575,0.947,0.7954,0.7756,0.0198,,1
10576,0.966,0.0000,0.0000,0.0000,,1
10577,0.966,0.0000,0.0000,0.0000,,1
10578,0.967,0.7745,0.7707,0.0038,,1
10579,0.971,0.0000,0.0000,0.0000,,1
10580,0.984,0.0000,0.0000,0.0000,,1
10581,0.986,0.8003,0.7823,0.0180,,1
10582,0.969,0.0000,0.0000,0.0000,,1
10583,0.973,0.0000,0.0000,0.0000,,1
10584,0.955,0.7706,0.7678,0.0027,,1
10585,0.964,0.0000,0.0000,0.0000,,1
10586,0.979,0.0000,0.0000,0.0000,,1
10587,0.982,0.7893,0.7796,0.0097,,1
10588,0.982,0.0000,0.0000,0.0000,,1
10589,0.983,0.0000,0.0000,0.0000,,1
10590,0.983,0.7986,0.7952,0.0034,,1
10591,0.981,0.0000,0.0000,0.0000,,1
10592,0.956,0.0000,0.0000,0.0000,,1
10593,0.935,0.7851,0.7796,0.0055,,1
10594,0.930,0.0000,0.0000,0.0000,,1
10595,0.897,0.0000,0.0000,0.0000,,1
10596,0.882,0.7752,0.7714,0.0038,,1
10597,0.928,0.0000,0.0000,0.0000,,1
10598,0.937,0.0000,0.0000,0.0000,,1
10599,0.930,0.7882,0.7857,0.0025,,1
10600,0.929,0.0000,0.0000,0.0000,,1
10601,0.931,0.0000,0.0000,0.0000,,1
10602,0.955,0.8008,0.7593,0.0414,,1
10603,0.969,0.0000,0.0000,0.0000,,1
10604,0.970,0.0000,0.0000,0.0000,,1
10605,0.981,0.7612,0.7401,0.0210,,1
10606,0.981,0.0000,0.0000,0.0000,,1
10607,0.980,0.0000,0.0000,0.0000,,1
10608,0.982,0.7651,0.7465,0.0185,,1
10609,0.985,0.0000,0.0000,0.0000,,1
10610,0.983,0.0000,0.0000,0.0000,,1
10611,0.979,0.7657,0.7631,0.0026,,1
10612,0.972,0.0000,0.0000,0.0000,,1
10613,0.982,0.0000,0.0000,0.0000,,1
10614,0.976,0.7707,0.7653,0.0054,,1
10615,0.986,0.0000,0.0000,0.0000,,1
10616,0.979,0.0000,0.0000,0.0000,,1
10617,0.969,0.7523,0.7350,0.0174,,1
10618,0.969,0.0000,0.0000,0.0000,,1
10619,0.897,0.0000,0.0000,0.0000,,1
10620,0.954,0.7438,0.7315,0.0123,,1
10621,0.986,0.0000,0.0000,0.0000,,1
10622,0.978,0.0000,0.0000,0.0000,,1
10623,0.979,0.7633,0.7516,0.0117,,1
10624,0.990,0.0000,0.0000,0.0000,,1
10625,0.982,0.0000,0.0000,0.0000,,1
10626,0.983,0.7725,0.7681,0.0045,,1
10627,0.992,0.0000,0.0000,0.0000,,1
10628,0.979,0.0000,0.0000,0.0000,,1
10629,0.961,0.8177,0.7995,0.0182,,1
10630,0.962,0.0000,0.0000,0.0000,,1
10631,0.932,0.0000,0.0000,0.0000,,1
10632,0.904,0.8281,0.8022,0.0259,,1
10633,0.878,0.0000,0.0000,0.0000,,1
10634,0.965,0.0000,0.0000,0.0000,,1
10635,0.966,0.8387,0.8312,0.0075,,1
10636,0.915,0.0000,0.0000,0.0000,,1
10637,0.625,0.0000,0.0000,0.0000,,1
10638,0.883,0.8265,0.8259,0.0006,,1
10639,0.902,0.0000,0.0000,0.0000,,1
10640,0.826,0.0000,0.0000,0.0000,,1
10641,0.775,0.8299,0.8128,0.0171,,1
10642,0.707,0.0000,0.0000,0.0000,,1
10643,0.690,0.0000,0.0000,0.0000,,1
10644,0.646,0.8265,0.8064,0.0201,,1
10645,0.696,0.0000,0.0000,0.0000,,1
10646,0.751,0.0000,0.0000,0.0000,,1
10647,0.697,0.8290,0.8039,0.0252,,1
10648,0.637,0.0000,0.0000,0.0000,,1
10649,0.915,0.0000,0.0000,0.0000,,1
10650,0.928,0.8261,0.8107,0.0154,,1
10651,0.943,0.0000,0.0000,0.0000,,1
10652,0.974,0.0000,0.0000,0.0000,,1
10653,0.941,0.8317,0.8204,0.0114,,1
10654,0.970,0.0000,0.0000,0.0000,,1
10655,0.943,0.0000,0.0000,0.0000,,1
10656,0.963,0.8388,0.8249,0.0139,,1
10657,0.978,0.0000,0.0000,0.0000,,1
10658,0.977,0.0000,0.0000,0.0000,,1
10659,0.971,0.8062,0.8030,0.0032,,1
10660,0.986,0.0000,0.0000,0.0000,,1
10661,0.991,0.0000,0.0000,0.0000,,1
10662,0.992,0.8472,0.8394,0.0079,,1
10663,0.989,0.0000,0.0000,0.0000,,1
10664,0.987,0.0000,0.0000,0.0000,,1
10665,0.988,0.8316,0.8285,0.0031,,1
10666,0.990,0.0000,0.0000,0.0000,,1
10667,0.987,0.0000,0.0000,0.0000,,1
10668,0.989,0.8260,0.8132,0.0129,,1
10669,0.988,0.0000,0.0000,0.0000,,1
10670,0.990,0.0000,0.0000,0.0000,,1
10671,0.989,0.8263,0.8208,0.0055,,1
10672,0.992,0.0000,0.0000,0.0000,,1
10673,0.994,0.0000,0.0000,0.0000,,1
10674,0.995,0.8156,0.8027,0.0129,,1
10675,0.995,0.0000,0.0000,0.0000,,1
10676,0.994,0.0000,0.0000,0.0000,,1
10677,0.993,0.8181,0.8105,0.0076,,1
10678,0.995,0.0000,0.0000,0.0000,,1
10679,0.994,0.0000,0.0000,0.0000,,1
10680,0.991,0.8226,0.7884,0.0342,,1
10681,0.992,0.0000,0.0000,0.0000,,1
10682,0.992,0.0000,0.0000,0.0000,,1
10683,0.992,0.8445,0.8105,0.0340,,1
10684,0.992,0.0000,0.0000,0.0000,,1
10685,0.992,0.0000,0.0000,0.0000,,1
10686,0.991,0.8410,0.8093,0.0317,,1
10687,0.991,0.0000,0.0000,0.0000,,1
10688,0.992,0.0000,0.0000,0.0000,,1
10689,0.991,0.8379,0.8094,0.0285,,1
10690,0.990,0.0000,0.0000,0.0000,,1
10691,0.992,0.0000,0.0000,0.0000,,1
10692,0.992,0.8120,0.7922,0.0199,,1
10693,0.992,0.0000,0.0000,0.0000,,1
10694,0.992,0.0000,0.0000,0.0000,,1
10695,0.991,0.8221,0.7949,0.0272,,1
10696,0.991,0.0000,0.0000,0.0000,,1
10697,0.992,0.0000,0.0000,0.0000,,1
10698,0.991,0.8418,0.8046,0.0372,,1
10699,0.992,0.0000,0.0000,0.0000,,1
10700,0.992,0.0000,0.0000,0.0000,,1
10701,0.992,0.8294,0.8013,0.0281,,1
10702,0.992,0.0000,0.0000,0.0000,,1
10703,0.991,0.0000,0.0000,0.0000,,1
10704,0.991,0.8442,0.8049,0.0393,,1
10705,0.992,0.0000,0.0000,0.0000,,1
10706,0.992,0.0000,0.0000,0.0000,,1
10707,0.991,0.8376,0.7960,0.0415,,1
10708,0.991,0.0000,0.0000,0.0000,,1
10709,0.991,0.0000,0.0000,0.0000,,1
10710,0.991,0.8530,0.8118,0.0413,,1
10711,0.991,0.0000,0.0000,0.0000,,1
10712,0.991,0.0000,0.0000,0.0000,,1
10713,0.992,0.8227,0.7981,0.0246,,1
10714,0.992,0.0000,0.0000,0.0000,,1
10715,0.992,0.0000,0.0000,0.0000,,1
10716,0.992,0.8298,0.8055,0.0243,,1
10717,0.991,0.0000,0.0000,0.0000,,1
10718,0.991,0.0000,0.0000,0.0000,,1
10719,0.991,0.8308,0.8063,0.0245,,1
10720,0.990,0.0000,0.0000,0.0000,,1
10721,0.992,0.0000,0.0000,0.0000,,1
10722,0.975,0.8066,0.7995,0.0071,,1
10723,0.987,0.0000,0.0000,0.0000,,1
10724,0.987,0.0000,0.0000,0.0000,,1
10725,0.977,0.8261,0.8129,0.0132,,1
10726,0.981,0.0000,0.0000,0.0000,,1
10727,0.967,0.0000,0.0000,0.0000,,1
10728,0.972,0.8121,0.8014,0.0106,,1
10729,0.970,0.0000,0.0000,0.0000,,1
10730,0.937,0.0000,0.0000,0.0000,,1
10731,0.958,0.8155,0.7943,0.0212,,1
10732,0.958,0.0000,0.0000,0.0000,,1
10733,0.980,0.0000,0.0000,0.0000,,1
10734,0.975,0.7929,0.7803,0.0127,,1
10735,0.972,0.0000,0.0000,0.0000,,1
10736,0.977,0.0000,0.0000,0.0000,,1
10737,0.963,0.8182,0.8116,0.0066,,1
10738,0.956,0.0000,0.0000,0.0000,,1
10739,0.986,0.0000,0.0000,0.0000,,1
10740,0.989,0.8230,0.8108,0.0122,,1
10741,0.990,0.0000,0.0000,0.0000,,1
10742,0.986,0.0000,0.0000,0.0000,,1
10743,0.977,0.8256,0.8097,0.0159,,1
10744,0.979,0.0000,0.0000,0.0000,,1
10745,0.973,0.0000,0.0000,0.0000,,1
10746,0.964,0.8212,0.8089,0.0123,,1
10747,0.916,0.0000,0.0000,0.0000,,1
10748,0.708,0.0000,0.0000,0.0000,,1
10749,0.810,0.8161,0.8052,0.0108,,1
10750,0.902,0.0000,0.0000,0.0000,,1
10751,0.689,0.0000,0.0000,0.0000,,1
10755,0.615,0.7831,0.7713,0.0118,,1
10756,0.904,0.0000,0.0000,0.0000,,1
10757,0.467,0.0000,0.0000,0.0000,,1
10758,0.724,0.8210,0.8063,0.0147,,1
10759,0.820,0.0000,0.0000,0.0000,,1
10760,0.818,0.0000,0.0000,0.0000,,1
10761,0.842,0.8025,0.7841,0.0184,,1
10762,0.679,0.0000,0.0000,0.0000,,1
10763,0.713,0.0000,0.0000,0.0000,,1
10764,0.696,0.8304,0.8157,0.0147,,1
10765,0.640,0.0000,0.0000,0.0000,,1
10766,0.786,0.0000,0.0000,0.0000,,1
10767,0.768,0.8382,0.8123,0.0259,,1
10768,0.777,0.0000,0.0000,0.0000,,1
10769,0.742,0.0000,0.0000,0.0000,,1
10770,0.812,0.7441,0.7385,0.0056,,1
10771,0.753,0.0000,0.0000,0.0000,,1
10772,0.871,0.0000,0.0000,0.0000,,1
10773,0.814,0.8166,0.8122,0.0045,,1
10774,0.956,0.0000,0.0000,0.0000,,1
10775,0.929,0.0000,0.0000,0.0000,,1
10776,0.824,0.8065,0.8049,0.0016,,1
10777,0.780,0.0000,0.0000,0.0000,,1
10778,0.869,0.0000,0.0000,0.0000,,1
10779,0.625,0.7095,0.7001,0.0094,,1
10780,0.796,0.0000,0.0000,0.0000,,1
10781,0.656,0.0000,0.0000,0.0000,,1
10782,0.771,0.7860,0.7692,0.0169,,1
10783,0.880,0.0000,0.0000,0.0000,,1
10784,0.895,0.0000,0.0000,0.0000,,1
10785,0.798,0.7825,0.7628,0.0197,,1
10786,0.812,0.0000,0.0000,0.0000,,1
10787,0.914,0.0000,0.0000,0.0000,,1
10788,0.900,0.8415,0.8144,0.0271,,1
10789,0.729,0.0000,0.0000,0.0000,,1
10790,0.808,0.0000,0.0000,0.0000,,1
10791,0.765,0.8363,0.8280,0.0083,,1
10792,0.769,0.0000,0.0000,0.0000,,1
10793,0.843,0.0000,0.0000,0.0000,,1
10794,0.812,0.8320,0.8242,0.0078,,1
10795,0.828,0.0000,0.0000,0.0000,,1
10796,0.919,0.0000,0.0000,0.0000,,1
10797,0.925,0.8440,0.8408,0.0032,,1
10798,0.905,0.0000,0.0000,0.0000,,1
10799,0.871,0.0000,0.0000,0.0000,,1
10800,0.850,0.8288,0.8121,0.0167,,1
10801,0.856,0.0000,0.0000,0.0000,,1
10802,0.945,0.0000,0.0000,0.0000,,1
10803,0.937,0.8469,0.8327,0.0141,,1
10804,0.943,0.0000,0.0000,0.0000,,1
10805,0.908,0.0000,0.0000,0.0000,,1
10806,0.893,0.7978,0.7977,0.0001,,1
10807,0.519,0.0000,0.0000,0.0000,,1
10808,0.616,0.0000,0.0000,0.0000,,1
10809,0.676,0.7832,0.7791,0.0041,,1
10811,0.862,0.0000,0.0000,0.0000,,1
10812,0.745,0.8038,0.7899,0.0139,,1
10813,0.722,0.0000,0.0000,0.0000,,1
10813,0.465,0.0000,0.0000,0.0000,adidas_ozelia_cream_blue,0
10815,0.826,0.7980,0.7820,0.0160,,1
10816,0.904,0.0000,0.0000,0.0000,,1
10817,0.870,0.0000,0.0000,0.0000,,1
10818,0.523,0.8162,0.8149,0.0013,,1
10819,0.888,0.0000,0.0000,0.0000,,1
10820,0.881,0.0000,0.0000,0.0000,,1
10821,0.591,0.7910,0.7892,0.0018,,1
10822,0.865,0.0000,0.0000,0.0000,,1
10823,0.885,0.0000,0.0000,0.0000,,1
10824,0.877,0.8034,0.7903,0.0131,,1
10825,0.831,0.0000,0.0000,0.0000,,1
10826,0.948,0.0000,0.0000,0.0000,,1
10827,0.961,0.8155,0.8006,0.0149,,1
10828,0.906,0.0000,0.0000,0.0000,,1
10832,0.868,0.0000,0.0000,0.0000,,1
10832,0.702,0.0000,0.0000,0.0000,adidas_ozelia_cream_blue,0
10833,0.855,0.7759,0.7750,0.0009,,1
10834,0.845,0.0000,0.0000,0.0000,,1
10839,0.459,0.7343,0.7169,0.0174,,1
10842,0.738,0.7799,0.7682,0.0117,,1
10843,0.863,0.0000,0.0000,0.0000,,1
10844,0.782,0.0000,0.0000,0.0000,,1
10859,0.503,0.0000,0.0000,0.0000,,1
10860,0.792,0.8121,0.7879,0.0243,,1
10861,0.905,0.0000,0.0000,0.0000,,1
10862,0.939,0.0000,0.0000,0.0000,,1
10863,0.928,0.8210,0.8002,0.0208,,1
10864,0.923,0.0000,0.0000,0.0000,,1
10865,0.927,0.0000,0.0000,0.0000,,1
10866,0.925,0.8389,0.8223,0.0167,,1
10867,0.901,0.0000,0.0000,0.0000,,1
10868,0.959,0.0000,0.0000,0.0000,,1
10869,0.962,0.8317,0.8238,0.0079,,1
10870,0.935,0.0000,0.0000,0.0000,,1
10871,0.935,0.0000,0.0000,0.0000,,1
10872,0.940,0.8415,0.8295,0.0120,,1
10873,0.933,0.0000,0.0000,0.0000,,1
10874,0.939,0.0000,0.0000,0.0000,,1
10875,0.947,0.8210,0.8154,0.0056,,1
10876,0.949,0.0000,0.0000,0.0000,,1
10877,0.953,0.0000,0.0000,0.0000,,1
10878,0.957,0.8459,0.8307,0.0152,,1
10879,0.958,0.0000,0.0000,0.0000,,1
10880,0.954,0.0000,0.0000,0.0000,,1
10881,0.948,0.8363,0.8153,0.0210,,1
10882,0.941,0.0000,0.0000,0.0000,,1
10883,0.807,0.0000,0.0000,0.0000,,1
10884,0.768,0.8242,0.8089,0.0153,,1
10885,0.838,0.0000,0.0000,0.0000,,1
10886,0.850,0.0000,0.0000,0.0000,,1
10887,0.867,0.8367,0.8114,0.0253,,1
10888,0.844,0.0000,0.0000,0.0000,,1
10889,0.819,0.0000,0.0000,0.0000,,1
10890,0.806,0.8136,0.7978,0.0158,,1
10891,0.861,0.0000,0.0000,0.0000,,1
10892,0.907,0.0000,0.0000,0.0000,,1
10893,0.914,0.8402,0.8236,0.0166,,1
10894,0.927,0.0000,0.0000,0.0000,,1
10895,0.906,0.0000,0.0000,0.0000,,1
10896,0.914,0.8491,0.8211,0.0280,,1
10897,0.907,0.0000,0.0000,0.0000,,1
10898,0.896,0.0000,0.0000,0.0000,,1
10899,0.895,0.8527,0.8394,0.0133,,1
10900,0.908,0.0000,0.0000,0.0000,,1
10901,0.938,0.0000,0.0000,0.0000,,1
10902,0.936,0.8335,0.8224,0.0111,,1
10903,0.944,0.0000,0.0000,0.0000,,1
10904,0.947,0.0000,0.0000,0.0000,,1
10905,0.951,0.8380,0.8323,0.0057,,1
10906,0.947,0.0000,0.0000,0.0000,,1
10907,0.949,0.0000,0.0000,0.0000,,1
10908,0.944,0.8405,0.8276,0.0128,,1
10909,0.951,0.0000,0.0000,0.0000,,1
10910,0.916,0.0000,0.0000,0.0000,,1
10911,0.918,0.8545,0.8390,0.0155,,1
10912,0.922,0.0000,0.0000,0.0000,,1
10913,0.919,0.0000,0.0000,0.0000,,1
10914,0.911,0.8603,0.8416,0.0186,,1
10915,0.908,0.0000,0.0000,0.0000,,1
10916,0.925,0.0000,0.0000,0.0000,,1
10917,0.921,0.8478,0.8314,0.0164,,1
10918,0.907,0.0000,0.0000,0.0000,,1
10919,0.888,0.0000,0.0000,0.0000,,1
10920,0.865,0.8314,0.8269,0.0045,,1
10921,0.868,0.0000,0.0000,0.0000,,1
10922,0.845,0.0000,0.0000,0.0000,,1
10923,0.852,0.8307,0.8284,0.0023,,1
10924,0.911,0.0000,0.0000,0.0000,,1
10925,0.924,0.0000,0.0000,0.0000,,1
10926,0.933,0.8465,0.8257,0.0208,,1
10927,0.949,0.0000,0.0000,0.0000,,1
10928,0.907,0.0000,0.0000,0.0000,,1
10929,0.893,0.8364,0.8296,0.0068,,1
10930,0.874,0.0000,0.0000,0.0000,,1
10931,0.922,0.0000,0.0000,0.0000,,1
10932,0.895,0.8539,0.8431,0.0107,,1
10933,0.905,0.0000,0.0000,0.0000,,1
10934,0.934,0.0000,0.0000,0.0000,,1
10935,0.922,0.8419,0.8394,0.0025,,1
10936,0.914,0.0000,0.0000,0.0000,,1
10937,0.936,0.0000,0.0000,0.0000,,1
10938,0.939,0.8423,0.8378,0.0045,,1
10939,0.931,0.0000,0.0000,0.0000,,1
10940,0.896,0.0000,0.0000,0.0000,,1
10941,0.909,0.8491,0.8333,0.0158,,1
10942,0.900,0.0000,0.0000,0.0000,,1
10943,0.884,0.0000,0.0000,0.0000,,1
10944,0.912,0.8496,0.8385,0.0111,,1
10945,0.916,0.0000,0.0000,0.0000,,1
10946,0.933,0.0000,0.0000,0.0000,,1
10947,0.927,0.8455,0.8357,0.0098,,1
10948,0.932,0.0000,0.0000,0.0000,,1
10949,0.887,0.0000,0.0000,0.0000,,1
10950,0.857,0.8336,0.8196,0.0140,,1
10951,0.847,0.0000,0.0000,0.0000,,1
10952,0.929,0.0000,0.0000,0.0000,,1
10953,0.763,0.8523,0.8328,0.0195,,1
10954,0.807,0.0000,0.0000,0.0000,,1
10955,0.964,0.0000,0.0000,0.0000,,1
10956,0.953,0.8395,0.8161,0.0234,,1
10957,0.958,0.0000,0.0000,0.0000,,1
10958,0.869,0.0000,0.0000,0.0000,,1
10959,0.850,0.8289,0.8088,0.0201,,1
10960,0.878,0.0000,0.0000,0.0000,,1
10961,0.775,0.0000,0.0000,0.0000,,1
10962,0.863,0.8361,0.8200,0.0161,,1
10963,0.560,0.0000,0.0000,0.0000,,1
10964,0.852,0.0000,0.0000,0.0000,,1
10965,0.780,0.8238,0.8193,0.0044,,1
10966,0.453,0.0000,0.0000,0.0000,,1
10967,0.898,0.0000,0.0000,0.0000,,1
10968,0.968,0.8442,0.8383,0.0059,,1
10969,0.973,0.0000,0.0000,0.0000,,1
10970,0.968,0.0000,0.0000,0.0000,,1
10971,0.957,0.8629,0.8465,0.0164,,1
10972,0.913,0.0000,0.0000,0.0000,,1
10973,0.808,0.0000,0.0000,0.0000,,1
10974,0.519,0.7918,0.7844,0.0075,,1
10980,0.500,0.7714,0.7616,0.0098,,1
10981,0.575,0.0000,0.0000,0.0000,,1
10982,0.546,0.0000,0.0000,0.0000,,1
10983,0.521,0.7678,0.7571,0.0108,,1
10989,0.576,0.7965,0.7847,0.0118,,1
10991,0.533,0.0000,0.0000,0.0000,,1
10992,0.690,0.8339,0.8167,0.0172,,1
10993,0.515,0.0000,0.0000,0.0000,,1
10998,0.598,0.8201,0.8028,0.0173,,1
10999,0.608,0.0000,0.0000,0.0000,,1
11000,0.693,0.0000,0.0000,0.0000,,1
11001,0.702,0.8190,0.8027,0.0163,,1
11002,0.723,0.0000,0.0000,0.0000,,1
11003,0.679,0.0000,0.0000,0.0000,,1
11004,0.684,0.8085,0.8014,0.0071,,1
11005,0.623,0.0000,0.0000,0.0000,,1
11006,0.553,0.0000,0.0000,0.0000,,1
11007,0.534,0.8259,0.8227,0.0032,,1
11008,0.523,0.0000,0.0000,0.0000,,1
11009,0.534,0.0000,0.0000,0.0000,,1
11010,0.554,0.8163,0.8023,0.0140,,1
11011,0.608,0.0000,0.0000,0.0000,,1
11012,0.631,0.0000,0.0000,0.0000,,1
11013,0.477,0.8412,0.8210,0.0202,,1
11017,0.491,0.0000,0.0000,0.0000,,1
11021,0.457,0.0000,0.0000,0.0000,,1
11024,0.510,0.0000,0.0000,0.0000,,1
11025,0.529,0.8232,0.8142,0.0090,,1
11026,0.568,0.0000,0.0000,0.0000,,1
11027,0.534,0.0000,0.0000,0.0000,,1
11028,0.545,0.8335,0.8211,0.0125,,1
11029,0.548,0.0000,0.0000,0.0000,,1
11030,0.493,0.0000,0.0000,0.0000,,1
11031,0.532,0.8424,0.8209,0.0215,,1
11032,0.525,0.0000,0.0000,0.0000,,1
11033,0.535,0.0000,0.0000,0.0000,,1
11034,0.667,0.8266,0.8221,0.0044,,1
11035,0.618,0.0000,0.0000,0.0000,,1
11036,0.625,0.0000,0.0000,0.0000,,1
11037,0.600,0.8206,0.8171,0.0035,,1
11038,0.581,0.0000,0.0000,0.0000,,1
11039,0.520,0.0000,0.0000,0.0000,,1
11040,0.612,0.8350,0.8184,0.0166,,1
11041,0.588,0.0000,0.0000,0.0000,,1
11042,0.630,0.0000,0.0000,0.0000,,1
11043,0.642,0.8289,0.8263,0.0025,,1
11044,0.499,0.0000,0.0000,0.0000,,1
11049,0.496,0.8198,0.8080,0.0118,,1
11052,0.515,0.8079,0.7917,0.0162,,1
11053,0.531,0.0000,0.0000,0.0000,,1
11055,0.458,0.8321,0.8097,0.0224,,1
11083,0.477,0.0000,0.0000,0.0000,,1
11084,0.487,0.0000,0.0000,0.0000,,1
11085,0.548,0.7960,0.7834,0.0125,,1
11086,0.628,0.0000,0.0000,0.0000,,1
11087,0.658,0.0000,0.0000,0.0000,,1
11088,0.689,0.8120,0.8009,0.0110,,1
11089,0.701,0.0000,0.0000,0.0000,,1
11090,0.586,0.0000,0.0000,0.0000,,1
11091,0.611,0.8179,0.8050,0.0128,,1
11092,0.655,0.0000,0.0000,0.0000,,1
11093,0.638,0.0000,0.0000,0.0000,,1
11094,0.527,0.8095,0.7960,0.0135,,1
11095,0.640,0.0000,0.0000,0.0000,,1
11096,0.589,0.0000,0.0000,0.0000,,1
11148,0.464,0.7798,0.7780,0.0018,,1
11149,0.764,0.0000,0.0000,0.0000,,1
11150,0.850,0.0000,0.0000,0.0000,,1
11151,0.814,0.8120,0.7970,0.0151,,1
11152,0.931,0.0000,0.0000,0.0000,,1
11153,0.711,0.0000,0.0000,0.0000,,1
11153,0.557,0.0000,0.0000,0.0000,adidas_ozelia_cream_blue,0
11154,0.843,0.8209,0.8171,0.0038,,1
11154,0.501,0.7505,0.7427,0.0078,adidas_ozelia_cream_blue,0
11155,0.863,0.0000,0.0000,0.0000,,1
11156,0.911,0.0000,0.0000,0.0000,,1
11157,0.744,0.8286,0.8032,0.0254,,1
11158,0.589,0.0000,0.0000,0.0000,,1
11257,0.504,0.0000,0.0000,0.0000,,1
11258,0.554,0.0000,0.0000,0.0000,,1
11260,0.564,0.0000,0.0000,0.0000,,1
11261,0.550,0.0000,0.0000,0.0000,,1
11262,0.499,0.8194,0.7922,0.0272,,1
11263,0.564,0.0000,0.0000,0.0000,,1
11264,0.458,0.0000,0.0000,0.0000,,1
11265,0.579,0.8089,0.7838,0.0251,,1
11266,0.639,0.0000,0.0000,0.0000,,1
11267,0.609,0.0000,0.0000,0.0000,,1
11268,0.596,0.7896,0.7684,0.0212,,1
11269,0.583,0.0000,0.0000,0.0000,,1
11270,0.543,0.0000,0.0000,0.0000,,1
11271,0.602,0.7999,0.7689,0.0311,,1
11272,0.576,0.0000,0.0000,0.0000,,1
11273,0.578,0.0000,0.0000,0.0000,,1
11274,0.585,0.7775,0.7549,0.0226,,1
11275,0.586,0.0000,0.0000,0.0000,,1
11276,0.586,0.0000,0.0000,0.0000,,1
11277,0.603,0.8097,0.7864,0.0233,,1
11278,0.633,0.0000,0.0000,0.0000,,1
11279,0.593,0.0000,0.0000,0.0000,,1
11280,0.640,0.8127,0.7892,0.0235,,1
11281,0.670,0.0000,0.0000,0.0000,,1
11282,0.635,0.0000,0.0000,0.0000,,1
11283,0.644,0.8020,0.7693,0.0327,,1
11284,0.612,0.0000,0.0000,0.0000,,1
11285,0.590,0.0000,0.0000,0.0000,,1
11286,0.593,0.8065,0.7859,0.0206,,1
11287,0.559,0.0000,0.0000,0.0000,,1
11288,0.588,0.0000,0.0000,0.0000,,1
11289,0.561,0.8053,0.7889,0.0163,,1
11290,0.626,0.0000,0.0000,0.0000,,1
11291,0.533,0.0000,0.0000,0.0000,,1
11292,0.608,0.7772,0.7753,0.0019,,1
11293,0.609,0.0000,0.0000,0.0000,,1
11294,0.549,0.0000,0.0000,0.0000,,1
11295,0.550,0.7715,0.7640,0.0075,,1
11296,0.578,0.0000,0.0000,0.0000,,1
11297,0.639,0.0000,0.0000,0.0000,,1
11298,0.519,0.8008,0.7781,0.0227,,1
11299,0.652,0.0000,0.0000,0.0000,,1
11300,0.620,0.0000,0.0000,0.0000,,1
11301,0.680,0.8081,0.7862,0.0219,,1
11302,0.707,0.0000,0.0000,0.0000,,1
11303,0.647,0.0000,0.0000,0.0000,,1
11304,0.648,0.8086,0.7884,0.0202,,1
11305,0.642,0.0000,0.0000,0.0000,,1
11307,0.581,0.7641,0.7536,0.0105,,1
11308,0.622,0.0000,0.0000,0.0000,,1
11309,0.539,0.0000,0.0000,0.0000,,1
11310,0.594,0.8390,0.7790,0.0600,adidas_ozelia_cream_blue,0
11325,0.820,0.8165,0.7872,0.0293,adidas_ozelia_cream_blue,0
11328,0.609,0.7956,0.7748,0.0207,adidas_ozelia_cream_blue,0
11329,0.731,0.0000,0.0000,0.0000,adidas_ozelia_cream_blue,0
11330,0.830,0.0000,0.0000,0.0000,adidas_ozelia_cream_blue,0
11331,0.500,0.7755,0.7621,0.0133,adidas_ozelia_cream_blue,0
11348,0.598,0.0000,0.0000,0.0000,adidas_ozelia_cream_blue,0
11349,0.933,0.8345,0.8140,0.0204,adidas_ozelia_cream_blue,0
11350,0.950,0.0000,0.0000,0.0000,,1
11351,0.945,0.0000,0.0000,0.0000,,1
11352,0.957,0.8511,0.8496,0.0015,,1
11353,0.954,0.0000,0.0000,0.0000,,1
11354,0.955,0.0000,0.0000,0.0000,,1
11355,0.961,0.8717,0.8634,0.0083,,1
11356,0.959,0.0000,0.0000,0.0000,,1
11357,0.952,0.0000,0.0000,0.0000,,1
11358,0.946,0.8468,0.8457,0.0011,,1
11359,0.956,0.0000,0.0000,0.0000,,1
11360,0.948,0.0000,0.0000,0.0000,,1
11361,0.923,0.8357,0.8338,0.0019,,1
11362,0.848,0.0000,0.0000,0.0000,,1
11364,0.495,0.8315,0.8280,0.0034,,1
11365,0.467,0.0000,0.0000,0.0000,,1
11366,0.628,0.0000,0.0000,0.0000,,1
11367,0.523,0.8379,0.8241,0.0138,,1
11368,0.504,0.0000,0.0000,0.0000,,1
11369,0.907,0.0000,0.0000,0.0000,,1
11370,0.866,0.8354,0.8186,0.0168,,1
11371,0.819,0.0000,0.0000,0.0000,,1
11372,0.674,0.0000,0.0000,0.0000,,1
11373,0.803,0.8416,0.8018,0.0398,,1
11374,0.903,0.0000,0.0000,0.0000,,1
11375,0.943,0.0000,0.0000,0.0000,,1
11376,0.915,0.8530,0.8284,0.0246,,1
11377,0.902,0.0000,0.0000,0.0000,,1
11378,0.765,0.0000,0.0000,0.0000,,1
11379,0.839,0.8124,0.8122,0.0002,,1
11380,0.521,0.0000,0.0000,0.0000,,1
11388,0.473,0.7906,0.7853,0.0053,,1
11424,0.508,0.7948,0.7935,0.0014,,1
11486,0.468,0.0000,0.0000,0.0000,,1
11492,0.554,0.0000,0.0000,0.0000,,1
11493,0.684,0.8049,0.7997,0.0052,,1
11494,0.600,0.0000,0.0000,0.0000,,1
11495,0.553,0.0000,0.0000,0.0000,,1
11496,0.463,0.8313,0.8311,0.0002,,1
11542,0.649,0.0000,0.0000,0.0000,,1
11543,0.711,0.0000,0.0000,0.0000,,1
11544,0.700,0.7864,0.7782,0.0082,,1
11545,0.570,0.0000,0.0000,0.0000,,1
11547,0.506,0.8044,0.7873,0.0171,,1
11608,0.469,0.0000,0.0000,0.0000,,1
11609,0.501,0.0000,0.0000,0.0000,,1
11610,0.588,0.8186,0.7841,0.0345,,1
11611,0.576,0.0000,0.0000,0.0000,,1
11612,0.728,0.0000,0.0000,0.0000,,1
11613,0.752,0.8436,0.8049,0.0387,,1
11614,0.801,0.0000,0.0000,0.0000,,1
11615,0.788,0.0000,0.0000,0.0000,,1
11616,0.754,0.8353,0.8100,0.0253,,1
11617,0.801,0.0000,0.0000,0.0000,,1
11618,0.835,0.0000,0.0000,0.0000,,1
11619,0.847,0.8521,0.8111,0.0410,,1
11620,0.855,0.0000,0.0000,0.0000,,1
11621,0.851,0.0000,0.0000,0.0000,,1
11622,0.837,0.8510,0.8106,0.0404,,1
11623,0.787,0.0000,0.0000,0.0000,,1
11624,0.651,0.0000,0.0000,0.0000,,1
11625,0.587,0.8150,0.7702,0.0447,,1
11626,0.621,0.0000,0.0000,0.0000,,1
11627,0.690,0.0000,0.0000,0.0000,,1
11628,0.678,0.8480,0.8029,0.0451,,1
11629,0.708,0.0000,0.0000,0.0000,,1
11630,0.687,0.0000,0.0000,0.0000,,1
11631,0.686,0.8335,0.7804,0.0531,adidas_ozelia_cream_blue,0
11632,0.675,0.0000,0.0000,0.0000,adidas_ozelia_cream_blue,0
11633,0.676,0.0000,0.0000,0.0000,adidas_ozelia_cream_blue,0
11634,0.636,0.8290,0.7809,0.0481,adidas_ozelia_cream_blue,0
11635,0.646,0.0000,0.0000,0.0000,adidas_ozelia_cream_blue,0
11636,0.617,0.0000,0.0000,0.0000,adidas_ozelia_cream_blue,0
11637,0.582,0.8516,0.8156,0.0360,adidas_ozelia_cream_blue,0
11638,0.600,0.0000,0.0000,0.0000,adidas_ozelia_cream_blue,0
11639,0.565,0.0000,0.0000,0.0000,,1
11640,0.611,0.8406,0.7930,0.0476,,1
11641,0.651,0.0000,0.0000,0.0000,,1
11642,0.516,0.0000,0.0000,0.0000,,1
11643,0.556,0.8246,0.7737,0.0509,adidas_ozelia_cream_blue,0
11644,0.567,0.0000,0.0000,0.0000,adidas_ozelia_cream_blue,0
11645,0.547,0.0000,0.0000,0.0000,adidas_ozelia_cream_blue,0
11646,0.586,0.8400,0.7925,0.0475,adidas_ozelia_cream_blue,0
11647,0.627,0.0000,0.0000,0.0000,adidas_ozelia_cream_blue,0
11648,0.574,0.0000,0.0000,0.0000,adidas_ozelia_cream_blue,0
11649,0.581,0.8403,0.7953,0.0449,adidas_ozelia_cream_blue,0
11650,0.631,0.0000,0.0000,0.0000,adidas_ozelia_cream_blue,0
11651,0.538,0.0000,0.0000,0.0000,,1
11652,0.667,0.8507,0.8063,0.0444,,1
11653,0.652,0.0000,0.0000,0.0000,,1
11654,0.538,0.0000,0.0000,0.0000,,1
11655,0.634,0.8530,0.8157,0.0373,,1
11656,0.588,0.0000,0.0000,0.0000,,1
11657,0.639,0.0000,0.0000,0.0000,,1
11658,0.702,0.8525,0.8135,0.0389,,1
11659,0.651,0.0000,0.0000,0.0000,,1
11660,0.606,0.0000,0.0000,0.0000,,1
11661,0.593,0.8326,0.8061,0.0265,,1
11662,0.607,0.0000,0.0000,0.0000,,1
11663,0.650,0.0000,0.0000,0.0000,,1
11664,0.659,0.8296,0.8021,0.0276,,1
11665,0.674,0.0000,0.0000,0.0000,,1
11666,0.661,0.0000,0.0000,0.0000,,1
11667,0.697,0.8355,0.8018,0.0336,,1
11668,0.676,0.0000,0.0000,0.0000,,1
11669,0.630,0.0000,0.0000,0.0000,,1
11670,0.572,0.8468,0.8043,0.0425,,1
11671,0.654,0.0000,0.0000,0.0000,,1
11672,0.711,0.0000,0.0000,0.0000,,1
11673,0.722,0.8359,0.7971,0.0389,,1
11674,0.710,0.0000,0.0000,0.0000,,1
11675,0.650,0.0000,0.0000,0.0000,,1
11676,0.703,0.8338,0.7979,0.0359,,1
11677,0.721,0.0000,0.0000,0.0000,,1
11677,0.474,0.0000,0.0000,0.0000,adidas_ozelia_cream_blue,0
11678,0.706,0.0000,0.0000,0.0000,,1
11679,0.630,0.8381,0.8083,0.0299,,1
11680,0.668,0.0000,0.0000,0.0000,,1
11681,0.600,0.0000,0.0000,0.0000,,1
11682,0.620,0.8393,0.8098,0.0295,,1
11683,0.643,0.0000,0.0000,0.0000,,1
11684,0.676,0.0000,0.0000,0.0000,,1
11685,0.610,0.8130,0.7650,0.0480,,1
11686,0.610,0.0000,0.0000,0.0000,,1
11687,0.629,0.0000,0.0000,0.0000,,1
11688,0.663,0.8287,0.7931,0.0356,,1
11689,0.643,0.0000,0.0000,0.0000,,1
11690,0.756,0.0000,0.0000,0.0000,,1
11691,0.763,0.8312,0.7923,0.0389,,1
11692,0.709,0.0000,0.0000,0.0000,,1
11693,0.682,0.0000,0.0000,0.0000,,1
11694,0.702,0.8263,0.7812,0.0452,,1
11695,0.687,0.0000,0.0000,0.0000,,1
11696,0.669,0.0000,0.0000,0.0000,,1
11697,0.634,0.8404,0.8140,0.0265,,1
11698,0.667,0.0000,0.0000,0.0000,,1
11699,0.610,0.0000,0.0000,0.0000,,1
11700,0.657,0.8317,0.7918,0.0399,,1
11701,0.639,0.0000,0.0000,0.0000,,1
11702,0.679,0.0000,0.0000,0.0000,,1
11703,0.696,0.8407,0.8037,0.0370,,1
11704,0.697,0.0000,0.0000,0.0000,,1
11705,0.732,0.0000,0.0000,0.0000,,1
11705,0.463,0.0000,0.0000,0.0000,,1
11706,0.703,0.8402,0.8025,0.0378,,1
11707,0.698,0.0000,0.0000,0.0000,,1
11707,0.492,0.0000,0.0000,0.0000,,1
11708,0.578,0.0000,0.0000,0.0000,,1
11709,0.639,0.8215,0.7750,0.0465,,1
11710,0.502,0.0000,0.0000,0.0000,,1
11711,0.604,0.0000,0.0000,0.0000,,1
11712,0.609,0.8371,0.8044,0.0327,,1
11713,0.578,0.0000,0.0000,0.0000,,1
11714,0.577,0.0000,0.0000,0.0000,,1
11715,0.594,0.8373,0.7899,0.0474,,1
11716,0.563,0.0000,0.0000,0.0000,,1
11717,0.702,0.0000,0.0000,0.0000,,1
11718,0.675,0.8501,0.8077,0.0424,,1
11719,0.684,0.0000,0.0000,0.0000,,1
11720,0.702,0.0000,0.0000,0.0000,,1
11721,0.713,0.8429,0.8038,0.0391,,1
11722,0.738,0.0000,0.0000,0.0000,,1
11723,0.758,0.0000,0.0000,0.0000,,1
11724,0.866,0.8283,0.8232,0.0051,,1
11725,0.878,0.0000,0.0000,0.0000,,1
11726,0.834,0.0000,0.0000,0.0000,,1
11727,0.668,0.7980,0.7902,0.0078,,1
11754,0.499,0.8114,0.7884,0.0230,,1
11755,0.657,0.0000,0.0000,0.0000,,1
11756,0.690,0.0000,0.0000,0.0000,,1
11757,0.899,0.7761,0.7622,0.0139,,1
11758,0.954,0.0000,0.0000,0.0000,,1
11759,0.955,0.0000,0.0000,0.0000,,1
11760,0.967,0.8025,0.8022,0.0003,,1
11761,0.962,0.0000,0.0000,0.0000,,1
11762,0.959,0.0000,0.0000,0.0000,,1
11763,0.906,0.8065,0.7866,0.0199,,1
11764,0.942,0.0000,0.0000,0.0000,,1
11765,0.901,0.0000,0.0000,0.0000,,1
11766,0.795,0.7857,0.7788,0.0068,,1
11767,0.836,0.0000,0.0000,0.0000,,1
11768,0.816,0.0000,0.0000,0.0000,,1
11769,0.774,0.8058,0.7792,0.0266,,1
11770,0.802,0.0000,0.0000,0.0000,,1
11771,0.730,0.0000,0.0000,0.0000,,1
11772,0.704,0.8109,0.7953,0.0156,,1
11773,0.747,0.0000,0.0000,0.0000,,1
11774,0.625,0.0000,0.0000,0.0000,,1
11775,0.589,0.8209,0.7900,0.0309,,1
11776,0.761,0.0000,0.0000,0.0000,,1
11777,0.788,0.0000,0.0000,0.0000,,1
11778,0.763,0.8096,0.8054,0.0041,,1
11779,0.767,0.0000,0.0000,0.0000,,1
11780,0.790,0.0000,0.0000,0.0000,,1
11781,0.668,0.8050,0.7879,0.0171,,1
11782,0.705,0.0000,0.0000,0.0000,,1
11783,0.763,0.0000,0.0000,0.0000,,1
11784,0.677,0.7801,0.7774,0.0027,,1
11785,0.707,0.0000,0.0000,0.0000,,1
11786,0.530,0.0000,0.0000,0.0000,,1
11787,0.553,0.8175,0.8021,0.0154,,1
11788,0.543,0.0000,0.0000,0.0000,,1
11790,0.625,0.8328,0.7993,0.0335,,1
11791,0.678,0.0000,0.0000,0.0000,,1
11792,0.526,0.0000,0.0000,0.0000,,1
11793,0.783,0.8513,0.8204,0.0309,,1
11794,0.821,0.0000,0.0000,0.0000,,1
11795,0.558,0.0000,0.0000,0.0000,,1
11796,0.616,0.8015,0.7828,0.0187,,1
11797,0.584,0.0000,0.0000,0.0000,,1
11798,0.728,0.0000,0.0000,0.0000,,1
11799,0.863,0.8093,0.7973,0.0119,,1
11800,0.946,0.0000,0.0000,0.0000,,1
11801,0.920,0.0000,0.0000,0.0000,,1
11802,0.927,0.8148,0.8136,0.0012,,1
11803,0.939,0.0000,0.0000,0.0000,,1
11804,0.899,0.0000,0.0000,0.0000,,1
11805,0.923,0.8124,0.8062,0.0062,,1
11806,0.945,0.0000,0.0000,0.0000,,1
11807,0.879,0.0000,0.0000,0.0000,,1
11808,0.893,0.7906,0.7898,0.0008,,1
11809,0.844,0.0000,0.0000,0.0000,,1
11810,0.938,0.0000,0.0000,0.0000,,1
11811,0.931,0.7930,0.7807,0.0123,,1
11812,0.940,0.0000,0.0000,0.0000,,1
11813,0.971,0.0000,0.0000,0.0000,,1
11814,0.969,0.7962,0.7875,0.0087,,1
11815,0.972,0.0000,0.0000,0.0000,,1
11816,0.957,0.0000,0.0000,0.0000,,1
11817,0.954,0.8108,0.8005,0.0102,,1
11818,0.958,0.0000,0.0000,0.0000,,1
11819,0.944,0.0000,0.0000,0.0000,,1
11820,0.945,0.8055,0.7918,0.0137,,1
11821,0.934,0.0000,0.0000,0.0000,,1
11822,0.943,0.0000,0.0000,0.0000,,1
11823,0.939,0.8018,0.7906,0.0112,,1
11824,0.947,0.0000,0.0000,0.0000,,1
11825,0.948,0.0000,0.0000,0.0000,,1
11826,0.931,0.7879,0.7789,0.0091,,1
11827,0.924,0.0000,0.0000,0.0000,,1
11828,0.931,0.0000,0.0000,0.0000,,1
11829,0.913,0.7968,0.7912,0.0056,,1
11830,0.926,0.0000,0.0000,0.0000,,1
11831,0.913,0.0000,0.0000,0.0000,,1
11832,0.929,0.7936,0.7905,0.0030,,1
11833,0.919,0.0000,0.0000,0.0000,,1
11834,0.941,0.0000,0.0000,0.0000,,1
11835,0.923,0.7827,0.7780,0.0048,,1
11836,0.943,0.0000,0.0000,0.0000,,1
11837,0.946,0.0000,0.0000,0.0000,,1
11838,0.946,0.7903,0.7804,0.0099,,1
11839,0.954,0.0000,0.0000,0.0000,,1
11840,0.935,0.0000,0.0000,0.0000,,1
11841,0.932,0.8107,0.7959,0.0148,,1
11842,0.946,0.0000,0.0000,0.0000,,1
11843,0.960,0.0000,0.0000,0.0000,,1
11844,0.961,0.7897,0.7875,0.0022,,1
11845,0.957,0.0000,0.0000,0.0000,,1
11846,0.932,0.0000,0.0000,0.0000,,1
11847,0.938,0.8234,0.8209,0.0024,,1
11848,0.935,0.0000,0.0000,0.0000,,1
11849,0.927,0.0000,0.0000,0.0000,,1
11850,0.912,0.8256,0.8168,0.0088,,1
11851,0.908,0.0000,0.0000,0.0000,,1
11852,0.873,0.0000,0.0000,0.0000,,1
11853,0.856,0.8117,0.7938,0.0179,,1
11854,0.864,0.0000,0.0000,0.0000,,1
11855,0.921,0.0000,0.0000,0.0000,,1
11856,0.924,0.8125,0.8017,0.0107,,1
11857,0.931,0.0000,0.0000,0.0000,,1
11858,0.941,0.0000,0.0000,0.0000,,1
11859,0.927,0.8015,0.7974,0.0041,,1
11860,0.932,0.0000,0.0000,0.0000,,1
11861,0.931,0.0000,0.0000,0.0000,,1
11862,0.934,0.8057,0.8036,0.0021,,1
11863,0.945,0.0000,0.0000,0.0000,,1
11864,0.945,0.0000,0.0000,0.0000,,1
11865,0.954,0.8156,0.8056,0.0100,,1
11866,0.945,0.0000,0.0000,0.0000,,1
11867,0.950,0.0000,0.0000,0.0000,,1
11868,0.925,0.7943,0.7930,0.0013,,1
11869,0.947,0.0000,0.0000,0.0000,,1
11870,0.920,0.0000,0.0000,0.0000,,1
11871,0.935,0.7985,0.7953,0.0032,,1
11872,0.930,0.0000,0.0000,0.0000,,1
11873,0.941,0.0000,0.0000,0.0000,,1
11874,0.943,0.7881,0.7850,0.0031,,1
11875,0.911,0.0000,0.0000,0.0000,,1
11876,0.912,0.0000,0.0000,0.0000,,1
11877,0.876,0.7975,0.7901,0.0074,,1
11878,0.880,0.0000,0.0000,0.0000,,1
11879,0.863,0.0000,0.0000,0.0000,,1
11880,0.888,0.7968,0.7929,0.0039,,1
11881,0.872,0.0000,0.0000,0.0000,,1
11882,0.893,0.0000,0.0000,0.0000,,1
11883,0.918,0.7917,0.7857,0.0060,,1
11884,0.891,0.0000,0.0000,0.0000,,1
11885,0.898,0.0000,0.0000,0.0000,,1
11886,0.917,0.7983,0.7973,0.0010,,1
11887,0.858,0.0000,0.0000,0.0000,,1
11888,0.866,0.0000,0.0000,0.0000,,1
11889,0.905,0.7947,0.7894,0.0053,,1
11890,0.916,0.0000,0.0000,0.0000,,1
11891,0.924,0.0000,0.0000,0.0000,,1
11892,0.919,0.8095,0.8028,0.0067,,1
11893,0.926,0.0000,0.0000,0.0000,,1
11894,0.921,0.0000,0.0000,0.0000,,1
11895,0.890,0.7926,0.7874,0.0052,,1
11896,0.918,0.0000,0.0000,0.0000,,1
11897,0.908,0.0000,0.0000,0.0000,,1
11898,0.924,0.7898,0.7842,0.0055,,1
11899,0.918,0.0000,0.0000,0.0000,,1
11900,0.936,0.0000,0.0000,0.0000,,1
11901,0.930,0.7870,0.7852,0.0018,,1
11902,0.934,0.0000,0.0000,0.0000,,1
11903,0.924,0.0000,0.0000,0.0000,,1
11904,0.919,0.7776,0.7766,0.0010,,1
11905,0.920,0.0000,0.0000,0.0000,,1
11906,0.929,0.0000,0.0000,0.0000,,1
11907,0.909,0.7860,0.7789,0.0070,,1
11908,0.902,0.0000,0.0000,0.0000,,1
11909,0.870,0.0000,0.0000,0.0000,,1
11910,0.915,0.7652,0.7614,0.0038,,1
11911,0.921,0.0000,0.0000,0.0000,,1
11912,0.916,0.0000,0.0000,0.0000,,1
11913,0.930,0.7705,0.7695,0.0010,,1
11914,0.919,0.0000,0.0000,0.0000,,1
11915,0.923,0.0000,0.0000,0.0000,,1
11916,0.939,0.7766,0.7745,0.0021,,1
11917,0.924,0.0000,0.0000,0.0000,,1
11918,0.926,0.0000,0.0000,0.0000,,1
11919,0.915,0.7877,0.7792,0.0084,,1
11920,0.938,0.0000,0.0000,0.0000,,1
11921,0.932,0.0000,0.0000,0.0000,,1
11922,0.937,0.7775,0.7774,0.0001,,1
11923,0.921,0.0000,0.0000,0.0000,,1
11924,0.875,0.0000,0.0000,0.0000,,1
11925,0.898,0.7904,0.7903,0.0001,,1
11926,0.889,0.0000,0.0000,0.0000,,1
11927,0.886,0.0000,0.0000,0.0000,,1
11928,0.927,0.7887,0.7885,0.0002,,1
11929,0.919,0.0000,0.0000,0.0000,,1
11930,0.935,0.0000,0.0000,0.0000,,1
11931,0.938,0.7808,0.7772,0.0036,,1
11932,0.926,0.0000,0.0000,0.0000,,1
11933,0.824,0.0000,0.0000,0.0000,,1
11934,0.844,0.8124,0.8078,0.0046,,1
11935,0.883,0.0000,0.0000,0.0000,,1
11936,0.941,0.0000,0.0000,0.0000,,1
11937,0.898,0.7996,0.7936,0.0061,,1
11938,0.965,0.0000,0.0000,0.0000,,1
11939,0.976,0.0000,0.0000,0.0000,,1
11940,0.967,0.8088,0.7998,0.0090,,1
11941,0.956,0.0000,0.0000,0.0000,,1
11942,0.976,0.0000,0.0000,0.0000,,1
11943,0.926,0.7887,0.7861,0.0026,,1
11944,0.860,0.0000,0.0000,0.0000,,1
11945,0.778,0.0000,0.0000,0.0000,,1
11946,0.852,0.7944,0.7741,0.0202,,1
11947,0.943,0.0000,0.0000,0.0000,,1
11948,0.951,0.0000,0.0000,0.0000,,1
11949,0.942,0.7791,0.7597,0.0194,,1
11950,0.957,0.0000,0.0000,0.0000,,1
11951,0.985,0.0000,0.0000,0.0000,,1
11952,0.963,0.7950,0.7913,0.0037,,1
11953,0.952,0.0000,0.0000,0.0000,,1
11954,0.914,0.0000,0.0000,0.0000,,1
11955,0.961,0.7724,0.7645,0.0079,,1
11956,0.889,0.0000,0.0000,0.0000,,1
11957,0.898,0.0000,0.0000,0.0000,,1
11958,0.828,0.7886,0.7753,0.0132,,1
11959,0.838,0.0000,0.0000,0.0000,,1
11960,0.738,0.0000,0.0000,0.0000,,1
11961,0.696,0.7749,0.7536,0.0213,,1
11962,0.842,0.0000,0.0000,0.0000,,1
11963,0.627,0.0000,0.0000,0.0000,,1
11964,0.833,0.8068,0.7882,0.0186,,1
11965,0.910,0.0000,0.0000,0.0000,,1
11966,0.695,0.0000,0.0000,0.0000,,1
11967,0.461,0.7459,0.7446,0.0013,,1
11969,0.842,0.0000,0.0000,0.0000,,1
11978,0.898,0.0000,0.0000,0.0000,,1
11979,0.912,0.7623,0.7565,0.0058,,1
11983,0.782,0.0000,0.0000,0.0000,,1
11984,0.873,0.0000,0.0000,0.0000,,1
11985,0.752,0.8102,0.7830,0.0272,,1
11986,0.615,0.0000,0.0000,0.0000,,1
11988,0.807,0.8102,0.8061,0.0041,,1
11989,0.495,0.0000,0.0000,0.0000,,1
11991,0.589,0.7304,0.7202,0.0103,,1
11993,0.818,0.0000,0.0000,0.0000,,1
11994,0.961,0.7707,0.7637,0.0070,,1
11995,0.934,0.0000,0.0000,0.0000,,1
11996,0.933,0.0000,0.0000,0.0000,,1
11997,0.687,0.7906,0.7850,0.0056,,1
11999,0.832,0.0000,0.0000,0.0000,,1
12000,0.762,0.7832,0.7823,0.0008,,1
12001,0.875,0.0000,0.0000,0.0000,,1
12002,0.857,0.0000,0.0000,0.0000,,1
12003,0.888,0.7831,0.7723,0.0108,,1
12004,0.910,0.0000,0.0000,0.0000,,1
12005,0.820,0.0000,0.0000,0.0000,,1
12006,0.730,0.8022,0.8020,0.0001,,1
12007,0.767,0.0000,0.0000,0.0000,,1
12008,0.737,0.0000,0.0000,0.0000,,1
12009,0.731,0.8042,0.7938,0.0103,,1
12010,0.628,0.0000,0.0000,0.0000,,1
12011,0.677,0.0000,0.0000,0.0000,,1
12012,0.799,0.7694,0.7524,0.0170,,1
12013,0.844,0.0000,0.0000,0.0000,,1
12014,0.890,0.0000,0.0000,0.0000,,1
12015,0.885,0.7554,0.7488,0.0066,,1
12016,0.881,0.0000,0.0000,0.0000,,1
12017,0.886,0.0000,0.0000,0.0000,,1
12018,0.886,0.7730,0.7685,0.0045,,1
12019,0.880,0.0000,0.0000,0.0000,,1
12020,0.886,0.0000,0.0000,0.0000,,1
12021,0.822,0.7877,0.7832,0.0045,,1
12022,0.846,0.0000,0.0000,0.0000,,1
12023,0.859,0.0000,0.0000,0.0000,,1
12024,0.897,0.7820,0.7732,0.0087,,1
12025,0.884,0.0000,0.0000,0.0000,,1
12026,0.886,0.0000,0.0000,0.0000,,1
12027,0.908,0.7814,0.7759,0.0055,,1
12028,0.881,0.0000,0.0000,0.0000,,1
12029,0.832,0.0000,0.0000,0.0000,,1
12030,0.845,0.7866,0.7806,0.0061,,1
12031,0.866,0.0000,0.0000,0.0000,,1
12032,0.852,0.0000,0.0000,0.0000,,1
12033,0.853,0.7980,0.7932,0.0049,,1
12034,0.849,0.0000,0.0000,0.0000,,1
12035,0.856,0.0000,0.0000,0.0000,,1
12036,0.774,0.8214,0.8103,0.0111,,1
12037,0.591,0.0000,0.0000,0.0000,,1
12038,0.487,0.0000,0.0000,0.0000,,1
12041,0.577,0.0000,0.0000,0.0000,,1
12042,0.601,0.7848,0.7829,0.0019,,1
12043,0.632,0.0000,0.0000,0.0000,,1
12044,0.494,0.0000,0.0000,0.0000,,1
12045,0.486,0.7613,0.7548,0.0066,,1
12062,0.459,0.0000,0.0000,0.0000,,1
12063,0.506,0.7991,0.7816,0.0176,,1
12064,0.672,0.0000,0.0000,0.0000,,1
12066,0.631,0.7826,0.7676,0.0150,,1
12067,0.597,0.0000,0.0000,0.0000,,1
12069,0.624,0.8011,0.7920,0.0091,,1
12070,0.649,0.0000,0.0000,0.0000,,1
12071,0.723,0.0000,0.0000,0.0000,,1
12072,0.736,0.8202,0.8154,0.0048,,1
12073,0.683,0.0000,0.0000,0.0000,,1
12074,0.521,0.0000,0.0000,0.0000,,1
12075,0.574,0.8146,0.8130,0.0016,,1
12076,0.626,0.0000,0.0000,0.0000,,1
12077,0.521,0.0000,0.0000,0.0000,,1
12078,0.582,0.8126,0.8091,0.0036,,1
12079,0.542,0.0000,0.0000,0.0000,,1
12080,0.670,0.0000,0.0000,0.0000,,1
12081,0.728,0.8081,0.8038,0.0043,,1
12082,0.714,0.0000,0.0000,0.0000,,1
12083,0.728,0.0000,0.0000,0.0000,,1
12084,0.704,0.8094,0.8085,0.0009,,1
12085,0.667,0.0000,0.0000,0.0000,,1
12086,0.632,0.0000,0.0000,0.0000,,1
12087,0.679,0.8280,0.8122,0.0158,,1
12088,0.790,0.0000,0.0000,0.0000,,1
12089,0.640,0.0000,0.0000,0.0000,,1
12090,0.565,0.8269,0.8160,0.0109,,1
12091,0.462,0.0000,0.0000,0.0000,,1
12092,0.773,0.0000,0.0000,0.0000,,1
12093,0.822,0.8404,0.8218,0.0186,,1
12094,0.910,0.0000,0.0000,0.0000,,1
12095,0.903,0.0000,0.0000,0.0000,,1
12096,0.754,0.8259,0.8216,0.0043,,1
12097,0.459,0.0000,0.0000,0.0000,,1
12098,0.946,0.0000,0.0000,0.0000,,1
12099,0.963,0.8147,0.8029,0.0118,,1
12100,0.971,0.0000,0.0000,0.0000,,1
12101,0.888,0.0000,0.0000,0.0000,,1
12102,0.777,0.8247,0.8224,0.0023,,1
12103,0.770,0.0000,0.0000,0.0000,,1
12104,0.911,0.0000,0.0000,0.0000,,1
12105,0.763,0.8323,0.8147,0.0177,,1
12106,0.568,0.0000,0.0000,0.0000,,1
12107,0.549,0.0000,0.0000,0.0000,,1
12108,0.773,0.8059,0.7966,0.0093,,1
12109,0.722,0.0000,0.0000,0.0000,,1
12110,0.728,0.0000,0.0000,0.0000,,1
12111,0.925,0.7827,0.7805,0.0022,,1
12112,0.931,0.0000,0.0000,0.0000,,1
12113,0.937,0.0000,0.0000,0.0000,,1
12114,0.933,0.7838,0.7752,0.0086,,1
12115,0.945,0.0000,0.0000,0.0000,,1
12116,0.925,0.0000,0.0000,0.0000,,1
12117,0.926,0.7805,0.7720,0.0085,,1
12118,0.888,0.0000,0.0000,0.0000,,1
12119,0.788,0.0000,0.0000,0.0000,,1
12120,0.845,0.7855,0.7850,0.0006,,1
12121,0.830,0.0000,0.0000,0.0000,,1
12122,0.833,0.0000,0.0000,0.0000,,1
12123,0.684,0.8025,0.7947,0.0079,,1
12124,0.560,0.0000,0.0000,0.0000,,1
12125,0.510,0.0000,0.0000,0.0000,,1
12126,0.815,0.8167,0.8132,0.0035,,1
12127,0.869,0.0000,0.0000,0.0000,,1
12128,0.786,0.0000,0.0000,0.0000,,1
12129,0.889,0.8322,0.8162,0.0160,,1
12133,0.474,0.0000,0.0000,0.0000,,1
12173,0.681,0.0000,0.0000,0.0000,,1
12174,0.616,0.7948,0.7792,0.0157,,1
12175,0.928,0.0000,0.0000,0.0000,,1
12176,0.881,0.0000,0.0000,0.0000,,1
12177,0.879,0.8204,0.8181,0.0023,,1
12178,0.900,0.0000,0.0000,0.0000,,1
12179,0.905,0.0000,0.0000,0.0000,,1
12180,0.884,0.7984,0.7974,0.0009,,1
12181,0.913,0.0000,0.0000,0.0000,,1
12182,0.889,0.0000,0.0000,0.0000,,1
12183,0.903,0.8106,0.7989,0.0117,,1
12184,0.794,0.0000,0.0000,0.0000,,1
12185,0.928,0.0000,0.0000,0.0000,,1
12186,0.950,0.8126,0.8015,0.0111,,1
12187,0.939,0.0000,0.0000,0.0000,,1
12188,0.567,0.0000,0.0000,0.0000,,1
12189,0.778,0.8426,0.8150,0.0276,,1
12190,0.894,0.0000,0.0000,0.0000,,1
12191,0.841,0.0000,0.0000,0.0000,,1
12192,0.763,0.8284,0.8282,0.0002,,1
12193,0.793,0.0000,0.0000,0.0000,,1
12194,0.876,0.0000,0.0000,0.0000,,1
12195,0.883,0.8251,0.8210,0.0041,,1
12196,0.837,0.0000,0.0000,0.0000,,1
12197,0.867,0.0000,0.0000,0.0000,,1
12198,0.882,0.8049,0.7889,0.0161,,1
12199,0.873,0.0000,0.0000,0.0000,,1
12200,0.761,0.0000,0.0000,0.0000,,1
12201,0.767,0.8351,0.8137,0.0214,,1
12202,0.828,0.0000,0.0000,0.0000,,1
12203,0.827,0.0000,0.0000,0.0000,,1
12204,0.793,0.8361,0.8312,0.0049,,1
12205,0.758,0.0000,0.0000,0.0000,,1
12206,0.741,0.0000,0.0000,0.0000,,1
12207,0.671,0.8290,0.8192,0.0098,,1
12208,0.704,0.0000,0.0000,0.0000,,1
12209,0.869,0.0000,0.0000,0.0000,,1
12210,0.803,0.8066,0.7768,0.0298,,1
12211,0.794,0.0000,0.0000,0.0000,,1
12212,0.852,0.0000,0.0000,0.0000,,1
12213,0.861,0.8249,0.8132,0.0117,,1
12214,0.865,0.0000,0.0000,0.0000,,1
12215,0.789,0.0000,0.0000,0.0000,,1
12216,0.763,0.8427,0.8115,0.0312,,1
12217,0.793,0.0000,0.0000,0.0000,,1
12218,0.801,0.0000,0.0000,0.0000,,1
12219,0.740,0.8404,0.8272,0.0132,,1
12220,0.760,0.0000,0.0000,0.0000,,1
12221,0.858,0.0000,0.0000,0.0000,,1
12222,0.720,0.8410,0.8303,0.0107,,1
12223,0.773,0.0000,0.0000,0.0000,,1
12224,0.923,0.0000,0.0000,0.0000,,1
12225,0.923,0.8411,0.8150,0.0261,,1
12226,0.819,0.0000,0.0000,0.0000,,1
12227,0.913,0.0000,0.0000,0.0000,,1
12228,0.703,0.7401,0.7367,0.0033,,1
12365,0.503,0.0000,0.0000,0.0000,,1
12375,0.531,0.7786,0.7782,0.0004,,1
12376,0.875,0.0000,0.0000,0.0000,,1
12378,0.451,0.8105,0.8075,0.0030,,1
12379,0.520,0.0000,0.0000,0.0000,,1
12451,0.512,0.0000,0.0000,0.0000,,1
12467,0.463,0.0000,0.0000,0.0000,,1
12486,0.611,0.8360,0.8251,0.0109,,1
12488,0.639,0.0000,0.0000,0.0000,,1
12489,0.654,0.8067,0.8027,0.0040,,1
12556,0.709,0.0000,0.0000,0.0000,,1
12557,0.632,0.0000,0.0000,0.0000,,1
12562,0.669,0.0000,0.0000,0.0000,,1
12563,0.696,0.0000,0.0000,0.0000,,1
12564,0.638,0.7855,0.7707,0.0147,,1
12565,0.584,0.0000,0.0000,0.0000,,1
12566,0.564,0.0000,0.0000,0.0000,,1
12567,0.497,0.7826,0.7730,0.0096,,1
12568,0.533,0.0000,0.0000,0.0000,,1
12569,0.721,0.0000,0.0000,0.0000,,1
12570,0.528,0.8144,0.7891,0.0253,,1
12571,0.510,0.0000,0.0000,0.0000,,1
12573,0.521,0.8133,0.7946,0.0187,,1
12574,0.562,0.0000,0.0000,0.0000,,1
12575,0.556,0.0000,0.0000,0.0000,,1
12576,0.571,0.8392,0.8304,0.0088,,1
12577,0.462,0.0000,0.0000,0.0000,,1
12578,0.542,0.0000,0.0000,0.0000,,1
12579,0.544,0.8002,0.7910,0.0092,,1
12614,0.592,0.0000,0.0000,0.0000,,1
12618,0.530,0.5901,0.5900,0.0001,,1
12619,0.537,0.0000,0.0000,0.0000,,1
12631,0.542,0.0000,0.0000,0.0000,,1
12632,0.875,0.0000,0.0000,0.0000,,1
12633,0.882,0.8199,0.7884,0.0315,,1
12634,0.847,0.0000,0.0000,0.0000,,1
12635,0.710,0.0000,0.0000,0.0000,,1
12637,0.487,0.0000,0.0000,0.0000,,1
12638,0.588,0.0000,0.0000,0.0000,,1
12639,0.520,0.8088,0.7669,0.0419,,1
12641,0.526,0.0000,0.0000,0.0000,,1
12643,0.591,0.0000,0.0000,0.0000,,1
12644,0.706,0.0000,0.0000,0.0000,,1
12645,0.609,0.8105,0.7704,0.0402,,1
12646,0.582,0.0000,0.0000,0.0000,,1
12647,0.888,0.0000,0.0000,0.0000,,1
12648,0.846,0.8321,0.8046,0.0274,,1
12649,0.874,0.0000,0.0000,0.0000,,1
12651,0.670,0.8179,0.7859,0.0321,,1
12652,0.547,0.0000,0.0000,0.0000,,1
12654,0.481,0.8140,0.7840,0.0300,,1
12656,0.502,0.0000,0.0000,0.0000,,1
12657,0.664,0.8373,0.7948,0.0425,,1
12658,0.632,0.0000,0.0000,0.0000,,1
12660,0.517,0.8046,0.7638,0.0408,,1
12661,0.451,0.0000,0.0000,0.0000,,1
12662,0.566,0.0000,0.0000,0.0000,,1
12663,0.563,0.8101,0.7802,0.0299,,1
12664,0.664,0.0000,0.0000,0.0000,,1
12665,0.519,0.0000,0.0000,0.0000,,1
12667,0.458,0.0000,0.0000,0.0000,,1
12669,0.499,0.8246,0.7852,0.0394,,1
12670,0.454,0.0000,0.0000,0.0000,,1
12674,0.497,0.0000,0.0000,0.0000,,1
12675,0.696,0.8270,0.8119,0.0150,,1
12675,0.454,0.7763,0.7711,0.0052,,1
12676,0.635,0.0000,0.0000,0.0000,,1
12677,0.723,0.0000,0.0000,0.0000,,1
12677,0.604,0.0000,0.0000,0.0000,,1
12678,0.769,0.8466,0.8224,0.0243,,1
12678,0.628,0.7644,0.7639,0.0005,,1
12679,0.801,0.0000,0.0000,0.0000,,1
12680,0.859,0.0000,0.0000,0.0000,,1
12681,0.898,0.8237,0.8005,0.0233,,1
12682,0.889,0.0000,0.0000,0.0000,,1
12683,0.820,0.0000,0.0000,0.0000,,1
12684,0.864,0.8582,0.8229,0.0352,,1
12685,0.882,0.0000,0.0000,0.0000,,1
12686,0.831,0.0000,0.0000,0.0000,,1
12687,0.835,0.8286,0.7995,0.0290,,1
12688,0.849,0.0000,0.0000,0.0000,,1
12689,0.880,0.0000,0.0000,0.0000,,1
12690,0.903,0.8367,0.8091,0.0276,,1
12691,0.872,0.0000,0.0000,0.0000,,1
12692,0.803,0.0000,0.0000,0.0000,,1
12693,0.778,0.8221,0.8054,0.0167,,1
12694,0.785,0.0000,0.0000,0.0000,,1
12695,0.716,0.0000,0.0000,0.0000,,1
12695,0.562,0.0000,0.0000,0.0000,,1
12696,0.842,0.8419,0.8093,0.0326,,1
12697,0.826,0.0000,0.0000,0.0000,,1
12698,0.856,0.0000,0.0000,0.0000,,1
12699,0.882,0.8423,0.8138,0.0285,,1
12700,0.906,0.0000,0.0000,0.0000,,1
12701,0.668,0.0000,0.0000,0.0000,,1
12702,0.750,0.8312,0.8087,0.0225,,1
12703,0.839,0.0000,0.0000,0.0000,,1
12704,0.830,0.0000,0.0000,0.0000,,1
12705,0.824,0.8279,0.8071,0.0208,,1
12706,0.861,0.0000,0.0000,0.0000,,1
12707,0.878,0.0000,0.0000,0.0000,,1
12708,0.866,0.8320,0.8161,0.0159,,1
12709,0.865,0.0000,0.0000,0.0000,,1
12710,0.824,0.0000,0.0000,0.0000,,1
12711,0.832,0.8435,0.8161,0.0274,,1
12712,0.870,0.0000,0.0000,0.0000,,1
12713,0.782,0.0000,0.0000,0.0000,,1
12714,0.714,0.8292,0.8091,0.0201,,1
12715,0.760,0.0000,0.0000,0.0000,,1
12716,0.640,0.0000,0.0000,0.0000,,1
12717,0.660,0.8523,0.8257,0.0266,,1
12717,0.474,0.7841,0.7799,0.0042,,1
12718,0.726,0.0000,0.0000,0.0000,,1
12718,0.562,0.0000,0.0000,0.0000,,1
12719,0.738,0.0000,0.0000,0.0000,,1
12720,0.722,0.8442,0.8174,0.0268,,1
12721,0.825,0.0000,0.0000,0.0000,,1
12722,0.736,0.0000,0.0000,0.0000,,1
12723,0.767,0.8511,0.8322,0.0189,,1
12724,0.769,0.0000,0.0000,0.0000,,1
12725,0.551,0.0000,0.0000,0.0000,,1
12726,0.683,0.8149,0.7966,0.0183,,1
12727,0.731,0.0000,0.0000,0.0000,,1
12728,0.702,0.0000,0.0000,0.0000,,1
12729,0.626,0.8469,0.8312,0.0156,,1
12730,0.610,0.0000,0.0000,0.0000,,1
12731,0.678,0.0000,0.0000,0.0000,,1
12732,0.776,0.8138,0.8123,0.0015,,1
12733,0.700,0.0000,0.0000,0.0000,,1
12734,0.765,0.0000,0.0000,0.0000,,1
12735,0.679,0.8301,0.8189,0.0113,,1
12736,0.745,0.0000,0.0000,0.0000,,1
12736,0.518,0.0000,0.0000,0.0000,,1
12737,0.667,0.0000,0.0000,0.0000,,1
12738,0.785,0.6988,0.6957,0.0031,,1
12739,0.622,0.0000,0.0000,0.0000,,1
13072,0.483,0.0000,0.0000,0.0000,,1
13083,0.845,0.7481,0.7452,0.0030,,1
13084,0.876,0.0000,0.0000,0.0000,,1
13092,0.628,0.7710,0.7593,0.0117,,1
13094,0.563,0.0000,0.0000,0.0000,,1
13101,0.482,0.7896,0.7805,0.0091,,1
13110,0.486,0.8102,0.7737,0.0364,,1
13111,0.634,0.0000,0.0000,0.0000,,1
13114,0.575,0.0000,0.0000,0.0000,,1
13115,0.831,0.0000,0.0000,0.0000,,1
13116,0.852,0.7393,0.7374,0.0019,,1
13117,0.466,0.0000,0.0000,0.0000,,1
13118,0.784,0.0000,0.0000,0.0000,,1
13119,0.928,0.8185,0.7976,0.0210,,1
13120,0.923,0.0000,0.0000,0.0000,,1
13121,0.969,0.0000,0.0000,0.0000,,1
13122,0.960,0.7855,0.7750,0.0106,,1
13123,0.883,0.0000,0.0000,0.0000,,1
13124,0.932,0.0000,0.0000,0.0000,,1
13125,0.934,0.8198,0.8006,0.0192,,1
13126,0.897,0.0000,0.0000,0.0000,,1
13127,0.955,0.0000,0.0000,0.0000,,1
13128,0.931,0.8071,0.7942,0.0129,,1
13129,0.944,0.0000,0.0000,0.0000,,1
13130,0.958,0.0000,0.0000,0.0000,,1
13131,0.958,0.7913,0.7851,0.0062,,1
13132,0.917,0.0000,0.0000,0.0000,,1
13133,0.960,0.0000,0.0000,0.0000,,1
13134,0.943,0.8092,0.8053,0.0039,,1
13135,0.941,0.0000,0.0000,0.0000,,1
13136,0.936,0.0000,0.0000,0.0000,,1
13137,0.947,0.7872,0.7761,0.0111,,1
13138,0.933,0.0000,0.0000,0.0000,,1
13139,0.949,0.0000,0.0000,0.0000,,1
13140,0.941,0.8409,0.8257,0.0151,,1
13141,0.948,0.0000,0.0000,0.0000,,1
13142,0.964,0.0000,0.0000,0.0000,,1
13143,0.966,0.8251,0.7974,0.0277,,1
13144,0.972,0.0000,0.0000,0.0000,,1
13145,0.977,0.0000,0.0000,0.0000,,1
13146,0.967,0.8324,0.8066,0.0258,,1
13147,0.965,0.0000,0.0000,0.0000,,1
13148,0.973,0.0000,0.0000,0.0000,,1
13149,0.974,0.8502,0.8286,0.0216,,1
13150,0.972,0.0000,0.0000,0.0000,,1
13151,0.979,0.0000,0.0000,0.0000,,1
13152,0.977,0.8468,0.8231,0.0237,,1
13153,0.977,0.0000,0.0000,0.0000,,1
13154,0.967,0.0000,0.0000,0.0000,,1
13155,0.963,0.8428,0.8293,0.0135,,1
13156,0.968,0.0000,0.0000,0.0000,,1
13157,0.968,0.0000,0.0000,0.0000,,1
13158,0.971,0.8503,0.8314,0.0189,,1
13159,0.973,0.0000,0.0000,0.0000,,1
13160,0.963,0.0000,0.0000,0.0000,,1
13161,0.962,0.8288,0.8277,0.0010,,1
13162,0.966,0.0000,0.0000,0.0000,,1
13163,0.978,0.0000,0.0000,0.0000,,1
13164,0.964,0.8147,0.8075,0.0071,,1
13165,0.924,0.0000,0.0000,0.0000,,1
13166,0.829,0.0000,0.0000,0.0000,,1
13167,0.850,0.8238,0.8145,0.0093,,1
13168,0.946,0.0000,0.0000,0.0000,,1
13169,0.972,0.0000,0.0000,0.0000,,1
13170,0.903,0.8246,0.7917,0.0330,,1
13171,0.836,0.0000,0.0000,0.0000,,1
13172,0.584,0.0000,0.0000,0.0000,,1
13174,0.853,0.0000,0.0000,0.0000,,1
13175,0.764,0.0000,0.0000,0.0000,,1
13176,0.665,0.7508,0.7362,0.0146,,1
13177,0.840,0.0000,0.0000,0.0000,,1
13178,0.479,0.0000,0.0000,0.0000,,1
13181,0.635,0.0000,0.0000,0.0000,,1
13182,0.510,0.7903,0.7706,0.0197,,1
13183,0.480,0.0000,0.0000,0.0000,,1
13188,0.452,0.7758,0.7737,0.0021,,1
13189,0.465,0.0000,0.0000,0.0000,,1
13190,0.618,0.0000,0.0000,0.0000,,1
13191,0.516,0.7613,0.7539,0.0074,,1
13192,0.543,0.0000,0.0000,0.0000,,1
13193,0.606,0.0000,0.0000,0.0000,,1
13194,0.733,0.7817,0.7631,0.0186,,1
13195,0.798,0.0000,0.0000,0.0000,,1
13196,0.473,0.0000,0.0000,0.0000,,1
13200,0.557,0.7867,0.7724,0.0143,,1
13201,0.646,0.0000,0.0000,0.0000,,1
13202,0.531,0.0000,0.0000,0.0000,,1
13203,0.584,0.7609,0.7490,0.0119,,1
13205,0.887,0.0000,0.0000,0.0000,,1
13208,0.668,0.0000,0.0000,0.0000,,1
13209,0.512,0.6986,0.6825,0.0161,,1
13210,0.452,0.0000,0.0000,0.0000,,1
13211,0.935,0.0000,0.0000,0.0000,,1
13212,0.874,0.7805,0.7635,0.0170,,1
13215,0.533,0.6167,0.6034,0.0133,,1
13216,0.544,0.0000,0.0000,0.0000,,1
13217,0.474,0.0000,0.0000,0.0000,,1
13218,0.543,0.5767,0.5690,0.0077,,1
13219,0.600,0.0000,0.0000,0.0000,,1
13220,0.623,0.0000,0.0000,0.0000,,1
13221,0.583,0.5577,0.5550,0.0027,,1
13222,0.527,0.0000,0.0000,0.0000,,1
62,0.487,0.0000,0.0000,0.0000,,1
63,0.312,0.7682,0.7426,0.0256,,1
64,0.439,0.0000,0.0000,0.0000,,1
66,0.302,0.7346,0.7180,0.0165,,1
67,0.666,0.0000,0.0000,0.0000,,1
72,0.351,0.7460,0.7314,0.0147,,1
73,0.467,0.0000,0.0000,0.0000,,1
74,0.569,0.0000,0.0000,0.0000,,1
75,0.646,0.7454,0.7350,0.0104,,1
76,0.609,0.0000,0.0000,0.0000,,1
77,0.501,0.0000,0.0000,0.0000,,1
78,0.332,0.7541,0.7412,0.0129,,1
81,0.379,0.7711,0.7589,0.0122,,1
82,0.300,0.0000,0.0000,0.0000,,1
83,0.272,0.0000,0.0000,0.0000,,1
84,0.347,0.7633,0.7610,0.0023,,1
85,0.374,0.0000,0.0000,0.0000,,1
86,0.373,0.0000,0.0000,0.0000,,1
87,0.401,0.7641,0.7634,0.0007,,1
88,0.454,0.0000,0.0000,0.0000,,1
89,0.433,0.0000,0.0000,0.0000,,1
90,0.401,0.7535,0.7496,0.0039,,1
91,0.364,0.0000,0.0000,0.0000,,1
92,0.325,0.0000,0.0000,0.0000,,1
103,0.423,0.0000,0.0000,0.0000,,1
104,0.402,0.0000,0.0000,0.0000,,1
105,0.780,0.7528,0.7514,0.0014,,1
106,0.675,0.0000,0.0000,0.0000,,1
107,0.601,0.0000,0.0000,0.0000,,1
111,0.350,0.8214,0.8092,0.0122,,1
115,0.299,0.0000,0.0000,0.0000,,1
118,0.413,0.0000,0.0000,0.0000,,1
120,0.413,0.7545,0.7499,0.0047,,1
122,0.650,0.0000,0.0000,0.0000,,1
123,0.670,0.7927,0.7925,0.0002,,1
124,0.865,0.0000,0.0000,0.0000,,1
125,0.891,0.0000,0.0000,0.0000,,1
126,0.817,0.7413,0.7381,0.0032,,1
127,0.705,0.0000,0.0000,0.0000,,1
128,0.890,0.0000,0.0000,0.0000,,1
129,0.958,0.7658,0.7638,0.0020,,1
130,0.977,0.0000,0.0000,0.0000,,1
131,0.986,0.0000,0.0000,0.0000,,1
132,0.982,0.7829,0.7789,0.0041,,1
133,0.961,0.0000,0.0000,0.0000,,1
134,0.917,0.0000,0.0000,0.0000,,1
135,0.866,0.7925,0.7694,0.0231,,1
136,0.895,0.0000,0.0000,0.0000,,1
137,0.844,0.0000,0.0000,0.0000,,1
138,0.908,0.8009,0.8000,0.0009,,1
139,0.926,0.0000,0.0000,0.0000,,1
140,0.975,0.0000,0.0000,0.0000,,1
141,0.979,0.8264,0.8242,0.0022,,1
142,0.991,0.0000,0.0000,0.0000,,1
143,0.986,0.0000,0.0000,0.0000,,1
144,0.989,0.8081,0.7956,0.0125,,1
145,0.988,0.0000,0.0000,0.0000,,1
146,0.988,0.0000,0.0000,0.0000,,1
147,0.984,0.7989,0.7974,0.0015,,1
148,0.979,0.0000,0.0000,0.0000,,1
149,0.976,0.0000,0.0000,0.0000,,1
150,0.977,0.8272,0.8050,0.0223,,1
151,0.972,0.0000,0.0000,0.0000,,1
152,0.973,0.0000,0.0000,0.0000,,1
153,0.968,0.8287,0.8187,0.0100,,1
154,0.973,0.0000,0.0000,0.0000,,1
155,0.956,0.0000,0.0000,0.0000,,1
156,0.960,0.8156,0.8052,0.0104,,1
157,0.967,0.0000,0.0000,0.0000,,1
158,0.977,0.0000,0.0000,0.0000,,1
159,0.971,0.8265,0.8222,0.0043,,1
160,0.973,0.0000,0.0000,0.0000,,1
161,0.974,0.0000,0.0000,0.0000,,1
162,0.969,0.8048,0.7965,0.0083,,1
163,0.976,0.0000,0.0000,0.0000,,1
164,0.969,0.0000,0.0000,0.0000,,1
165,0.930,0.7880,0.7877,0.0003,,1
166,0.926,0.0000,0.0000,0.0000,,1
167,0.974,0.0000,0.0000,0.0000,,1
168,0.973,0.8125,0.7883,0.0242,,1
169,0.969,0.0000,0.0000,0.0000,,1
170,0.950,0.0000,0.0000,0.0000,,1
171,0.936,0.8090,0.7861,0.0229,,1
172,0.932,0.0000,0.0000,0.0000,,1
173,0.946,0.0000,0.0000,0.0000,,1
174,0.957,0.8041,0.7879,0.0161,,1
175,0.945,0.0000,0.0000,0.0000,,1
176,0.931,0.0000,0.0000,0.0000,,1
177,0.901,0.8146,0.7979,0.0168,,1
178,0.885,0.0000,0.0000,0.0000,,1
179,0.938,0.0000,0.0000,0.0000,,1
180,0.941,0.8064,0.7920,0.0143,,1
181,0.930,0.0000,0.0000,0.0000,,1
182,0.886,0.0000,0.0000,0.0000,,1
183,0.932,0.7954,0.7856,0.0098,,1
184,0.921,0.0000,0.0000,0.0000,,1
185,0.941,0.0000,0.0000,0.0000,,1
186,0.931,0.8085,0.7990,0.0095,,1
187,0.918,0.0000,0.0000,0.0000,,1
188,0.946,0.0000,0.0000,0.0000,,1
189,0.950,0.8255,0.8052,0.0204,,1
190,0.945,0.0000,0.0000,0.0000,,1
191,0.941,0.0000,0.0000,0.0000,,1
192,0.948,0.8115,0.8010,0.0105,,1
193,0.949,0.0000,0.0000,0.0000,,1
194,0.959,0.0000,0.0000,0.0000,,1
195,0.959,0.8147,0.7917,0.0230,,1
196,0.963,0.0000,0.0000,0.0000,,1
197,0.914,0.0000,0.0000,0.0000,,1
198,0.943,0.7832,0.7641,0.0190,,1
199,0.950,0.0000,0.0000,0.0000,,1
200,0.862,0.0000,0.0000,0.0000,,1
201,0.890,0.7825,0.7758,0.0067,,1
202,0.904,0.0000,0.0000,0.0000,,1
203,0.874,0.0000,0.0000,0.0000,,1
204,0.861,0.8097,0.7970,0.0127,,1
205,0.775,0.0000,0.0000,0.0000,,1
206,0.318,0.0000,0.0000,0.0000,,1
206,0.294,0.0000,0.0000,0.0000,,1
207,0.418,0.5283,0.5058,0.0226,,1
207,0.293,0.7118,0.6965,0.0153,,1
208,0.708,0.0000,0.0000,0.0000,,1
208,0.477,0.0000,0.0000,0.0000,,1
209,0.743,0.0000,0.0000,0.0000,,1
209,0.371,0.0000,0.0000,0.0000,,1
210,0.567,0.7896,0.7845,0.0051,,1
210,0.378,0.5420,0.5397,0.0024,,1
211,0.412,0.0000,0.0000,0.0000,,1
211,0.291,0.0000,0.0000,0.0000,,1
212,0.848,0.0000,0.0000,0.0000,,1
213,0.905,0.8000,0.7945,0.0056,,1
214,0.906,0.0000,0.0000,0.0000,,1
215,0.805,0.0000,0.0000,0.0000,,1
216,0.729,0.7551,0.7544,0.0007,,1
217,0.645,0.0000,0.0000,0.0000,,1
218,0.543,0.0000,0.0000,0.0000,,1
219,0.665,0.7533,0.7449,0.0084,,1
220,0.647,0.0000,0.0000,0.0000,,1
221,0.670,0.0000,0.0000,0.0000,,1
222,0.572,0.8417,0.8062,0.0355,,1
223,0.488,0.0000,0.0000,0.0000,,1
224,0.734,0.0000,0.0000,0.0000,,1
225,0.792,0.8320,0.8046,0.0274,,1
226,0.783,0.0000,0.0000,0.0000,,1
226,0.483,0.0000,0.0000,0.0000,,1
227,0.754,0.0000,0.0000,0.0000,,1
228,0.799,0.8257,0.8102,0.0155,,1
229,0.784,0.0000,0.0000,0.0000,,1
230,0.712,0.0000,0.0000,0.0000,,1
230,0.260,0.0000,0.0000,0.0000,,1
231,0.802,0.7595,0.7561,0.0034,,1
232,0.752,0.0000,0.0000,0.0000,,1
233,0.764,0.0000,0.0000,0.0000,,1
234,0.720,0.7871,0.7682,0.0190,,1
235,0.606,0.0000,0.0000,0.0000,,1
236,0.605,0.0000,0.0000,0.0000,,1
237,0.576,0.7570,0.7408,0.0162,,1
238,0.647,0.0000,0.0000,0.0000,,1
239,0.520,0.0000,0.0000,0.0000,,1
240,0.499,0.7668,0.7584,0.0084,,1
241,0.582,0.0000,0.0000,0.0000,,1
242,0.505,0.0000,0.0000,0.0000,,1
243,0.486,0.7714,0.7534,0.0180,,1
244,0.530,0.0000,0.0000,0.0000,,1
245,0.666,0.0000,0.0000,0.0000,,1
246,0.588,0.7536,0.7499,0.0037,,1
247,0.618,0.0000,0.0000,0.0000,,1
248,0.470,0.0000,0.0000,0.0000,,1
249,0.454,0.7797,0.7682,0.0115,,1
250,0.428,0.0000,0.0000,0.0000,,1
251,0.531,0.0000,0.0000,0.0000,,1
252,0.552,0.7797,0.7780,0.0017,,1
253,0.622,0.0000,0.0000,0.0000,,1
254,0.729,0.0000,0.0000,0.0000,,1
255,0.700,0.7343,0.7264,0.0079,,1
256,0.778,0.0000,0.0000,0.0000,,1
257,0.738,0.0000,0.0000,0.0000,,1
258,0.830,0.7439,0.7354,0.0085,,1
259,0.824,0.0000,0.0000,0.0000,,1
260,0.755,0.0000,0.0000,0.0000,,1
261,0.727,0.7018,0.6838,0.0180,,1
262,0.770,0.0000,0.0000,0.0000,,1
263,0.785,0.0000,0.0000,0.0000,,1
264,0.773,0.7174,0.7056,0.0118,,1
265,0.753,0.0000,0.0000,0.0000,,1
266,0.763,0.0000,0.0000,0.0000,,1
267,0.580,0.7704,0.7672,0.0032,,1
268,0.689,0.0000,0.0000,0.0000,,1
269,0.622,0.0000,0.0000,0.0000,,1
270,0.565,0.7304,0.7299,0.0005,,1
271,0.651,0.0000,0.0000,0.0000,,1
272,0.729,0.0000,0.0000,0.0000,,1
273,0.704,0.7387,0.7354,0.0033,,1
274,0.450,0.0000,0.0000,0.0000,,1
275,0.469,0.0000,0.0000,0.0000,,1
276,0.628,0.7808,0.7546,0.0262,,1
277,0.720,0.0000,0.0000,0.0000,,1
278,0.892,0.0000,0.0000,0.0000,,1
279,0.891,0.7741,0.7601,0.0140,,1
280,0.902,0.0000,0.0000,0.0000,,1
281,0.974,0.0000,0.0000,0.0000,,1
282,0.978,0.8375,0.8233,0.0142,,1
283,0.975,0.0000,0.0000,0.0000,,1
284,0.954,0.0000,0.0000,0.0000,,1
285,0.939,0.8217,0.8111,0.0106,,1
286,0.929,0.0000,0.0000,0.0000,,1
287,0.926,0.0000,0.0000,0.0000,,1
288,0.942,0.8354,0.8313,0.0041,,1
289,0.935,0.0000,0.0000,0.0000,,1
290,0.936,0.0000,0.0000,0.0000,,1
291,0.961,0.8315,0.8313,0.0003,,1
292,0.955,0.0000,0.0000,0.0000,,1
293,0.896,0.0000,0.0000,0.0000,,1
294,0.873,0.8312,0.8016,0.0297,,1
295,0.914,0.0000,0.0000,0.0000,,1
296,0.924,0.0000,0.0000,0.0000,,1
297,0.930,0.8220,0.8083,0.0138,,1
298,0.920,0.0000,0.0000,0.0000,,1
299,0.890,0.0000,0.0000,0.0000,,1
300,0.803,0.7669,0.7570,0.0098,,1
301,0.668,0.0000,0.0000,0.0000,,1
302,0.415,0.0000,0.0000,0.0000,,1
303,0.503,0.7509,0.7484,0.0024,,1
304,0.390,0.0000,0.0000,0.0000,,1
308,0.336,0.0000,0.0000,0.0000,,1
330,0.347,0.7631,0.7616,0.0015,,1
332,0.368,0.0000,0.0000,0.0000,,1
333,0.432,0.7239,0.7162,0.0077,,1
334,0.696,0.0000,0.0000,0.0000,,1
335,0.841,0.0000,0.0000,0.0000,,1
336,0.868,0.7694,0.7523,0.0171,,1
337,0.834,0.0000,0.0000,0.0000,,1
338,0.615,0.0000,0.0000,0.0000,,1
339,0.535,0.7069,0.7043,0.0026,,1
340,0.489,0.0000,0.0000,0.0000,,1
341,0.273,0.0000,0.0000,0.0000,,1
342,0.421,0.7359,0.7310,0.0049,,1
343,0.295,0.0000,0.0000,0.0000,,1
344,0.357,0.0000,0.0000,0.0000,,1
345,0.451,0.7358,0.7270,0.0088,,1
346,0.430,0.0000,0.0000,0.0000,,1
352,0.258,0.0000,0.0000,0.0000,,1
353,0.278,0.0000,0.0000,0.0000,,1
354,0.439,0.7201,0.7199,0.0001,,1
355,0.337,0.0000,0.0000,0.0000,,1
363,0.252,0.5394,0.5278,0.0116,,1
403,0.302,0.0000,0.0000,0.0000,,1
413,0.469,0.0000,0.0000,0.0000,,1
414,0.442,0.7239,0.7226,0.0013,,1
415,0.418,0.0000,0.0000,0.0000,,1
433,0.322,0.0000,0.0000,0.0000,,1
449,0.418,0.0000,0.0000,0.0000,,1
466,0.267,0.0000,0.0000,0.0000,,1
497,0.403,0.0000,0.0000,0.0000,,1
498,0.384,0.7782,0.7615,0.0167,,1
499,0.584,0.0000,0.0000,0.0000,,1
500,0.357,0.0000,0.0000,0.0000,,1
501,0.285,0.7655,0.7467,0.0188,,1
502,0.429,0.0000,0.0000,0.0000,,1
503,0.267,0.0000,0.0000,0.0000,,1
513,0.266,0.7566,0.7455,0.0111,,1
514,0.449,0.0000,0.0000,0.0000,,1
515,0.749,0.0000,0.0000,0.0000,,1
516,0.686,0.7642,0.7457,0.0185,,1
517,0.701,0.0000,0.0000,0.0000,,1
518,0.719,0.0000,0.0000,0.0000,,1
519,0.686,0.7520,0.7466,0.0054,,1
520,0.702,0.0000,0.0000,0.0000,,1
521,0.721,0.0000,0.0000,0.0000,,1
522,0.729,0.7462,0.7385,0.0077,,1
523,0.758,0.0000,0.0000,0.0000,,1
524,0.704,0.0000,0.0000,0.0000,,1
525,0.709,0.7538,0.7369,0.0169,,1
526,0.699,0.0000,0.0000,0.0000,,1
527,0.726,0.0000,0.0000,0.0000,,1
528,0.733,0.7622,0.7591,0.0031,,1
529,0.738,0.0000,0.0000,0.0000,,1
530,0.721,0.0000,0.0000,0.0000,,1
531,0.737,0.7646,0.7550,0.0096,,1
532,0.652,0.0000,0.0000,0.0000,,1
533,0.717,0.0000,0.0000,0.0000,,1
534,0.618,0.7419,0.7337,0.0082,,1
535,0.666,0.0000,0.0000,0.0000,,1
536,0.684,0.0000,0.0000,0.0000,,1
537,0.686,0.7526,0.7435,0.0091,,1
538,0.643,0.0000,0.0000,0.0000,,1
539,0.599,0.0000,0.0000,0.0000,,1
540,0.642,0.7402,0.7212,0.0190,,1
541,0.609,0.0000,0.0000,0.0000,,1
542,0.619,0.0000,0.0000,0.0000,,1
543,0.677,0.7571,0.7506,0.0065,,1
544,0.668,0.0000,0.0000,0.0000,,1
545,0.673,0.0000,0.0000,0.0000,,1
546,0.629,0.7732,0.7719,0.0013,,1
547,0.663,0.0000,0.0000,0.0000,,1
548,0.707,0.0000,0.0000,0.0000,,1
549,0.704,0.7616,0.7460,0.0155,,1
550,0.707,0.0000,0.0000,0.0000,,1
551,0.639,0.0000,0.0000,0.0000,,1
552,0.659,0.7539,0.7491,0.0048,,1
553,0.621,0.0000,0.0000,0.0000,,1
554,0.645,0.0000,0.0000,0.0000,,1
555,0.636,0.7414,0.7368,0.0046,,1
556,0.662,0.0000,0.0000,0.0000,,1
557,0.633,0.0000,0.0000,0.0000,,1
558,0.688,0.7484,0.7479,0.0005,,1
559,0.685,0.0000,0.0000,0.0000,,1
560,0.683,0.0000,0.0000,0.0000,,1
561,0.701,0.7596,0.7528,0.0068,,1
562,0.682,0.0000,0.0000,0.0000,,1
563,0.594,0.0000,0.0000,0.0000,,1
564,0.638,0.7387,0.7335,0.0052,,1
565,0.711,0.0000,0.0000,0.0000,,1
566,0.613,0.0000,0.0000,0.0000,,1
567,0.632,0.7630,0.7592,0.0038,,1
568,0.618,0.0000,0.0000,0.0000,,1
569,0.660,0.0000,0.0000,0.0000,,1
570,0.669,0.7645,0.7555,0.0090,,1
571,0.687,0.0000,0.0000,0.0000,,1
572,0.658,0.0000,0.0000,0.0000,,1
573,0.685,0.7609,0.7598,0.0011,,1
574,0.663,0.0000,0.0000,0.0000,,1
575,0.606,0.0000,0.0000,0.0000,,1
576,0.653,0.7252,0.7214,0.0038,,1
577,0.685,0.0000,0.0000,0.0000,,1
578,0.400,0.0000,0.0000,0.0000,,1
604,0.506,0.0000,0.0000,0.0000,,1
605,0.795,0.0000,0.0000,0.0000,,1
606,0.469,0.7142,0.6977,0.0166,,1
607,0.322,0.0000,0.0000,0.0000,,1
609,0.615,0.6404,0.6313,0.0092,,1
610,0.355,0.0000,0.0000,0.0000,,1
617,0.261,0.0000,0.0000,0.0000,,1
619,0.701,0.0000,0.0000,0.0000,,1
620,0.872,0.0000,0.0000,0.0000,,1
621,0.794,0.7873,0.7806,0.0067,,1
622,0.815,0.0000,0.0000,0.0000,,1
623,0.415,0.0000,0.0000,0.0000,,1
624,0.893,0.7773,0.7588,0.0186,,1
625,0.811,0.0000,0.0000,0.0000,,1
626,0.928,0.0000,0.0000,0.0000,,1
627,0.920,0.7836,0.7642,0.0194,,1
628,0.931,0.0000,0.0000,0.0000,,1
629,0.929,0.0000,0.0000,0.0000,,1
630,0.940,0.8018,0.7797,0.0221,,1
631,0.934,0.0000,0.0000,0.0000,,1
632,0.964,0.0000,0.0000,0.0000,,1
633,0.944,0.8026,0.7826,0.0200,,1
634,0.828,0.0000,0.0000,0.0000,,1
635,0.658,0.0000,0.0000,0.0000,,1
636,0.734,0.7932,0.7634,0.0298,,1
637,0.813,0.0000,0.0000,0.0000,,1
638,0.868,0.0000,0.0000,0.0000,,1
638,0.585,0.0000,0.0000,0.0000,,1
639,0.886,0.8029,0.7834,0.0195,,1
639,0.400,0.7286,0.7214,0.0071,,1
640,0.892,0.0000,0.0000,0.0000,,1
640,0.375,0.0000,0.0000,0.0000,,1
641,0.892,0.0000,0.0000,0.0000,,1
642,0.871,0.7862,0.7577,0.0285,,1
643,0.933,0.0000,0.0000,0.0000,,1
643,0.394,0.0000,0.0000,0.0000,,1
644,0.949,0.0000,0.0000,0.0000,,1
644,0.712,0.0000,0.0000,0.0000,,1
645,0.947,0.7979,0.7828,0.0150,,1
645,0.714,0.7213,0.7142,0.0071,,1
646,0.928,0.0000,0.0000,0.0000,,1
646,0.671,0.0000,0.0000,0.0000,,1
647,0.919,0.0000,0.0000,0.0000,,1
647,0.688,0.0000,0.0000,0.0000,,1
648,0.902,0.8115,0.7882,0.0233,,1
648,0.409,0.7399,0.7280,0.0119,,1
649,0.901,0.0000,0.0000,0.0000,,1
649,0.375,0.0000,0.0000,0.0000,,1
650,0.903,0.0000,0.0000,0.0000,,1
650,0.646,0.0000,0.0000,0.0000,,1
651,0.897,0.8027,0.7865,0.0162,,1
651,0.612,0.7165,0.7057,0.0107,,1
652,0.896,0.0000,0.0000,0.0000,,1
652,0.602,0.0000,0.0000,0.0000,,1
653,0.883,0.0000,0.0000,0.0000,,1
654,0.870,0.7893,0.7688,0.0205,,1
655,0.887,0.0000,0.0000,0.0000,,1
656,0.838,0.0000,0.0000,0.0000,,1
657,0.868,0.7800,0.7620,0.0180,,1
658,0.833,0.0000,0.0000,0.0000,,1
659,0.821,0.0000,0.0000,0.0000,,1
660,0.850,0.7877,0.7672,0.0204,,1
660,0.284,0.7458,0.7324,0.0134,,1
661,0.820,0.0000,0.0000,0.0000,,1
662,0.843,0.0000,0.0000,0.0000,,1
662,0.439,0.0000,0.0000,0.0000,,1
663,0.317,0.8239,0.7946,0.0293,,1
665,0.981,0.0000,0.0000,0.0000,,1
666,0.966,0.8043,0.7893,0.0150,,1
667,0.974,0.0000,0.0000,0.0000,,1
668,0.984,0.0000,0.0000,0.0000,,1
669,0.990,0.7899,0.7853,0.0046,,1
670,0.986,0.0000,0.0000,0.0000,,1
671,0.982,0.0000,0.0000,0.0000,,1
672,0.977,0.7999,0.7812,0.0187,,1
673,0.969,0.0000,0.0000,0.0000,,1
674,0.981,0.0000,0.0000,0.0000,,1
675,0.975,0.7874,0.7541,0.0333,,1
676,0.974,0.0000,0.0000,0.0000,,1
677,0.981,0.0000,0.0000,0.0000,,1
678,0.976,0.7935,0.7735,0.0199,,1
679,0.971,0.0000,0.0000,0.0000,,1
680,0.958,0.0000,0.0000,0.0000,,1
681,0.952,0.7703,0.7609,0.0095,,1
682,0.950,0.0000,0.0000,0.0000,,1
683,0.963,0.0000,0.0000,0.0000,,1
684,0.963,0.7767,0.7577,0.0190,,1
685,0.965,0.0000,0.0000,0.0000,,1
686,0.949,0.0000,0.0000,0.0000,,1
687,0.958,0.7952,0.7760,0.0193,,1
688,0.946,0.0000,0.0000,0.0000,,1
689,0.957,0.0000,0.0000,0.0000,,1
690,0.957,0.7597,0.7521,0.0077,,1
691,0.952,0.0000,0.0000,0.0000,,1
692,0.942,0.0000,0.0000,0.0000,,1
693,0.893,0.8104,0.7932,0.0172,,1
693,0.402,0.7560,0.7453,0.0107,,1
694,0.799,0.0000,0.0000,0.0000,,1
694,0.060,0.0000,0.0000,0.0000,,1
695,0.884,0.0000,0.0000,0.0000,,1
696,0.878,0.8307,0.8113,0.0195,,1
696,0.053,0.7491,0.7367,0.0124,,1
697,0.858,0.0000,0.0000,0.0000,,1
697,0.052,0.0000,0.0000,0.0000,,1
698,0.937,0.0000,0.0000,0.0000,,1
699,0.913,0.8252,0.8188,0.0064,,1
700,0.761,0.0000,0.0000,0.0000,,1
701,0.832,0.0000,0.0000,0.0000,,1
702,0.912,0.8035,0.7977,0.0058,,1
703,0.934,0.0000,0.0000,0.0000,,1
704,0.941,0.0000,0.0000,0.0000,,1
705,0.919,0.8266,0.8042,0.0224,,1
706,0.866,0.0000,0.0000,0.0000,,1
707,0.850,0.0000,0.0000,0.0000,,1
708,0.807,0.8223,0.8184,0.0039,,1
709,0.862,0.0000,0.0000,0.0000,,1
710,0.723,0.0000,0.0000,0.0000,,1
710,0.262,0.0000,0.0000,0.0000,,1
711,0.552,0.8425,0.8267,0.0158,,1
711,0.239,0.7020,0.6884,0.0136,,1
712,0.590,0.0000,0.0000,0.0000,,1
712,0.202,0.0000,0.0000,0.0000,,1
713,0.681,0.0000,0.0000,0.0000,,1
713,0.193,0.0000,0.0000,0.0000,,1
714,0.744,0.8138,0.8073,0.0064,,1
714,0.177,0.7510,0.7500,0.0009,,1
715,0.701,0.0000,0.0000,0.0000,,1
715,0.178,0.0000,0.0000,0.0000,,1
716,0.695,0.0000,0.0000,0.0000,,1
716,0.201,0.0000,0.0000,0.0000,,1
717,0.668,0.8116,0.8072,0.0044,,1
717,0.196,0.7644,0.7567,0.0077,,1
718,0.626,0.0000,0.0000,0.0000,,1
718,0.210,0.0000,0.0000,0.0000,,1
719,0.818,0.0000,0.0000,0.0000,,1
720,0.966,0.8311,0.8267,0.0044,,1
721,0.956,0.0000,0.0000,0.0000,,1
722,0.915,0.0000,0.0000,0.0000,,1
722,0.068,0.0000,0.0000,0.0000,,1
723,0.913,0.8118,0.8079,0.0039,,1
724,0.947,0.0000,0.0000,0.0000,,1
725,0.928,0.0000,0.0000,0.0000,,1
726,0.902,0.8108,0.8016,0.0092,,1
727,0.914,0.0000,0.0000,0.0000,,1
728,0.926,0.0000,0.0000,0.0000,,1
729,0.922,0.8031,0.8026,0.0005,,1
730,0.857,0.0000,0.0000,0.0000,,1
730,0.088,0.0000,0.0000,0.0000,,1
731,0.896,0.0000,0.0000,0.0000,,1
732,0.941,0.8195,0.8023,0.0171,,1
733,0.946,0.0000,0.0000,0.0000,,1
734,0.909,0.0000,0.0000,0.0000,,1
734,0.072,0.0000,0.0000,0.0000,,1
735,0.936,0.8034,0.8030,0.0004,,1
736,0.949,0.0000,0.0000,0.0000,,1
737,0.950,0.0000,0.0000,0.0000,,1
738,0.938,0.7989,0.7956,0.0034,,1
739,0.932,0.0000,0.0000,0.0000,,1
740,0.914,0.0000,0.0000,0.0000,,1
741,0.914,0.8061,0.8041,0.0019,,1
742,0.901,0.0000,0.0000,0.0000,,1
743,0.846,0.0000,0.0000,0.0000,,1
743,0.066,0.0000,0.0000,0.0000,,1
744,0.856,0.8074,0.8062,0.0012,,1
744,0.065,0.7859,0.7735,0.0125,,1
745,0.850,0.0000,0.0000,0.0000,,1
745,0.062,0.0000,0.0000,0.0000,,1
746,0.869,0.0000,0.0000,0.0000,,1
747,0.852,0.7992,0.7953,0.0039,,1
747,0.061,0.7713,0.7642,0.0071,,1
748,0.792,0.0000,0.0000,0.0000,,1
748,0.060,0.0000,0.0000,0.0000,,1
749,0.844,0.0000,0.0000,0.0000,,1
749,0.058,0.0000,0.0000,0.0000,,1
750,0.850,0.8142,0.8063,0.0079,,1
750,0.074,0.7127,0.7057,0.0071,,1
751,0.876,0.0000,0.0000,0.0000,,1
751,0.071,0.0000,0.0000,0.0000,,1
752,0.860,0.0000,0.0000,0.0000,,1
752,0.052,0.0000,0.0000,0.0000,,1
753,0.906,0.8015,0.7939,0.0076,,1
754,0.858,0.0000,0.0000,0.0000,,1
754,0.051,0.0000,0.0000,0.0000,,1
755,0.853,0.0000,0.0000,0.0000,,1
756,0.902,0.7936,0.7837,0.0098,,1
757,0.898,0.0000,0.0000,0.0000,,1
758,0.872,0.0000,0.0000,0.0000,,1
759,0.466,0.7956,0.7898,0.0059,,1
760,0.367,0.0000,0.0000,0.0000,,1
761,0.696,0.0000,0.0000,0.0000,,1
761,0.119,0.0000,0.0000,0.0000,,1
762,0.704,0.7592,0.7480,0.0111,,1
762,0.092,0.7357,0.7237,0.0119,,1
763,0.539,0.0000,0.0000,0.0000,,1
763,0.237,0.0000,0.0000,0.0000,,1
763,0.057,0.0000,0.0000,0.0000,,1
764,0.116,0.0000,0.0000,0.0000,,1
765,0.118,0.7934,0.7870,0.0064,,1
766,0.396,0.0000,0.0000,0.0000,,1
767,0.426,0.0000,0.0000,0.0000,,1
768,0.271,0.7704,0.7674,0.0030,,1
769,0.144,0.0000,0.0000,0.0000,,1
769,0.054,0.0000,0.0000,0.0000,,1
770,0.340,0.0000,0.0000,0.0000,,1
771,0.552,0.7806,0.7731,0.0075,,1
772,0.179,0.0000,0.0000,0.0000,,1
773,0.765,0.0000,0.0000,0.0000,,1
774,0.723,0.6037,0.6015,0.0022,,1
775,0.457,0.0000,0.0000,0.0000,,1
775,0.060,0.0000,0.0000,0.0000,,1
776,0.177,0.0000,0.0000,0.0000,,1
776,0.140,0.0000,0.0000,0.0000,,1
777,0.364,0.6795,0.6694,0.0100,,1
777,0.056,0.6698,0.6634,0.0064,,1
778,0.535,0.0000,0.0000,0.0000,,1
779,0.283,0.0000,0.0000,0.0000,,1
779,0.125,0.0000,0.0000,0.0000,,1
780,0.464,0.7768,0.7619,0.0149,,1
781,0.790,0.0000,0.0000,0.0000,,1
782,0.797,0.0000,0.0000,0.0000,,1
783,0.847,0.7927,0.7872,0.0056,,1
784,0.865,0.0000,0.0000,0.0000,,1
785,0.808,0.0000,0.0000,0.0000,,1
786,0.786,0.8099,0.7957,0.0141,,1
787,0.838,0.0000,0.0000,0.0000,,1
788,0.897,0.0000,0.0000,0.0000,,1
789,0.859,0.7964,0.7943,0.0021,,1
790,0.713,0.0000,0.0000,0.0000,,1
791,0.901,0.0000,0.0000,0.0000,,1
792,0.921,0.7884,0.7875,0.0008,,1
793,0.800,0.0000,0.0000,0.0000,,1
794,0.814,0.0000,0.0000,0.0000,,1
795,0.458,0.8009,0.8009,0.0001,,1
796,0.496,0.0000,0.0000,0.0000,,1
797,0.564,0.0000,0.0000,0.0000,,1
798,0.863,0.7979,0.7825,0.0154,,1
799,0.709,0.0000,0.0000,0.0000,,1
800,0.586,0.0000,0.0000,0.0000,,1
801,0.627,0.7967,0.7896,0.0071,,1
802,0.775,0.0000,0.0000,0.0000,,1
803,0.915,0.0000,0.0000,0.0000,,1
804,0.923,0.8079,0.7927,0.0152,,1
805,0.920,0.0000,0.0000,0.0000,,1
806,0.933,0.0000,0.0000,0.0000,,1
807,0.919,0.8190,0.8095,0.0095,,1
808,0.901,0.0000,0.0000,0.0000,,1
809,0.908,0.0000,0.0000,0.0000,,1
810,0.908,0.8074,0.7940,0.0133,,1
811,0.918,0.0000,0.0000,0.0000,,1
812,0.892,0.0000,0.0000,0.0000,,1
813,0.890,0.7809,0.7773,0.0036,,1
814,0.907,0.0000,0.0000,0.0000,,1
815,0.924,0.0000,0.0000,0.0000,,1
816,0.899,0.8117,0.7977,0.0140,,1
817,0.874,0.0000,0.0000,0.0000,,1
818,0.920,0.0000,0.0000,0.0000,,1
819,0.910,0.8121,0.7991,0.0130,,1
820,0.902,0.0000,0.0000,0.0000,,1
821,0.847,0.0000,0.0000,0.0000,,1
822,0.875,0.8154,0.8070,0.0084,,1
823,0.870,0.0000,0.0000,0.0000,,1
824,0.819,0.0000,0.0000,0.0000,,1
825,0.784,0.7965,0.7862,0.0103,,1
826,0.784,0.0000,0.0000,0.0000,,1
827,0.828,0.0000,0.0000,0.0000,,1
828,0.854,0.8077,0.7935,0.0142,,1
829,0.862,0.0000,0.0000,0.0000,,1
830,0.900,0.0000,0.0000,0.0000,,1
831,0.901,0.8128,0.8028,0.0099,,1
832,0.905,0.0000,0.0000,0.0000,,1
833,0.914,0.0000,0.0000,0.0000,,1
835,0.903,0.0000,0.0000,0.0000,,1
836,0.944,0.0000,0.0000,0.0000,,1
837,0.936,0.8137,0.8121,0.0016,,1
838,0.932,0.0000,0.0000,0.0000,,1
839,0.928,0.0000,0.0000,0.0000,,1
855,0.938,0.8280,0.7798,0.0482,,1
858,0.927,0.8151,0.8000,0.0152,,1
859,0.973,0.0000,0.0000,0.0000,,1
861,0.944,0.8325,0.8315,0.0010,,1
862,0.962,0.0000,0.0000,0.0000,,1
863,0.933,0.0000,0.0000,0.0000,,1
864,0.924,0.8664,0.8448,0.0216,,1
865,0.941,0.0000,0.0000,0.0000,,1
866,0.939,0.0000,0.0000,0.0000,,1
867,0.934,0.8427,0.8423,0.0004,,1
868,0.924,0.0000,0.0000,0.0000,,1
869,0.943,0.0000,0.0000,0.0000,,1
870,0.944,0.8629,0.8537,0.0092,,1
871,0.938,0.0000,0.0000,0.0000,,1
872,0.961,0.0000,0.0000,0.0000,,1
873,0.960,0.8514,0.8477,0.0037,,1
874,0.966,0.0000,0.0000,0.0000,,1
875,0.955,0.0000,0.0000,0.0000,,1
876,0.952,0.8219,0.8059,0.0160,,1
877,0.943,0.0000,0.0000,0.0000,,1
878,0.945,0.0000,0.0000,0.0000,,1
879,0.947,0.8507,0.8348,0.0159,,1
880,0.943,0.0000,0.0000,0.0000,,1
881,0.941,0.0000,0.0000,0.0000,,1
882,0.948,0.8502,0.8238,0.0264,,1
883,0.940,0.0000,0.0000,0.0000,,1
884,0.935,0.0000,0.0000,0.0000,,1
885,0.939,0.8634,0.8431,0.0203,,1
886,0.954,0.0000,0.0000,0.0000,,1
887,0.947,0.0000,0.0000,0.0000,,1
888,0.950,0.8623,0.8403,0.0221,,1
889,0.958,0.0000,0.0000,0.0000,,1
890,0.947,0.0000,0.0000,0.0000,,1
891,0.950,0.8585,0.8321,0.0264,,1
892,0.949,0.0000,0.0000,0.0000,,1
893,0.953,0.0000,0.0000,0.0000,,1
894,0.953,0.8591,0.8529,0.0062,,1
895,0.959,0.0000,0.0000,0.0000,,1
896,0.953,0.0000,0.0000,0.0000,,1
897,0.957,0.8611,0.8414,0.0197,,1
898,0.947,0.0000,0.0000,0.0000,,1
899,0.953,0.0000,0.0000,0.0000,,1
900,0.955,0.8700,0.8505,0.0195,,1
901,0.952,0.0000,0.0000,0.0000,,1
902,0.958,0.0000,0.0000,0.0000,,1
903,0.954,0.8632,0.8487,0.0145,,1
904,0.956,0.0000,0.0000,0.0000,,1
905,0.956,0.0000,0.0000,0.0000,,1
906,0.955,0.8617,0.8485,0.0131,,1
907,0.961,0.0000,0.0000,0.0000,,1
908,0.960,0.0000,0.0000,0.0000,,1
909,0.955,0.8706,0.8537,0.0170,,1
910,0.955,0.0000,0.0000,0.0000,,1
911,0.961,0.0000,0.0000,0.0000,,1
912,0.965,0.8627,0.8400,0.0227,,1
913,0.969,0.0000,0.0000,0.0000,,1
914,0.950,0.0000,0.0000,0.0000,,1
915,0.953,0.8475,0.8445,0.0030,,1
916,0.956,0.0000,0.0000,0.0000,,1
917,0.955,0.0000,0.0000,0.0000,,1
918,0.973,0.8601,0.8546,0.0056,,1
919,0.975,0.0000,0.0000,0.0000,,1
920,0.974,0.0000,0.0000,0.0000,,1
921,0.963,0.8624,0.8454,0.0171,,1
922,0.959,0.0000,0.0000,0.0000,,1
923,0.948,0.0000,0.0000,0.0000,,1
924,0.946,0.8353,0.8321,0.0032,,1
925,0.946,0.0000,0.0000,0.0000,,1
926,0.952,0.0000,0.0000,0.0000,,1
927,0.955,0.8608,0.8589,0.0020,,1
928,0.961,0.0000,0.0000,0.0000,,1
929,0.967,0.0000,0.0000,0.0000,,1
930,0.964,0.8517,0.8413,0.0104,,1
931,0.968,0.0000,0.0000,0.0000,,1
932,0.963,0.0000,0.0000,0.0000,,1
933,0.967,0.8617,0.8607,0.0009,,1
934,0.968,0.0000,0.0000,0.0000,,1
935,0.967,0.0000,0.0000,0.0000,,1
936,0.967,0.8694,0.8513,0.0181,,1
937,0.966,0.0000,0.0000,0.0000,,1
938,0.969,0.0000,0.0000,0.0000,,1
939,0.965,0.8662,0.8578,0.0084,,1
940,0.965,0.0000,0.0000,0.0000,,1
941,0.967,0.0000,0.0000,0.0000,,1
942,0.969,0.8636,0.8624,0.0012,,1
943,0.968,0.0000,0.0000,0.0000,,1
944,0.964,0.0000,0.0000,0.0000,,1
945,0.963,0.8616,0.8535,0.0082,,1
946,0.959,0.0000,0.0000,0.0000,,1
947,0.961,0.0000,0.0000,0.0000,,1
948,0.958,0.8538,0.8389,0.0149,,1
949,0.964,0.0000,0.0000,0.0000,,1
950,0.973,0.0000,0.0000,0.0000,,1
951,0.973,0.8741,0.8641,0.0101,,1
952,0.968,0.0000,0.0000,0.0000,,1
953,0.972,0.0000,0.0000,0.0000,,1
954,0.965,0.8637,0.8605,0.0032,,1
955,0.965,0.0000,0.0000,0.0000,,1
956,0.957,0.0000,0.0000,0.0000,,1
957,0.953,0.8613,0.8547,0.0066,,1
958,0.962,0.0000,0.0000,0.0000,,1
959,0.969,0.0000,0.0000,0.0000,,1
960,0.963,0.8612,0.8605,0.0007,,1
961,0.963,0.0000,0.0000,0.0000,,1
962,0.962,0.0000,0.0000,0.0000,,1
963,0.958,0.8581,0.8540,0.0041,,1
964,0.965,0.0000,0.0000,0.0000,,1
965,0.951,0.0000,0.0000,0.0000,,1
966,0.961,0.8574,0.8428,0.0147,,1
967,0.960,0.0000,0.0000,0.0000,,1
968,0.961,0.0000,0.0000,0.0000,,1
969,0.961,0.8578,0.8413,0.0165,,1
970,0.956,0.0000,0.0000,0.0000,,1
971,0.964,0.0000,0.0000,0.0000,,1
972,0.957,0.8555,0.8458,0.0096,,1
973,0.959,0.0000,0.0000,0.0000,,1
974,0.962,0.0000,0.0000,0.0000,,1
975,0.966,0.8534,0.8513,0.0022,,1
976,0.965,0.0000,0.0000,0.0000,,1
977,0.962,0.0000,0.0000,0.0000,,1
978,0.963,0.8700,0.8622,0.0078,,1
979,0.970,0.0000,0.0000,0.0000,,1
980,0.966,0.0000,0.0000,0.0000,,1
981,0.968,0.8727,0.8558,0.0168,,1
982,0.969,0.0000,0.0000,0.0000,,1
983,0.965,0.0000,0.0000,0.0000,,1
984,0.966,0.8685,0.8591,0.0094,,1
985,0.968,0.0000,0.0000,0.0000,,1
986,0.971,0.0000,0.0000,0.0000,,1
987,0.971,0.8671,0.8552,0.0120,,1
988,0.968,0.0000,0.0000,0.0000,,1
989,0.969,0.0000,0.0000,0.0000,,1
990,0.968,0.8611,0.8529,0.0082,,1
991,0.970,0.0000,0.0000,0.0000,,1
992,0.976,0.0000,0.0000,0.0000,,1
993,0.971,0.8581,0.8349,0.0232,,1
994,0.970,0.0000,0.0000,0.0000,,1
995,0.970,0.0000,0.0000,0.0000,,1
996,0.972,0.8614,0.8527,0.0086,,1
997,0.975,0.0000,0.0000,0.0000,,1
998,0.970,0.0000,0.0000,0.0000,,1
999,0.969,0.8676,0.8393,0.0284,,1
1000,0.971,0.0000,0.0000,0.0000,,1
1001,0.972,0.0000,0.0000,0.0000,,1
1002,0.971,0.8612,0.8468,0.0143,,1
1003,0.973,0.0000,0.0000,0.0000,,1
1004,0.972,0.0000,0.0000,0.0000,,1
1005,0.959,0.8697,0.8485,0.0212,,1
1006,0.963,0.0000,0.0000,0.0000,,1
1007,0.967,0.0000,0.0000,0.0000,,1
1008,0.971,0.8499,0.8355,0.0144,,1
1009,0.974,0.0000,0.0000,0.0000,,1
1010,0.975,0.0000,0.0000,0.0000,,1
1011,0.969,0.8547,0.8407,0.0140,,1
1012,0.975,0.0000,0.0000,0.0000,,1
1013,0.977,0.0000,0.0000,0.0000,,1
1014,0.975,0.8556,0.8331,0.0225,,1
1015,0.976,0.0000,0.0000,0.0000,,1
1016,0.977,0.0000,0.0000,0.0000,,1
1017,0.978,0.8586,0.8453,0.0133,,1
1018,0.969,0.0000,0.0000,0.0000,,1
1019,0.974,0.0000,0.0000,0.0000,,1
1020,0.966,0.8527,0.8319,0.0208,,1
1021,0.967,0.0000,0.0000,0.0000,,1
1022,0.972,0.0000,0.0000,0.0000,,1
1023,0.972,0.8575,0.8438,0.0137,,1
1024,0.964,0.0000,0.0000,0.0000,,1
1025,0.970,0.0000,0.0000,0.0000,,1
1026,0.971,0.8534,0.8407,0.0127,,1
1027,0.968,0.0000,0.0000,0.0000,,1
1028,0.971,0.0000,0.0000,0.0000,,1
1029,0.970,0.8482,0.8461,0.0021,,1
1030,0.967,0.0000,0.0000,0.0000,,1
1031,0.969,0.0000,0.0000,0.0000,,1
1032,0.977,0.8639,0.8622,0.0016,,1
1033,0.976,0.0000,0.0000,0.0000,,1
1034,0.965,0.0000,0.0000,0.0000,,1
1035,0.983,0.8563,0.8173,0.0390,,1
1036,0.960,0.0000,0.0000,0.0000,,1
1037,0.946,0.0000,0.0000,0.0000,,1
1038,0.962,0.8560,0.8328,0.0231,,1
1039,0.961,0.0000,0.0000,0.0000,,1
1040,0.963,0.0000,0.0000,0.0000,,1
1041,0.966,0.8582,0.8391,0.0191,,1
1042,0.962,0.0000,0.0000,0.0000,,1
1043,0.959,0.0000,0.0000,0.0000,,1
1044,0.964,0.8373,0.8158,0.0215,,1
1045,0.955,0.0000,0.0000,0.0000,,1
1046,0.980,0.0000,0.0000,0.0000,,1
1047,0.981,0.8470,0.8265,0.0205,,1
1048,0.980,0.0000,0.0000,0.0000,,1
1049,0.974,0.0000,0.0000,0.0000,,1
1050,0.974,0.8331,0.8192,0.0138,,1
1051,0.967,0.0000,0.0000,0.0000,,1
1052,0.972,0.0000,0.0000,0.0000,,1
1053,0.986,0.8179,0.8146,0.0034,,1
1054,0.988,0.0000,0.0000,0.0000,,1
1055,0.989,0.0000,0.0000,0.0000,,1
1056,0.991,0.8114,0.8110,0.0004,,1
1057,0.990,0.0000,0.0000,0.0000,,1
1058,0.988,0.0000,0.0000,0.0000,,1
1059,0.986,0.8050,0.8021,0.0029,,1
1060,0.985,0.0000,0.0000,0.0000,,1
1061,0.987,0.0000,0.0000,0.0000,,1
1062,0.988,0.8187,0.8132,0.0055,,1
1063,0.988,0.0000,0.0000,0.0000,,1
1064,0.988,0.0000,0.0000,0.0000,,1
1065,0.988,0.8037,0.8000,0.0038,,1
1066,0.990,0.0000,0.0000,0.0000,,1
1067,0.991,0.0000,0.0000,0.0000,,1
1068,0.990,0.7997,0.7991,0.0006,,1
1069,0.991,0.0000,0.0000,0.0000,,1
1070,0.989,0.0000,0.0000,0.0000,,1
1071,0.988,0.8128,0.8094,0.0034,,1
1072,0.989,0.0000,0.0000,0.0000,,1
1073,0.990,0.0000,0.0000,0.0000,,1
1074,0.990,0.8179,0.8158,0.0022,,1
1075,0.989,0.0000,0.0000,0.0000,,1
1076,0.986,0.0000,0.0000,0.0000,,1
1077,0.986,0.8151,0.8121,0.0030,,1
1078,0.986,0.0000,0.0000,0.0000,,1
1079,0.987,0.0000,0.0000,0.0000,,1
1080,0.984,0.8201,0.8160,0.0041,,1
1081,0.986,0.0000,0.0000,0.0000,,1
1082,0.985,0.0000,0.0000,0.0000,,1
1083,0.988,0.8024,0.8023,0.0001,,1
1084,0.987,0.0000,0.0000,0.0000,,1
1085,0.989,0.0000,0.0000,0.0000,,1
1086,0.987,0.8167,0.8090,0.0076,,1
1087,0.987,0.0000,0.0000,0.0000,,1
1088,0.985,0.0000,0.0000,0.0000,,1
1089,0.986,0.8162,0.8094,0.0067,,1
1090,0.986,0.0000,0.0000,0.0000,,1
1091,0.989,0.0000,0.0000,0.0000,,1
1092,0.986,0.8249,0.8181,0.0068,,1
1093,0.986,0.0000,0.0000,0.0000,,1
1094,0.989,0.0000,0.0000,0.0000,,1
1095,0.988,0.8307,0.8268,0.0039,,1
1096,0.987,0.0000,0.0000,0.0000,,1
1097,0.987,0.0000,0.0000,0.0000,,1
1098,0.988,0.8198,0.8180,0.0018,,1
1099,0.988,0.0000,0.0000,0.0000,,1
1100,0.988,0.0000,0.0000,0.0000,,1
1101,0.986,0.8134,0.8061,0.0073,,1
1102,0.988,0.0000,0.0000,0.0000,,1
1103,0.988,0.0000,0.0000,0.0000,,1
1104,0.988,0.8180,0.8179,0.0001,,1
1105,0.989,0.0000,0.0000,0.0000,,1
1106,0.991,0.0000,0.0000,0.0000,,1
1107,0.989,0.8063,0.8056,0.0007,,1
1108,0.988,0.0000,0.0000,0.0000,,1
1109,0.986,0.0000,0.0000,0.0000,,1
1110,0.985,0.8278,0.8230,0.0049,,1
1111,0.986,0.0000,0.0000,0.0000,,1
1112,0.992,0.0000,0.0000,0.0000,,1
1113,0.991,0.8107,0.8023,0.0084,,1
1114,0.991,0.0000,0.0000,0.0000,,1
1115,0.989,0.0000,0.0000,0.0000,,1
1116,0.989,0.8172,0.8101,0.0071,,1
1117,0.988,0.0000,0.0000,0.0000,,1
1118,0.988,0.0000,0.0000,0.0000,,1
1119,0.990,0.8166,0.8149,0.0017,,1
1120,0.990,0.0000,0.0000,0.0000,,1
1121,0.989,0.0000,0.0000,0.0000,,1
1122,0.990,0.8220,0.8203,0.0017,,1
1123,0.990,0.0000,0.0000,0.0000,,1
1124,0.990,0.0000,0.0000,0.0000,,1
1125,0.990,0.8243,0.8143,0.0100,,1
1126,0.991,0.0000,0.0000,0.0000,,1
1127,0.988,0.0000,0.0000,0.0000,,1
1128,0.989,0.8072,0.8050,0.0022,,1
1129,0.988,0.0000,0.0000,0.0000,,1
1130,0.991,0.0000,0.0000,0.0000,,1
1131,0.990,0.8246,0.8228,0.0018,,1
1132,0.990,0.0000,0.0000,0.0000,,1
1133,0.989,0.0000,0.0000,0.0000,,1
1134,0.989,0.8238,0.8156,0.0082,,1
1135,0.990,0.0000,0.0000,0.0000,,1
1136,0.990,0.0000,0.0000,0.0000,,1
1137,0.990,0.8173,0.8113,0.0060,,1
1138,0.988,0.0000,0.0000,0.0000,,1
1139,0.989,0.0000,0.0000,0.0000,,1
1140,0.989,0.8282,0.8213,0.0069,,1
1141,0.989,0.0000,0.0000,0.0000,,1
1142,0.989,0.0000,0.0000,0.0000,,1
1143,0.990,0.8068,0.8042,0.0026,,1
1144,0.990,0.0000,0.0000,0.0000,,1
1145,0.989,0.0000,0.0000,0.0000,,1
1146,0.991,0.8285,0.8183,0.0102,,1
1147,0.991,0.0000,0.0000,0.0000,,1
1148,0.991,0.0000,0.0000,0.0000,,1
1149,0.991,0.8157,0.8114,0.0043,,1
1150,0.991,0.0000,0.0000,0.0000,,1
1151,0.991,0.0000,0.0000,0.0000,,1
1152,0.991,0.8172,0.8147,0.0025,,1
1153,0.989,0.0000,0.0000,0.0000,,1
1154,0.989,0.0000,0.0000,0.0000,,1
1155,0.988,0.8168,0.8098,0.0070,,1
1156,0.989,0.0000,0.0000,0.0000,,1
1157,0.980,0.0000,0.0000,0.0000,,1
1158,0.984,0.8436,0.8122,0.0314,,1
1159,0.985,0.0000,0.0000,0.0000,,1
1160,0.984,0.0000,0.0000,0.0000,,1
1161,0.977,0.8384,0.8353,0.0031,,1
1162,0.982,0.0000,0.0000,0.0000,,1
1163,0.976,0.0000,0.0000,0.0000,,1
1164,0.973,0.8184,0.8177,0.0007,,1
1165,0.974,0.0000,0.0000,0.0000,,1
1166,0.954,0.0000,0.0000,0.0000,,1
1167,0.961,0.8418,0.8210,0.0208,,1
1168,0.980,0.0000,0.0000,0.0000,,1
1169,0.958,0.0000,0.0000,0.0000,,1
1178,0.941,0.0000,0.0000,0.0000,,1
1179,0.959,0.8538,0.8480,0.0058,,1
1180,0.981,0.0000,0.0000,0.0000,,1
1205,0.922,0.0000,0.0000,0.0000,,1
1206,0.912,0.8211,0.7926,0.0286,,1
1212,0.903,0.8416,0.8170,0.0246,,1
1216,0.947,0.0000,0.0000,0.0000,,1
1217,0.959,0.0000,0.0000,0.0000,,1
1218,0.971,0.8328,0.8291,0.0037,,1
1219,0.964,0.0000,0.0000,0.0000,,1
1220,0.948,0.0000,0.0000,0.0000,,1
1221,0.936,0.8277,0.7934,0.0343,,1
1222,0.952,0.0000,0.0000,0.0000,,1
1223,0.955,0.0000,0.0000,0.0000,,1
1224,0.957,0.8210,0.8036,0.0175,,1
1225,0.964,0.0000,0.0000,0.0000,,1
1226,0.960,0.0000,0.0000,0.0000,,1
1227,0.956,0.8261,0.8061,0.0200,,1
1228,0.959,0.0000,0.0000,0.0000,,1
1229,0.966,0.0000,0.0000,0.0000,,1
1230,0.967,0.8352,0.8092,0.0260,,1
1231,0.974,0.0000,0.0000,0.0000,,1
1232,0.961,0.0000,0.0000,0.0000,,1
1233,0.969,0.8286,0.8023,0.0263,,1
1234,0.970,0.0000,0.0000,0.0000,,1
1235,0.966,0.0000,0.0000,0.0000,,1
1236,0.971,0.8262,0.8147,0.0114,,1
1237,0.968,0.0000,0.0000,0.0000,,1
1238,0.961,0.0000,0.0000,0.0000,,1
1239,0.950,0.8262,0.8045,0.0217,,1
1240,0.974,0.0000,0.0000,0.0000,,1
1241,0.967,0.0000,0.0000,0.0000,,1
1242,0.973,0.8289,0.8001,0.0288,,1
1243,0.976,0.0000,0.0000,0.0000,,1
1244,0.968,0.0000,0.0000,0.0000,,1
1245,0.976,0.8229,0.7933,0.0296,,1
1246,0.978,0.0000,0.0000,0.0000,,1
1247,0.982,0.0000,0.0000,0.0000,,1
1248,0.985,0.8124,0.7940,0.0184,,1
1249,0.982,0.0000,0.0000,0.0000,,1
1250,0.983,0.0000,0.0000,0.0000,,1
1251,0.983,0.8338,0.7980,0.0358,,1
1252,0.983,0.0000,0.0000,0.0000,,1
1253,0.981,0.0000,0.0000,0.0000,,1
1254,0.979,0.8405,0.8018,0.0387,,1
1255,0.979,0.0000,0.0000,0.0000,,1
1256,0.980,0.0000,0.0000,0.0000,,1
1257,0.977,0.8287,0.7967,0.0320,,1
1258,0.979,0.0000,0.0000,0.0000,,1
1259,0.980,0.0000,0.0000,0.0000,,1
1260,0.979,0.8375,0.8067,0.0308,,1
1261,0.982,0.0000,0.0000,0.0000,,1
1262,0.978,0.0000,0.0000,0.0000,,1
1263,0.978,0.8398,0.8040,0.0358,,1
1264,0.982,0.0000,0.0000,0.0000,,1
1265,0.982,0.0000,0.0000,0.0000,,1
1266,0.982,0.8348,0.8037,0.0311,,1
1267,0.978,0.0000,0.0000,0.0000,,1
1268,0.981,0.0000,0.0000,0.0000,,1
1269,0.982,0.8309,0.8003,0.0306,,1
1270,0.981,0.0000,0.0000,0.0000,,1
1271,0.980,0.0000,0.0000,0.0000,,1
1272,0.982,0.8326,0.7918,0.0408,,1
1273,0.980,0.0000,0.0000,0.0000,,1
1274,0.983,0.0000,0.0000,0.0000,,1
1275,0.981,0.8476,0.7999,0.0477,,1
1276,0.983,0.0000,0.0000,0.0000,,1
1277,0.984,0.0000,0.0000,0.0000,,1
1278,0.983,0.8433,0.8046,0.0388,,1
1279,0.980,0.0000,0.0000,0.0000,,1
1280,0.981,0.0000,0.0000,0.0000,,1
1281,0.983,0.8407,0.8112,0.0295,,1
1282,0.984,0.0000,0.0000,0.0000,,1
1283,0.980,0.0000,0.0000,0.0000,,1
1284,0.979,0.8268,0.7977,0.0292,,1
1285,0.978,0.0000,0.0000,0.0000,,1
1286,0.981,0.0000,0.0000,0.0000,,1
1287,0.978,0.8305,0.7930,0.0376,,1
1288,0.980,0.0000,0.0000,0.0000,,1
1289,0.954,0.0000,0.0000,0.0000,,1
1290,0.917,0.8253,0.7905,0.0347,,1
1790,0.956,0.0000,0.0000,0.0000,,1
1791,0.969,0.6181,0.6028,0.0152,,1
1792,0.989,0.0000,0.0000,0.0000,,1
1797,0.918,0.7435,0.7423,0.0012,,1
1798,0.932,0.0000,0.0000,0.0000,,1
1914,0.959,0.7369,0.7231,0.0138,,1
1915,0.942,0.0000,0.0000,0.0000,,1
1921,0.925,0.0000,0.0000,0.0000,,1
1924,0.940,0.0000,0.0000,0.0000,,1
1925,0.961,0.0000,0.0000,0.0000,,1
1926,0.961,0.7375,0.7332,0.0043,,1
1927,0.957,0.0000,0.0000,0.0000,,1
1928,0.958,0.0000,0.0000,0.0000,,1
1929,0.962,0.7956,0.7933,0.0023,,1
1930,0.952,0.0000,0.0000,0.0000,,1
1931,0.914,0.0000,0.0000,0.0000,,1
1932,0.908,0.7834,0.7801,0.0033,,1
2004,0.925,0.7778,0.7722,0.0056,,1
2007,0.915,0.7859,0.7792,0.0067,,1
2009,0.958,0.0000,0.0000,0.0000,,1
2010,0.947,0.7815,0.7766,0.0049,,1
2025,0.915,0.7784,0.7729,0.0055,,1
2026,0.922,0.0000,0.0000,0.0000,,1
2027,0.955,0.0000,0.0000,0.0000,,1
2028,0.972,0.7821,0.7808,0.0013,,1
2029,0.931,0.0000,0.0000,0.0000,,1
2030,0.965,0.0000,0.0000,0.0000,,1
2031,0.957,0.7654,0.7617,0.0036,,1
2032,0.961,0.0000,0.0000,0.0000,,1
2033,0.957,0.0000,0.0000,0.0000,,1
2034,0.939,0.7948,0.7918,0.0030,,1
2035,0.943,0.0000,0.0000,0.0000,,1
2037,0.912,0.8119,0.7989,0.0130,,1
2050,0.902,0.0000,0.0000,0.0000,,1
2051,0.936,0.0000,0.0000,0.0000,,1
2052,0.958,0.7929,0.7805,0.0124,,1
2053,0.952,0.0000,0.0000,0.0000,,1
2054,0.921,0.0000,0.0000,0.0000,,1
2055,0.904,0.7940,0.7796,0.0144,,1
2056,0.908,0.0000,0.0000,0.0000,,1
2100,0.935,0.7925,0.7833,0.0092,,1
2107,0.905,0.0000,0.0000,0.0000,,1
2210,0.954,0.0000,0.0000,0.0000,,1
2211,0.961,0.7835,0.7632,0.0203,,1
2212,0.943,0.0000,0.0000,0.0000,,1
2213,0.969,0.0000,0.0000,0.0000,,1
2214,0.987,0.8086,0.7867,0.0219,,1
2215,0.990,0.0000,0.0000,0.0000,,1
2216,0.987,0.0000,0.0000,0.0000,,1
2217,0.983,0.8119,0.7919,0.0200,,1
2218,0.984,0.0000,0.0000,0.0000,,1
2219,0.987,0.0000,0.0000,0.0000,,1
2220,0.945,0.7997,0.7887,0.0110,,1
2241,0.960,0.7527,0.7429,0.0098,,1
2242,0.972,0.0000,0.0000,0.0000,,1
2253,0.903,0.7920,0.7505,0.0415,,1
2255,0.956,0.0000,0.0000,0.0000,,1
2256,0.940,0.8092,0.7663,0.0429,,1
2257,0.976,0.0000,0.0000,0.0000,,1
2287,0.927,0.0000,0.0000,0.0000,,1
2288,0.960,0.0000,0.0000,0.0000,,1
2292,0.901,0.8099,0.7846,0.0254,,1
2294,0.913,0.0000,0.0000,0.0000,,1
2296,0.931,0.0000,0.0000,0.0000,,1
2299,0.923,0.0000,0.0000,0.0000,,1
2302,0.928,0.0000,0.0000,0.0000,,1
2336,0.907,0.0000,0.0000,0.0000,,1
2337,0.904,0.8033,0.7775,0.0258,,1
2338,0.933,0.0000,0.0000,0.0000,,1
2339,0.902,0.0000,0.0000,0.0000,,1
2340,0.913,0.7813,0.7438,0.0374,,1
2352,0.957,0.7389,0.7118,0.0271,,1
2353,0.906,0.0000,0.0000,0.0000,,1
21,0.302,0.5109,0.5003,0.0106,,1
45,0.474,0.5899,0.5569,0.0330,,1
47,0.541,0.0000,0.0000,0.0000,,1
48,0.357,0.5989,0.5744,0.0245,,1
49,0.299,0.0000,0.0000,0.0000,,1
55,0.302,0.0000,0.0000,0.0000,,1
56,0.349,0.0000,0.0000,0.0000,,1
57,0.360,0.5622,0.5502,0.0120,,1
58,0.328,0.0000,0.0000,0.0000,,1
59,0.410,0.0000,0.0000,0.0000,,1
60,0.285,0.5603,0.5344,0.0260,,1
75,0.578,0.5598,0.5490,0.0108,,1
248,0.309,0.0000,0.0000,0.0000,,1
299,0.500,0.0000,0.0000,0.0000,,1
300,0.337,0.6096,0.5781,0.0315,,1
301,0.305,0.0000,0.0000,0.0000,,1
313,0.264,0.0000,0.0000,0.0000,,1
320,0.523,0.0000,0.0000,0.0000,,1
321,0.392,0.5557,0.5323,0.0233,,1
322,0.331,0.0000,0.0000,0.0000,,1
323,0.354,0.0000,0.0000,0.0000,,1
324,0.358,0.5908,0.5563,0.0345,,1
325,0.269,0.0000,0.0000,0.0000,,1
326,0.251,0.0000,0.0000,0.0000,,1
328,0.279,0.0000,0.0000,0.0000,,1
332,0.263,0.0000,0.0000,0.0000,,1
337,0.296,0.0000,0.0000,0.0000,,1
338,0.545,0.0000,0.0000,0.0000,,1
339,0.485,0.5458,0.5126,0.0333,,1
340,0.524,0.0000,0.0000,0.0000,,1
341,0.847,0.0000,0.0000,0.0000,,1
342,0.786,0.6071,0.5828,0.0243,,1
343,0.801,0.0000,0.0000,0.0000,,1
344,0.639,0.0000,0.0000,0.0000,,1
345,0.772,0.5893,0.5654,0.0239,,1
346,0.834,0.0000,0.0000,0.0000,,1
347,0.846,0.0000,0.0000,0.0000,,1
348,0.796,0.6078,0.5729,0.0349,,1
349,0.658,0.0000,0.0000,0.0000,,1
350,0.747,0.0000,0.0000,0.0000,,1
351,0.684,0.5717,0.5432,0.0285,,1
352,0.736,0.0000,0.0000,0.0000,,1
353,0.754,0.0000,0.0000,0.0000,,1
354,0.777,0.5862,0.5550,0.0312,,1
355,0.752,0.0000,0.0000,0.0000,,1
356,0.715,0.0000,0.0000,0.0000,,1
357,0.712,0.6042,0.5739,0.0303,,1
358,0.770,0.0000,0.0000,0.0000,,1
359,0.717,0.0000,0.0000,0.0000,,1
360,0.486,0.5579,0.5285,0.0294,,1
362,0.419,0.0000,0.0000,0.0000,,1
363,0.370,0.5779,0.5657,0.0123,,1
367,0.486,0.0000,0.0000,0.0000,,1
368,0.427,0.0000,0.0000,0.0000,,1
369,0.317,0.5882,0.5635,0.0247,,1
370,0.379,0.0000,0.0000,0.0000,,1
371,0.264,0.0000,0.0000,0.0000,,1
376,0.252,0.0000,0.0000,0.0000,,1
377,0.301,0.0000,0.0000,0.0000,,1
378,0.300,0.5649,0.5425,0.0224,,1
379,0.320,0.0000,0.0000,0.0000,,1
411,0.379,0.6252,0.5989,0.0263,,1
412,0.438,0.0000,0.0000,0.0000,,1
413,0.258,0.0000,0.0000,0.0000,,1
426,0.265,0.5764,0.5451,0.0313,,1
430,0.281,0.0000,0.0000,0.0000,,1
431,0.349,0.0000,0.0000,0.0000,,1
432,0.390,0.5913,0.5744,0.0169,,1
434,0.259,0.0000,0.0000,0.0000,,1
435,0.465,0.6045,0.5858,0.0187,,1
436,0.424,0.0000,0.0000,0.0000,,1
437,0.302,0.0000,0.0000,0.0000,,1
438,0.403,0.5942,0.5706,0.0236,,1
439,0.416,0.0000,0.0000,0.0000,,1
440,0.412,0.0000,0.0000,0.0000,,1
441,0.329,0.6032,0.5897,0.0135,,1
442,0.442,0.0000,0.0000,0.0000,,1
443,0.410,0.0000,0.0000,0.0000,,1
444,0.374,0.6157,0.6031,0.0126,,1
445,0.329,0.0000,0.0000,0.0000,,1
452,0.339,0.0000,0.0000,0.0000,,1
453,0.424,0.5657,0.5489,0.0168,,1
1,0.624,0.0000,0.0000,0.0000,,1
2,0.597,0.0000,0.0000,0.0000,,1
3,0.554,0.5436,0.5246,0.0190,,1
4,0.481,0.0000,0.0000,0.0000,,1
5,0.381,0.0000,0.0000,0.0000,,1
6,0.413,0.5667,0.5441,0.0226,,1
7,0.430,0.0000,0.0000,0.0000,,1
8,0.426,0.0000,0.0000,0.0000,,1
9,0.452,0.5988,0.5824,0.0164,,1
10,0.467,0.0000,0.0000,0.0000,,1
11,0.449,0.0000,0.0000,0.0000,,1
12,0.415,0.5905,0.5840,0.0065,,1
13,0.406,0.0000,0.0000,0.0000,,1
14,0.458,0.0000,0.0000,0.0000,,1
15,0.507,0.5951,0.5871,0.0080,,1
16,0.512,0.0000,0.0000,0.0000,,1
17,0.449,0.0000,0.0000,0.0000,,1
18,0.396,0.6047,0.5870,0.0177,,1
19,0.350,0.0000,0.0000,0.0000,,1
20,0.292,0.0000,0.0000,0.0000,,1
21,0.326,0.6186,0.5941,0.0245,,1
22,0.309,0.0000,0.0000,0.0000,,1
23,0.303,0.0000,0.0000,0.0000,,1
24,0.356,0.5813,0.5653,0.0159,,1
25,0.276,0.0000,0.0000,0.0000,,1
26,0.309,0.0000,0.0000,0.0000,,1
27,0.256,0.6421,0.6151,0.0270,,1
28,0.254,0.0000,0.0000,0.0000,,1
29,0.258,0.0000,0.0000,0.0000,,1
30,0.305,0.5883,0.5775,0.0108,,1
31,0.312,0.0000,0.0000,0.0000,,1
32,0.289,0.0000,0.0000,0.0000,,1
33,0.283,0.6415,0.6190,0.0225,,1
34,0.286,0.0000,0.0000,0.0000,,1
35,0.252,0.0000,0.0000,0.0000,,1
36,0.280,0.6364,0.6187,0.0177,,1
37,0.258,0.0000,0.0000,0.0000,,1
38,0.254,0.0000,0.0000,0.0000,,1
42,0.294,0.6014,0.5865,0.0149,,1
43,0.351,0.0000,0.0000,0.0000,,1
44,0.526,0.0000,0.0000,0.0000,,1
45,0.445,0.6202,0.5950,0.0251,,1
46,0.424,0.0000,0.0000,0.0000,,1
47,0.439,0.0000,0.0000,0.0000,,1
48,0.320,0.6294,0.6083,0.0211,,1
49,0.298,0.0000,0.0000,0.0000,,1
51,0.307,0.5912,0.5654,0.0258,,1
52,0.305,0.0000,0.0000,0.0000,,1
53,0.331,0.0000,0.0000,0.0000,,1
54,0.325,0.6122,0.5960,0.0162,,1
55,0.331,0.0000,0.0000,0.0000,,1
56,0.335,0.0000,0.0000,0.0000,,1
57,0.333,0.6042,0.5743,0.0300,,1
58,0.303,0.0000,0.0000,0.0000,,1
59,0.396,0.0000,0.0000,0.0000,,1
60,0.403,0.5992,0.5771,0.0221,,1
61,0.367,0.0000,0.0000,0.0000,,1
62,0.315,0.0000,0.0000,0.0000,,1
63,0.316,0.6414,0.5994,0.0420,,1
64,0.320,0.0000,0.0000,0.0000,,1
65,0.399,0.0000,0.0000,0.0000,,1
66,0.340,0.6230,0.6081,0.0150,,1
67,0.504,0.0000,0.0000,0.0000,,1
68,0.362,0.0000,0.0000,0.0000,,1
69,0.255,0.6249,0.5969,0.0279,,1
70,0.322,0.0000,0.0000,0.0000,,1
71,0.331,0.0000,0.0000,0.0000,,1
74,0.321,0.0000,0.0000,0.0000,,1
75,0.264,0.6168,0.6017,0.0151,,1
76,0.266,0.0000,0.0000,0.0000,,1
77,0.281,0.0000,0.0000,0.0000,,1
78,0.250,0.6093,0.5894,0.0199,,1
81,0.288,0.5897,0.5778,0.0119,,1
82,0.265,0.0000,0.0000,0.0000,,1
84,0.260,0.6329,0.6093,0.0235,,1
90,0.324,0.6107,0.5941,0.0166,,1
91,0.456,0.0000,0.0000,0.0000,,1
92,0.315,0.0000,0.0000,0.0000,,1
93,0.316,0.6073,0.5881,0.0192,,1
94,0.344,0.0000,0.0000,0.0000,,1
95,0.332,0.0000,0.0000,0.0000,,1
96,0.352,0.6307,0.6090,0.0216,,1
97,0.338,0.0000,0.0000,0.0000,,1
98,0.288,0.0000,0.0000,0.0000,,1
99,0.339,0.6219,0.5876,0.0343,,1
100,0.321,0.0000,0.0000,0.0000,,1
101,0.372,0.0000,0.0000,0.0000,,1
102,0.381,0.6229,0.5965,0.0263,,1
103,0.343,0.0000,0.0000,0.0000,,1
104,0.302,0.0000,0.0000,0.0000,,1
105,0.274,0.6628,0.6373,0.0256,,1
106,0.335,0.0000,0.0000,0.0000,,1
107,0.311,0.0000,0.0000,0.0000,,1
108,0.309,0.5862,0.5667,0.0195,,1
109,0.293,0.0000,0.0000,0.0000,,1
110,0.268,0.0000,0.0000,0.0000,,1
111,0.280,0.6036,0.5867,0.0169,,1
1,0.498,0.0000,0.0000,0.0000,,1
2,0.454,0.0000,0.0000,0.0000,,1
3,0.454,0.6438,0.6307,0.0131,,1
4,0.465,0.0000,0.0000,0.0000,,1
5,0.404,0.0000,0.0000,0.0000,,1
6,0.434,0.6418,0.6313,0.0104,,1
7,0.370,0.0000,0.0000,0.0000,,1
8,0.358,0.0000,0.0000,0.0000,,1
9,0.313,0.6449,0.6297,0.0152,,1
10,0.359,0.0000,0.0000,0.0000,,1
11,0.351,0.0000,0.0000,0.0000,,1
12,0.327,0.6407,0.6276,0.0131,,1
13,0.424,0.0000,0.0000,0.0000,,1
14,0.346,0.0000,0.0000,0.0000,,1
16,0.437,0.0000,0.0000,0.0000,,1
17,0.423,0.0000,0.0000,0.0000,,1
18,0.290,0.6509,0.6311,0.0198,,1
43,0.325,0.0000,0.0000,0.0000,,1
46,0.343,0.0000,0.0000,0.0000,,1
47,0.329,0.0000,0.0000,0.0000,,1
50,0.277,0.0000,0.0000,0.0000,,1
98,0.253,0.0000,0.0000,0.0000,,1
99,0.294,0.5343,0.5123,0.0220,,1
100,0.258,0.0000,0.0000,0.0000,,1
101,0.289,0.0000,0.0000,0.0000,,1
101,0.259,0.0000,0.0000,0.0000,,1
194,0.261,0.0000,0.0000,0.0000,,1
207,0.252,0.5474,0.5368,0.0107,,1
208,0.251,0.0000,0.0000,0.0000,,1
210,0.252,0.5481,0.5406,0.0075,,1
211,0.255,0.0000,0.0000,0.0000,,1
212,0.260,0.0000,0.0000,0.0000,,1
213,0.279,0.5519,0.5489,0.0030,,1
214,0.297,0.0000,0.0000,0.0000,,1
229,0.267,0.0000,0.0000,0.0000,,1
38,0.261,0.0000,0.0000,0.0000,,1
53,0.252,0.0000,0.0000,0.0000,,1
106,0.261,0.0000,0.0000,0.0000,,1
239,0.264,0.0000,0.0000,0.0000,,1
240,0.272,0.5450,0.5384,0.0066,,1
2,0.275,0.0000,0.0000,0.0000,,1
3,0.260,0.5754,0.5664,0.0090,,1
4,0.259,0.0000,0.0000,0.0000,,1
5,0.271,0.0000,0.0000,0.0000,,1
6,0.252,0.5657,0.5548,0.0109,,1
8,0.266,0.0000,0.0000,0.0000,,1
9,0.256,0.5616,0.5578,0.0038,,1
32,0.250,0.0000,0.0000,0.0000,,1
36,0.256,0.5420,0.5388,0.0032,,1
37,0.269,0.0000,0.0000,0.0000,,1
55,0.254,0.0000,0.0000,0.0000,,1
56,0.276,0.0000,0.0000,0.0000,,1
57,0.299,0.5578,0.5516,0.0062,,1
58,0.309,0.0000,0.0000,0.0000,,1
59,0.310,0.0000,0.0000,0.0000,,1
60,0.325,0.5414,0.5260,0.0154,,1
61,0.252,0.0000,0.0000,0.0000,,1
62,0.267,0.0000,0.0000,0.0000,,1
63,0.297,0.5552,0.5531,0.0021,,1
64,0.304,0.0000,0.0000,0.0000,,1
69,0.276,0.5573,0.5493,0.0080,,1
79,0.260,0.0000,0.0000,0.0000,,1
80,0.308,0.0000,0.0000,0.0000,,1
57,0.255,0.5440,0.5381,0.0059,,1
66,0.254,0.5430,0.5243,0.0187,,1
72,0.265,0.5509,0.5418,0.0091,,1
73,0.264,0.0000,0.0000,0.0000,,1
76,0.252,0.0000,0.0000,0.0000,,1
80,0.266,0.0000,0.0000,0.0000,,1
83,0.255,0.0000,0.0000,0.0000,,1
85,0.251,0.0000,0.0000,0.0000,,1
86,0.260,0.0000,0.0000,0.0000,,1
87,0.259,0.5478,0.5331,0.0147,,1
88,0.267,0.0000,0.0000,0.0000,,1
126,0.254,0.5421,0.5416,0.0005,,1
131,0.254,0.0000,0.0000,0.0000,,1
154,0.253,0.0000,0.0000,0.0000,,1
2,0.270,0.0000,0.0000,0.0000,,1
1,0.400,0.0000,0.0000,0.0000,,1
2,0.463,0.0000,0.0000,0.0000,,1
3,0.393,0.5757,0.5647,0.0110,,1
4,0.480,0.0000,0.0000,0.0000,,1
5,0.379,0.0000,0.0000,0.0000,,1
6,0.411,0.5593,0.5518,0.0075,,1
7,0.524,0.0000,0.0000,0.0000,,1
8,0.468,0.0000,0.0000,0.0000,,1
9,0.481,0.5751,0.5650,0.0100,,1
10,0.426,0.0000,0.0000,0.0000,,1
11,0.423,0.0000,0.0000,0.0000,,1
12,0.368,0.5728,0.5686,0.0042,,1
13,0.414,0.0000,0.0000,0.0000,,1
14,0.456,0.0000,0.0000,0.0000,,1
15,0.593,0.5800,0.5750,0.0051,,1
16,0.530,0.0000,0.0000,0.0000,,1
51,0.357,0.5745,0.5495,0.0250,,1
68,0.275,0.0000,0.0000,0.0000,,1
84,0.260,0.5675,0.5528,0.0146,,1
85,0.252,0.0000,0.0000,0.0000,,1
87,0.317,0.5833,0.5693,0.0140,,1
104,0.359,0.0000,0.0000,0.0000,,1
106,0.411,0.0000,0.0000,0.0000,,1
107,0.285,0.0000,0.0000,0.0000,,1
108,0.329,0.7190,0.6990,0.0200,,1
109,0.329,0.0000,0.0000,0.0000,,1
110,0.376,0.0000,0.0000,0.0000,,1
111,0.279,0.7392,0.7241,0.0151,,1
112,0.437,0.0000,0.0000,0.0000,,1
113,0.720,0.0000,0.0000,0.0000,,1
114,0.573,0.7212,0.7092,0.0120,,1
115,0.552,0.0000,0.0000,0.0000,,1
116,0.371,0.0000,0.0000,0.0000,,1
117,0.332,0.7161,0.7071,0.0090,,1
118,0.372,0.0000,0.0000,0.0000,,1
120,0.369,0.7258,0.7101,0.0157,,1
121,0.346,0.0000,0.0000,0.0000,,1
122,0.616,0.0000,0.0000,0.0000,,1
123,0.546,0.7704,0.7636,0.0068,,1
124,0.562,0.0000,0.0000,0.0000,,1
125,0.536,0.0000,0.0000,0.0000,,1
125,0.448,0.0000,0.0000,0.0000,,1
126,0.541,0.7486,0.7460,0.0025,,1
126,0.451,0.7178,0.7051,0.0127,,1
127,0.533,0.0000,0.0000,0.0000,,1
128,0.555,0.0000,0.0000,0.0000,,1
128,0.259,0.0000,0.0000,0.0000,,1
129,0.533,0.7218,0.7179,0.0039,,1
129,0.283,0.5872,0.5755,0.0117,,1
130,0.485,0.0000,0.0000,0.0000,,1
130,0.395,0.0000,0.0000,0.0000,,1
131,0.501,0.0000,0.0000,0.0000,,1
132,0.430,0.7351,0.7311,0.0039,,1
133,0.484,0.0000,0.0000,0.0000,,1
133,0.251,0.0000,0.0000,0.0000,,1
134,0.351,0.0000,0.0000,0.0000,,1
135,0.361,0.7414,0.7357,0.0058,,1
136,0.301,0.0000,0.0000,0.0000,,1
137,0.331,0.0000,0.0000,0.0000,,1
138,0.281,0.7310,0.7215,0.0096,,1
141,0.553,0.5654,0.5332,0.0322,,1
142,0.409,0.0000,0.0000,0.0000,,1
149,0.384,0.0000,0.0000,0.0000,,1
150,0.353,0.5351,0.5252,0.0099,,1
151,0.575,0.0000,0.0000,0.0000,,1
152,0.317,0.0000,0.0000,0.0000,,1
166,0.399,0.0000,0.0000,0.0000,,1
72,0.300,0.5358,0.5163,0.0195,,1
86,0.287,0.0000,0.0000,0.0000,,1
87,0.250,0.5830,0.5479,0.0351,,1
88,0.260,0.0000,0.0000,0.0000,,1
89,0.266,0.0000,0.0000,0.0000,,1
90,0.369,0.6005,0.5632,0.0373,,1
98,0.262,0.0000,0.0000,0.0000,,1
1,0.918,0.0000,0.0000,0.0000,,1
2,0.938,0.0000,0.0000,0.0000,,1
3,0.947,0.8271,0.8118,0.0153,,1
4,0.960,0.0000,0.0000,0.0000,,1
5,0.922,0.0000,0.0000,0.0000,,1
6,0.874,0.8260,0.8085,0.0175,,1
7,0.811,0.0000,0.0000,0.0000,,1
8,0.887,0.0000,0.0000,0.0000,,1
9,0.945,0.8050,0.7826,0.0224,,1
10,0.982,0.0000,0.0000,0.0000,,1
11,0.984,0.0000,0.0000,0.0000,,1
12,0.929,0.7874,0.7667,0.0207,,1
13,0.942,0.0000,0.0000,0.0000,,1
14,0.972,0.0000,0.0000,0.0000,,1
15,0.987,0.7727,0.7447,0.0280,,1
16,0.983,0.0000,0.0000,0.0000,,1
17,0.975,0.0000,0.0000,0.0000,,1
18,0.983,0.7535,0.7385,0.0149,,1
19,0.982,0.0000,0.0000,0.0000,,1
20,0.988,0.0000,0.0000,0.0000,,1
21,0.974,0.7610,0.7472,0.0139,,1
22,0.990,0.0000,0.0000,0.0000,,1
23,0.840,0.0000,0.0000,0.0000,,1
24,0.918,0.7625,0.7545,0.0079,,1
25,0.949,0.0000,0.0000,0.0000,,1
26,0.970,0.0000,0.0000,0.0000,,1
27,0.969,0.7891,0.7841,0.0050,,1
28,0.961,0.0000,0.0000,0.0000,,1
29,0.977,0.0000,0.0000,0.0000,,1
30,0.941,0.7964,0.7804,0.0160,,1
31,0.927,0.0000,0.0000,0.0000,,1
32,0.957,0.0000,0.0000,0.0000,,1
33,0.974,0.7883,0.7633,0.0250,,1
34,0.957,0.0000,0.0000,0.0000,,1
35,0.817,0.0000,0.0000,0.0000,,1
36,0.900,0.8045,0.7663,0.0382,,1
37,0.958,0.0000,0.0000,0.0000,,1
38,0.958,0.0000,0.0000,0.0000,,1
39,0.951,0.8121,0.7802,0.0319,,1
40,0.975,0.0000,0.0000,0.0000,,1
41,0.987,0.0000,0.0000,0.0000,,1
42,0.988,0.7534,0.7495,0.0039,,1
43,0.986,0.0000,0.0000,0.0000,,1
44,0.983,0.0000,0.0000,0.0000,,1
45,0.988,0.7951,0.7742,0.0209,,1
46,0.970,0.0000,0.0000,0.0000,,1
47,0.959,0.0000,0.0000,0.0000,,1
48,0.969,0.7764,0.7731,0.0033,,1
49,0.961,0.0000,0.0000,0.0000,,1
50,0.978,0.0000,0.0000,0.0000,,1
51,0.976,0.7999,0.7729,0.0270,,1
52,0.968,0.0000,0.0000,0.0000,,1
53,0.970,0.0000,0.0000,0.0000,,1
54,0.977,0.8041,0.7870,0.0171,,1
55,0.980,0.0000,0.0000,0.0000,,1
56,0.980,0.0000,0.0000,0.0000,,1
57,0.980,0.7868,0.7739,0.0128,,1
58,0.980,0.0000,0.0000,0.0000,,1
59,0.980,0.0000,0.0000,0.0000,,1
60,0.984,0.7999,0.7892,0.0107,,1
61,0.986,0.0000,0.0000,0.0000,,1
62,0.984,0.0000,0.0000,0.0000,,1
63,0.985,0.7768,0.7552,0.0216,,1
64,0.982,0.0000,0.0000,0.0000,,1
65,0.972,0.0000,0.0000,0.0000,,1
66,0.980,0.8060,0.7952,0.0108,,1
67,0.985,0.0000,0.0000,0.0000,,1
68,0.984,0.0000,0.0000,0.0000,,1
69,0.987,0.7888,0.7834,0.0054,,1
70,0.984,0.0000,0.0000,0.0000,,1
71,0.982,0.0000,0.0000,0.0000,,1
72,0.978,0.8071,0.7993,0.0078,,1
73,0.972,0.0000,0.0000,0.0000,,1
74,0.986,0.0000,0.0000,0.0000,,1
75,0.979,0.8239,0.7928,0.0311,,1
76,0.986,0.0000,0.0000,0.0000,,1
77,0.990,0.0000,0.0000,0.0000,,1
78,0.989,0.7545,0.7368,0.0178,,1
79,0.988,0.0000,0.0000,0.0000,,1
80,0.988,0.0000,0.0000,0.0000,,1
81,0.987,0.7488,0.7200,0.0288,,1
82,0.985,0.0000,0.0000,0.0000,,1
83,0.982,0.0000,0.0000,0.0000,,1
84,0.987,0.7796,0.7612,0.0185,,1
85,0.989,0.0000,0.0000,0.0000,,1
86,0.988,0.0000,0.0000,0.0000,,1
87,0.986,0.7507,0.7211,0.0296,,1
88,0.986,0.0000,0.0000,0.0000,,1
89,0.986,0.0000,0.0000,0.0000,,1
90,0.986,0.7234,0.6936,0.0299,,1
91,0.985,0.0000,0.0000,0.0000,,1
92,0.983,0.0000,0.0000,0.0000,,1
93,0.983,0.7846,0.7637,0.0209,,1
94,0.985,0.0000,0.0000,0.0000,,1
95,0.985,0.0000,0.0000,0.0000,,1
96,0.986,0.7898,0.7721,0.0177,,1
97,0.988,0.0000,0.0000,0.0000,,1
98,0.985,0.0000,0.0000,0.0000,,1
99,0.986,0.7601,0.7419,0.0182,,1
100,0.983,0.0000,0.0000,0.0000,,1
101,0.984,0.0000,0.0000,0.0000,,1
102,0.985,0.7574,0.7173,0.0401,,1
103,0.983,0.0000,0.0000,0.0000,,1
104,0.984,0.0000,0.0000,0.0000,,1
105,0.985,0.7479,0.7252,0.0227,,1
106,0.987,0.0000,0.0000,0.0000,,1
107,0.985,0.0000,0.0000,0.0000,,1
108,0.982,0.7549,0.7299,0.0249,,1
109,0.985,0.0000,0.0000,0.0000,,1
110,0.988,0.0000,0.0000,0.0000,,1
111,0.987,0.7563,0.7353,0.0210,,1
112,0.987,0.0000,0.0000,0.0000,,1
113,0.980,0.0000,0.0000,0.0000,,1
114,0.981,0.7187,0.7066,0.0121,,1
115,0.951,0.0000,0.0000,0.0000,,1
116,0.952,0.0000,0.0000,0.0000,,1
117,0.912,0.7692,0.7635,0.0057,,1
118,0.969,0.0000,0.0000,0.0000,,1
131,0.251,0.0000,0.0000,0.0000,,1
137,0.312,0.0000,0.0000,0.0000,,1
140,0.372,0.0000,0.0000,0.0000,,1
141,0.434,0.6383,0.6369,0.0014,,1
141,0.280,0.6857,0.6655,0.0201,,1
142,0.394,0.0000,0.0000,0.0000,,1
142,0.338,0.0000,0.0000,0.0000,,1
144,0.258,0.7594,0.7547,0.0047,,1
146,0.311,0.0000,0.0000,0.0000,,1
147,0.478,0.7757,0.7619,0.0139,,1
148,0.290,0.0000,0.0000,0.0000,,1
149,0.521,0.0000,0.0000,0.0000,,1
150,0.461,0.7677,0.7465,0.0212,,1
151,0.470,0.0000,0.0000,0.0000,,1
153,0.257,0.7458,0.7287,0.0170,,1
154,0.284,0.0000,0.0000,0.0000,,1
155,0.332,0.0000,0.0000,0.0000,,1
156,0.336,0.7412,0.7253,0.0159,,1
157,0.270,0.0000,0.0000,0.0000,,1
170,0.260,0.0000,0.0000,0.0000,,1
176,0.305,0.0000,0.0000,0.0000,,1
177,0.338,0.7787,0.7629,0.0158,,1
178,0.389,0.0000,0.0000,0.0000,,1
186,0.297,0.7929,0.7713,0.0216,,1
187,0.301,0.0000,0.0000,0.0000,,1
188,0.268,0.0000,0.0000,0.0000,,1
189,0.294,0.7650,0.7544,0.0106,,1
191,0.315,0.0000,0.0000,0.0000,,1
192,0.289,0.7882,0.7831,0.0051,,1
193,0.390,0.0000,0.0000,0.0000,,1
194,0.264,0.0000,0.0000,0.0000,,1
196,0.252,0.0000,0.0000,0.0000,,1
199,0.275,0.0000,0.0000,0.0000,,1
200,0.262,0.0000,0.0000,0.0000,,1
201,0.370,0.7923,0.7643,0.0280,,1
202,0.288,0.0000,0.0000,0.0000,,1
203,0.419,0.0000,0.0000,0.0000,,1
204,0.328,0.7836,0.7606,0.0231,,1
205,0.387,0.0000,0.0000,0.0000,,1
206,0.434,0.0000,0.0000,0.0000,,1
207,0.365,0.7746,0.7532,0.0213,,1
208,0.391,0.0000,0.0000,0.0000,,1
209,0.459,0.0000,0.0000,0.0000,,1
210,0.383,0.7788,0.7624,0.0164,,1
211,0.423,0.0000,0.0000,0.0000,,1
212,0.432,0.0000,0.0000,0.0000,,1
213,0.394,0.7795,0.7604,0.0191,,1
214,0.415,0.0000,0.0000,0.0000,,1
215,0.344,0.0000,0.0000,0.0000,,1
216,0.315,0.7770,0.7609,0.0160,,1
218,0.470,0.0000,0.0000,0.0000,,1
219,0.409,0.7818,0.7636,0.0182,,1
220,0.466,0.0000,0.0000,0.0000,,1
221,0.410,0.0000,0.0000,0.0000,,1
222,0.393,0.7874,0.7588,0.0286,,1
223,0.296,0.0000,0.0000,0.0000,,1
224,0.301,0.0000,0.0000,0.0000,,1
225,0.272,0.7912,0.7656,0.0256,,1
226,0.334,0.0000,0.0000,0.0000,,1
227,0.308,0.0000,0.0000,0.0000,,1
228,0.354,0.7874,0.7617,0.0257,,1
229,0.323,0.0000,0.0000,0.0000,,1
230,0.316,0.0000,0.0000,0.0000,,1
231,0.321,0.7875,0.7652,0.0223,,1
232,0.351,0.0000,0.0000,0.0000,,1
233,0.322,0.0000,0.0000,0.0000,,1
234,0.435,0.7868,0.7584,0.0284,,1
238,0.273,0.0000,0.0000,0.0000,,1
247,0.347,0.0000,0.0000,0.0000,,1
249,0.892,0.7526,0.7504,0.0021,,1
250,0.946,0.0000,0.0000,0.0000,,1
251,0.978,0.0000,0.0000,0.0000,,1
252,0.982,0.7415,0.7245,0.0170,,1
253,0.966,0.0000,0.0000,0.0000,,1
254,0.927,0.0000,0.0000,0.0000,,1
255,0.920,0.6758,0.6728,0.0030,,1
256,0.898,0.0000,0.0000,0.0000,,1
257,0.921,0.0000,0.0000,0.0000,,1
258,0.944,0.7536,0.7487,0.0049,,1
259,0.932,0.0000,0.0000,0.0000,,1
260,0.935,0.0000,0.0000,0.0000,,1
261,0.953,0.7111,0.7004,0.0106,,1
262,0.954,0.0000,0.0000,0.0000,,1
263,0.958,0.0000,0.0000,0.0000,,1
264,0.939,0.7209,0.7153,0.0056,,1
265,0.944,0.0000,0.0000,0.0000,,1
266,0.956,0.0000,0.0000,0.0000,,1
267,0.953,0.7222,0.7150,0.0072,,1
268,0.948,0.0000,0.0000,0.0000,,1
269,0.949,0.0000,0.0000,0.0000,,1
270,0.952,0.7195,0.7138,0.0057,,1
271,0.958,0.0000,0.0000,0.0000,,1
272,0.966,0.0000,0.0000,0.0000,,1
273,0.958,0.7196,0.7065,0.0130,,1
274,0.957,0.0000,0.0000,0.0000,,1
275,0.956,0.0000,0.0000,0.0000,,1
276,0.958,0.7197,0.7118,0.0079,,1
277,0.949,0.0000,0.0000,0.0000,,1
278,0.952,0.0000,0.0000,0.0000,,1
279,0.952,0.7225,0.7152,0.0073,,1
280,0.950,0.0000,0.0000,0.0000,,1
281,0.951,0.0000,0.0000,0.0000,,1
282,0.941,0.7130,0.7055,0.0075,,1
283,0.939,0.0000,0.0000,0.0000,,1
284,0.938,0.0000,0.0000,0.0000,,1
285,0.941,0.6811,0.6793,0.0018,,1
286,0.948,0.0000,0.0000,0.0000,,1
287,0.919,0.0000,0.0000,0.0000,,1
288,0.934,0.7199,0.7159,0.0040,,1
289,0.934,0.0000,0.0000,0.0000,,1
290,0.942,0.0000,0.0000,0.0000,,1
291,0.940,0.6960,0.6881,0.0080,,1
292,0.954,0.0000,0.0000,0.0000,,1
293,0.954,0.0000,0.0000,0.0000,,1
294,0.919,0.7297,0.7102,0.0195,,1
295,0.948,0.0000,0.0000,0.0000,,1
296,0.969,0.0000,0.0000,0.0000,,1
297,0.821,0.7418,0.7404,0.0013,,1
298,0.743,0.0000,0.0000,0.0000,,1
299,0.522,0.0000,0.0000,0.0000,,1
300,0.379,0.7473,0.7432,0.0041,,1
320,0.258,0.0000,0.0000,0.0000,,1
321,0.267,0.7536,0.7530,0.0006,,1
322,0.289,0.0000,0.0000,0.0000,,1
326,0.770,0.0000,0.0000,0.0000,,1
327,0.358,0.6458,0.6301,0.0157,,1
328,0.611,0.0000,0.0000,0.0000,,1
329,0.616,0.0000,0.0000,0.0000,,1
330,0.721,0.7687,0.7609,0.0079,,1
331,0.698,0.0000,0.0000,0.0000,,1
332,0.745,0.0000,0.0000,0.0000,,1
333,0.345,0.6696,0.6537,0.0159,,1
335,0.867,0.0000,0.0000,0.0000,,1
336,0.786,0.7277,0.7218,0.0059,,1
337,0.784,0.0000,0.0000,0.0000,,1
338,0.314,0.0000,0.0000,0.0000,,1
340,0.290,0.0000,0.0000,0.0000,,1
343,0.255,0.0000,0.0000,0.0000,,1
344,0.290,0.0000,0.0000,0.0000,,1
345,0.278,0.6385,0.6331,0.0054,,1
346,0.302,0.0000,0.0000,0.0000,,1
348,0.291,0.6460,0.6447,0.0013,,1
349,0.301,0.0000,0.0000,0.0000,,1
354,0.359,0.7071,0.7056,0.0016,,1
355,0.516,0.0000,0.0000,0.0000,,1
356,0.667,0.0000,0.0000,0.0000,,1
357,0.723,0.6671,0.6663,0.0008,,1
358,0.659,0.0000,0.0000,0.0000,,1
359,0.664,0.0000,0.0000,0.0000,,1
360,0.713,0.6906,0.6788,0.0118,,1
361,0.607,0.0000,0.0000,0.0000,,1
362,0.530,0.0000,0.0000,0.0000,,1
363,0.755,0.7401,0.7110,0.0291,,1
364,0.756,0.0000,0.0000,0.0000,,1
365,0.851,0.0000,0.0000,0.0000,,1
366,0.880,0.7167,0.6884,0.0283,,1
367,0.916,0.0000,0.0000,0.0000,,1
368,0.908,0.0000,0.0000,0.0000,,1
369,0.932,0.7239,0.7085,0.0154,,1
370,0.952,0.0000,0.0000,0.0000,,1
371,0.956,0.0000,0.0000,0.0000,,1
372,0.953,0.7327,0.7116,0.0211,,1
373,0.941,0.0000,0.0000,0.0000,,1
374,0.916,0.0000,0.0000,0.0000,,1
375,0.879,0.7198,0.7023,0.0176,,1
376,0.908,0.0000,0.0000,0.0000,,1
377,0.949,0.0000,0.0000,0.0000,,1
378,0.933,0.7260,0.7051,0.0209,,1
379,0.936,0.0000,0.0000,0.0000,,1
380,0.923,0.0000,0.0000,0.0000,,1
381,0.923,0.7153,0.6940,0.0213,,1
382,0.932,0.0000,0.0000,0.0000,,1
383,0.939,0.0000,0.0000,0.0000,,1
384,0.949,0.7276,0.7094,0.0181,,1
385,0.945,0.0000,0.0000,0.0000,,1
386,0.941,0.0000,0.0000,0.0000,,1
387,0.946,0.7296,0.7063,0.0233,,1
388,0.947,0.0000,0.0000,0.0000,,1
389,0.960,0.0000,0.0000,0.0000,,1
390,0.772,0.7204,0.7055,0.0149,,1
391,0.657,0.0000,0.0000,0.0000,,1
432,0.311,0.5710,0.5641,0.0069,,1
434,0.962,0.0000,0.0000,0.0000,,1
435,0.997,0.8169,0.8144,0.0026,,1
436,0.997,0.0000,0.0000,0.0000,,1
436,0.378,0.0000,0.0000,0.0000,,1
437,0.952,0.0000,0.0000,0.0000,,1
438,0.997,0.7277,0.7198,0.0079,,1
439,0.978,0.0000,0.0000,0.0000,,1
440,0.994,0.0000,0.0000,0.0000,,1
441,0.995,0.7232,0.7209,0.0023,,1
442,0.979,0.0000,0.0000,0.0000,,1
442,0.426,0.0000,0.0000,0.0000,,1
443,0.995,0.0000,0.0000,0.0000,,1
444,0.997,0.6860,0.6754,0.0107,,1
445,0.996,0.0000,0.0000,0.0000,,1
446,0.996,0.0000,0.0000,0.0000,,1
447,0.996,0.6887,0.6710,0.0177,,1
448,0.994,0.0000,0.0000,0.0000,,1
449,0.995,0.0000,0.0000,0.0000,,1
450,0.995,0.7237,0.7154,0.0083,,1
451,0.996,0.0000,0.0000,0.0000,,1
452,0.998,0.0000,0.0000,0.0000,,1
453,0.998,0.7500,0.7444,0.0055,,1
454,0.996,0.0000,0.0000,0.0000,,1
455,0.995,0.0000,0.0000,0.0000,,1
456,0.995,0.7615,0.7512,0.0103,,1
457,0.998,0.0000,0.0000,0.0000,,1
458,0.994,0.0000,0.0000,0.0000,,1
459,0.989,0.8148,0.8108,0.0040,,1
460,0.992,0.0000,0.0000,0.0000,,1
461,0.995,0.0000,0.0000,0.0000,,1
462,0.992,0.8202,0.8024,0.0178,,1
463,0.991,0.0000,0.0000,0.0000,,1
464,0.995,0.0000,0.0000,0.0000,,1
465,0.991,0.8342,0.8174,0.0168,,1
466,0.992,0.0000,0.0000,0.0000,,1
467,0.993,0.0000,0.0000,0.0000,,1
468,0.991,0.7970,0.7951,0.0019,,1
469,0.991,0.0000,0.0000,0.0000,,1
470,0.997,0.0000,0.0000,0.0000,,1
471,0.878,0.7540,0.7488,0.0053,,1
472,0.845,0.0000,0.0000,0.0000,,1
473,0.998,0.0000,0.0000,0.0000,,1
474,0.952,0.7467,0.7235,0.0232,,1
475,0.995,0.0000,0.0000,0.0000,,1
476,0.997,0.0000,0.0000,0.0000,,1
477,0.998,0.7933,0.7898,0.0034,,1
478,0.998,0.0000,0.0000,0.0000,,1
479,0.997,0.0000,0.0000,0.0000,,1
480,0.997,0.7824,0.7649,0.0175,,1
481,0.996,0.0000,0.0000,0.0000,,1
482,0.996,0.0000,0.0000,0.0000,,1
483,0.996,0.7763,0.7589,0.0174,,1
484,0.997,0.0000,0.0000,0.0000,,1
485,0.997,0.0000,0.0000,0.0000,,1
486,0.996,0.8223,0.8126,0.0096,,1
487,0.993,0.0000,0.0000,0.0000,,1
488,0.994,0.0000,0.0000,0.0000,,1
489,0.994,0.8430,0.8261,0.0169,,1
490,0.993,0.0000,0.0000,0.0000,,1
491,0.994,0.0000,0.0000,0.0000,,1
492,0.996,0.8524,0.8324,0.0200,,1
493,0.994,0.0000,0.0000,0.0000,,1
494,0.997,0.0000,0.0000,0.0000,,1
498,0.474,0.7166,0.7028,0.0138,,1
3,0.351,0.5160,0.5105,0.0055,,1
4,0.298,0.0000,0.0000,0.0000,,1
5,0.293,0.0000,0.0000,0.0000,,1
6,0.350,0.5269,0.5186,0.0084,,1
345,0.805,0.5838,0.5666,0.0171,,1
346,0.707,0.0000,0.0000,0.0000,,1
347,0.627,0.0000,0.0000,0.0000,,1
348,0.900,0.6019,0.5833,0.0186,,1
348,0.291,0.5581,0.5545,0.0036,,1
349,0.551,0.0000,0.0000,0.0000,,1
425,0.285,0.0000,0.0000,0.0000,,1
426,0.313,0.4800,0.4795,0.0005,,1
428,0.486,0.0000,0.0000,0.0000,,1
429,0.948,0.7493,0.7401,0.0092,,1
430,0.978,0.0000,0.0000,0.0000,,1
431,0.982,0.0000,0.0000,0.0000,,1
432,0.982,0.8182,0.8087,0.0095,,1
433,0.971,0.0000,0.0000,0.0000,,1
434,0.989,0.0000,0.0000,0.0000,,1
435,0.990,0.8070,0.7914,0.0156,,1
436,0.989,0.0000,0.0000,0.0000,,1
437,0.994,0.0000,0.0000,0.0000,,1
438,0.991,0.8188,0.8118,0.0070,,1
439,0.985,0.0000,0.0000,0.0000,,1
440,0.990,0.0000,0.0000,0.0000,,1
441,0.986,0.7865,0.7783,0.0081,,1
442,0.989,0.0000,0.0000,0.0000,,1
443,0.992,0.0000,0.0000,0.0000,,1
444,0.994,0.7945,0.7875,0.0070,,1
445,0.990,0.0000,0.0000,0.0000,,1
446,0.994,0.0000,0.0000,0.0000,,1
447,0.992,0.7584,0.7570,0.0014,,1
448,0.994,0.0000,0.0000,0.0000,,1
449,0.994,0.0000,0.0000,0.0000,,1
450,0.989,0.8082,0.8003,0.0078,,1
451,0.992,0.0000,0.0000,0.0000,,1
452,0.991,0.0000,0.0000,0.0000,,1
453,0.992,0.7902,0.7899,0.0002,,1
454,0.993,0.0000,0.0000,0.0000,,1
455,0.993,0.0000,0.0000,0.0000,,1
456,0.991,0.8014,0.8009,0.0005,,1
457,0.992,0.0000,0.0000,0.0000,,1
458,0.990,0.0000,0.0000,0.0000,,1
459,0.991,0.7982,0.7932,0.0050,,1
460,0.990,0.0000,0.0000,0.0000,,1
461,0.991,0.0000,0.0000,0.0000,,1
462,0.990,0.8187,0.7964,0.0223,,1
463,0.990,0.0000,0.0000,0.0000,,1
464,0.987,0.0000,0.0000,0.0000,,1
465,0.987,0.7909,0.7729,0.0180,,1
466,0.987,0.0000,0.0000,0.0000,,1
467,0.984,0.0000,0.0000,0.0000,,1
468,0.989,0.7594,0.7567,0.0027,,1
469,0.982,0.0000,0.0000,0.0000,,1
470,0.971,0.0000,0.0000,0.0000,,1
471,0.969,0.8256,0.8231,0.0025,,1
472,0.973,0.0000,0.0000,0.0000,,1
473,0.971,0.0000,0.0000,0.0000,,1
474,0.971,0.8228,0.8175,0.0054,,1
475,0.970,0.0000,0.0000,0.0000,,1
476,0.700,0.0000,0.0000,0.0000,,1
477,0.602,0.7760,0.7745,0.0015,,1
478,0.900,0.0000,0.0000,0.0000,,1
479,0.938,0.0000,0.0000,0.0000,,1
480,0.930,0.7908,0.7773,0.0135,,1
481,0.899,0.0000,0.0000,0.0000,,1
484,0.324,0.0000,0.0000,0.0000,,1
485,0.713,0.0000,0.0000,0.0000,,1
489,0.542,0.7298,0.7234,0.0064,,1
490,0.935,0.0000,0.0000,0.0000,,1
491,0.511,0.0000,0.0000,0.0000,,1
492,0.639,0.7716,0.7499,0.0218,,1
492,0.450,0.7072,0.6962,0.0109,,1
493,0.826,0.0000,0.0000,0.0000,,1
495,0.640,0.7817,0.7571,0.0246,,1
496,0.941,0.0000,0.0000,0.0000,,1
497,0.862,0.0000,0.0000,0.0000,,1
498,0.545,0.7755,0.7616,0.0139,,1
499,0.459,0.0000,0.0000,0.0000,,1
500,0.252,0.0000,0.0000,0.0000,,1
501,0.533,0.6086,0.6054,0.0032,,1
502,0.748,0.0000,0.0000,0.0000,,1
503,0.962,0.0000,0.0000,0.0000,,1
503,0.516,0.0000,0.0000,0.0000,,1
504,0.938,0.6797,0.6728,0.0069,,1
504,0.301,0.6745,0.6744,0.0000,,1
505,0.933,0.0000,0.0000,0.0000,,1
505,0.260,0.0000,0.0000,0.0000,,1
506,0.939,0.0000,0.0000,0.0000,,1
507,0.924,0.7691,0.7687,0.0004,,1
508,0.913,0.0000,0.0000,0.0000,,1
509,0.642,0.0000,0.0000,0.0000,,1
510,0.727,0.7388,0.7162,0.0226,,1
511,0.526,0.0000,0.0000,0.0000,,1
511,0.290,0.0000,0.0000,0.0000,,1
512,0.598,0.0000,0.0000,0.0000,,1
513,0.652,0.5265,0.5178,0.0087,,1
514,0.785,0.0000,0.0000,0.0000,,1
515,0.625,0.0000,0.0000,0.0000,,1
515,0.578,0.0000,0.0000,0.0000,,1
516,0.504,0.4967,0.4821,0.0146,,1
516,0.448,0.4948,0.4751,0.0197,,1
517,0.952,0.0000,0.0000,0.0000,,1
518,0.950,0.0000,0.0000,0.0000,,1
519,0.803,0.7125,0.7015,0.0110,,1
520,0.276,0.0000,0.0000,0.0000,,1
521,0.767,0.0000,0.0000,0.0000,,1
522,0.736,0.7382,0.7317,0.0065,,1
523,0.802,0.0000,0.0000,0.0000,,1
524,0.980,0.0000,0.0000,0.0000,,1
525,0.971,0.7318,0.7011,0.0306,,1
526,0.969,0.0000,0.0000,0.0000,,1
527,0.946,0.0000,0.0000,0.0000,,1
528,0.918,0.7296,0.6964,0.0332,,1
529,0.856,0.0000,0.0000,0.0000,,1
530,0.920,0.0000,0.0000,0.0000,,1
531,0.945,0.7334,0.7044,0.0290,,1
532,0.950,0.0000,0.0000,0.0000,,1
533,0.947,0.0000,0.0000,0.0000,,1
534,0.868,0.7029,0.6920,0.0109,,1
535,0.887,0.0000,0.0000,0.0000,,1
536,0.905,0.0000,0.0000,0.0000,,1
537,0.807,0.6878,0.6679,0.0199,,1
538,0.603,0.0000,0.0000,0.0000,,1
539,0.280,0.0000,0.0000,0.0000,,1
541,0.536,0.0000,0.0000,0.0000,,1
542,0.500,0.0000,0.0000,0.0000,,1
554,0.477,0.0000,0.0000,0.0000,,1
555,0.682,0.6760,0.6734,0.0027,,1
556,0.692,0.0000,0.0000,0.0000,,1
557,0.733,0.0000,0.0000,0.0000,,1
558,0.584,0.5374,0.5369,0.0005,,1
559,0.873,0.0000,0.0000,0.0000,,1
560,0.740,0.0000,0.0000,0.0000,,1
561,0.348,0.6789,0.6708,0.0081,,1
562,0.570,0.0000,0.0000,0.0000,,1
563,0.575,0.0000,0.0000,0.0000,,1
564,0.296,0.7385,0.7373,0.0012,,1
567,0.482,0.7231,0.7143,0.0088,,1
568,0.665,0.0000,0.0000,0.0000,,1
569,0.853,0.0000,0.0000,0.0000,,1
570,0.728,0.7187,0.7138,0.0049,,1
571,0.417,0.0000,0.0000,0.0000,,1
572,0.549,0.0000,0.0000,0.0000,,1
573,0.508,0.7139,0.7104,0.0035,,1
574,0.626,0.0000,0.0000,0.0000,,1
575,0.701,0.0000,0.0000,0.0000,,1
576,0.586,0.7358,0.7319,0.0040,,1
577,0.507,0.0000,0.0000,0.0000,,1
578,0.663,0.0000,0.0000,0.0000,,1
579,0.639,0.7367,0.7349,0.0018,,1
580,0.617,0.0000,0.0000,0.0000,,1
581,0.610,0.0000,0.0000,0.0000,,1
582,0.592,0.7272,0.7224,0.0048,,1
583,0.700,0.0000,0.0000,0.0000,,1
584,0.715,0.0000,0.0000,0.0000,,1
585,0.685,0.7144,0.7079,0.0065,,1
586,0.687,0.0000,0.0000,0.0000,,1
587,0.684,0.0000,0.0000,0.0000,,1
588,0.687,0.7447,0.7349,0.0098,,1
589,0.817,0.0000,0.0000,0.0000,,1
590,0.776,0.0000,0.0000,0.0000,,1
591,0.745,0.7339,0.7255,0.0085,,1
592,0.668,0.0000,0.0000,0.0000,,1
593,0.743,0.0000,0.0000,0.0000,,1
594,0.743,0.7202,0.7118,0.0084,,1
595,0.813,0.0000,0.0000,0.0000,,1
596,0.777,0.0000,0.0000,0.0000,,1
597,0.829,0.7308,0.7162,0.0145,,1
598,0.832,0.0000,0.0000,0.0000,,1
599,0.821,0.0000,0.0000,0.0000,,1
600,0.866,0.7348,0.7201,0.0147,,1
601,0.798,0.0000,0.0000,0.0000,,1
602,0.826,0.0000,0.0000,0.0000,,1
603,0.836,0.7382,0.7374,0.0009,,1
604,0.817,0.0000,0.0000,0.0000,,1
605,0.751,0.0000,0.0000,0.0000,,1
606,0.665,0.7304,0.7297,0.0007,,1
607,0.630,0.0000,0.0000,0.0000,,1
608,0.779,0.0000,0.0000,0.0000,,1
609,0.751,0.7455,0.7368,0.0087,,1
610,0.724,0.0000,0.0000,0.0000,,1
611,0.676,0.0000,0.0000,0.0000,,1
612,0.619,0.7454,0.7362,0.0093,,1
613,0.705,0.0000,0.0000,0.0000,,1
614,0.649,0.0000,0.0000,0.0000,,1
615,0.658,0.7260,0.7253,0.0007,,1
616,0.571,0.0000,0.0000,0.0000,,1
617,0.458,0.0000,0.0000,0.0000,,1
618,0.532,0.7257,0.7216,0.0041,,1
619,0.488,0.0000,0.0000,0.0000,,1
620,0.559,0.0000,0.0000,0.0000,,1
621,0.488,0.7177,0.7083,0.0094,,1
622,0.595,0.0000,0.0000,0.0000,,1
623,0.320,0.0000,0.0000,0.0000,,1
624,0.493,0.7339,0.7269,0.0070,,1
625,0.472,0.0000,0.0000,0.0000,,1
626,0.527,0.0000,0.0000,0.0000,,1
627,0.575,0.7368,0.7235,0.0133,,1
628,0.604,0.0000,0.0000,0.0000,,1
629,0.436,0.0000,0.0000,0.0000,,1
630,0.474,0.7213,0.7197,0.0016,,1
631,0.484,0.0000,0.0000,0.0000,,1
632,0.682,0.0000,0.0000,0.0000,,1
633,0.470,0.7335,0.7321,0.0014,,1
634,0.538,0.0000,0.0000,0.0000,,1
635,0.491,0.0000,0.0000,0.0000,,1
636,0.426,0.7328,0.7242,0.0086,,1
637,0.429,0.0000,0.0000,0.0000,,1
638,0.406,0.0000,0.0000,0.0000,,1
639,0.417,0.7382,0.7253,0.0129,,1
642,0.308,0.7429,0.7355,0.0074,,1
643,0.323,0.0000,0.0000,0.0000,,1
644,0.288,0.0000,0.0000,0.0000,,1
645,0.264,0.7484,0.7403,0.0081,,1
647,0.257,0.0000,0.0000,0.0000,,1
648,0.398,0.7236,0.7184,0.0053,,1
650,0.284,0.0000,0.0000,0.0000,,1
651,0.266,0.6947,0.6946,0.0000,,1
653,0.396,0.0000,0.0000,0.0000,,1
654,0.370,0.7318,0.7247,0.0072,,1
655,0.381,0.0000,0.0000,0.0000,,1
656,0.371,0.0000,0.0000,0.0000,,1
657,0.599,0.7452,0.7335,0.0117,,1
658,0.676,0.0000,0.0000,0.0000,,1
676,0.462,0.0000,0.0000,0.0000,,1
677,0.365,0.0000,0.0000,0.0000,,1
678,0.290,0.7414,0.7391,0.0022,,1
679,0.301,0.0000,0.0000,0.0000,,1
682,0.650,0.0000,0.0000,0.0000,,1
683,0.450,0.0000,0.0000,0.0000,,1
684,0.397,0.7063,0.6917,0.0146,,1
685,0.410,0.0000,0.0000,0.0000,,1
686,0.305,0.0000,0.0000,0.0000,,1
687,0.432,0.7383,0.7359,0.0024,,1
688,0.303,0.0000,0.0000,0.0000,,1
692,0.561,0.0000,0.0000,0.0000,,1
693,0.620,0.7386,0.7370,0.0017,,1
694,0.832,0.0000,0.0000,0.0000,,1
695,0.918,0.0000,0.0000,0.0000,,1
696,0.886,0.7204,0.7066,0.0138,,1
697,0.872,0.0000,0.0000,0.0000,,1
698,0.542,0.0000,0.0000,0.0000,,1
699,0.614,0.7319,0.7246,0.0073,,1
700,0.665,0.0000,0.0000,0.0000,,1
701,0.672,0.0000,0.0000,0.0000,,1
702,0.456,0.6994,0.6925,0.0069,,1
703,0.630,0.0000,0.0000,0.0000,,1
704,0.489,0.0000,0.0000,0.0000,,1
705,0.474,0.7415,0.7403,0.0012,,1
706,0.705,0.0000,0.0000,0.0000,,1
707,0.606,0.0000,0.0000,0.0000,,1
708,0.721,0.7232,0.7172,0.0060,,1
709,0.452,0.0000,0.0000,0.0000,,1
710,0.339,0.0000,0.0000,0.0000,,1
711,0.486,0.7083,0.7068,0.0014,,1
712,0.462,0.0000,0.0000,0.0000,,1
713,0.404,0.0000,0.0000,0.0000,,1
714,0.329,0.7504,0.7357,0.0147,,1
715,0.411,0.0000,0.0000,0.0000,,1
716,0.631,0.0000,0.0000,0.0000,,1
717,0.678,0.5904,0.5710,0.0194,,1
718,0.699,0.0000,0.0000,0.0000,,1
719,0.592,0.0000,0.0000,0.0000,,1
720,0.547,0.7017,0.6832,0.0185,,1
721,0.893,0.0000,0.0000,0.0000,,1
722,0.938,0.0000,0.0000,0.0000,,1
723,0.923,0.7376,0.7316,0.0061,,1
724,0.930,0.0000,0.0000,0.0000,,1
725,0.917,0.0000,0.0000,0.0000,,1
726,0.948,0.7325,0.7212,0.0113,,1
727,0.947,0.0000,0.0000,0.0000,,1
728,0.179,0.0000,0.0000,0.0000,,1
729,0.353,0.7469,0.7466,0.0003,,1
730,0.745,0.0000,0.0000,0.0000,,1
731,0.254,0.0000,0.0000,0.0000,,1
732,0.476,0.7422,0.7385,0.0038,,1
733,0.463,0.0000,0.0000,0.0000,,1
734,0.685,0.0000,0.0000,0.0000,,1
735,0.858,0.7351,0.7346,0.0005,,1
736,0.716,0.0000,0.0000,0.0000,,1
737,0.877,0.0000,0.0000,0.0000,,1
738,0.847,0.7466,0.7421,0.0045,,1
739,0.803,0.0000,0.0000,0.0000,,1
740,0.827,0.0000,0.0000,0.0000,,1
741,0.877,0.7534,0.7440,0.0094,,1
742,0.874,0.0000,0.0000,0.0000,,1
743,0.342,0.0000,0.0000,0.0000,,1
744,0.313,0.7184,0.7149,0.0035,,1
745,0.549,0.0000,0.0000,0.0000,,1
746,0.474,0.0000,0.0000,0.0000,,1
747,0.400,0.7606,0.7581,0.0026,,1
748,0.577,0.0000,0.0000,0.0000,,1
749,0.541,0.0000,0.0000,0.0000,,1
750,0.599,0.7186,0.7167,0.0019,,1
751,0.732,0.0000,0.0000,0.0000,,1
752,0.675,0.0000,0.0000,0.0000,,1
753,0.548,0.7375,0.7285,0.0090,,1
754,0.779,0.0000,0.0000,0.0000,,1
755,0.833,0.0000,0.0000,0.0000,,1
761,0.372,0.0000,0.0000,0.0000,,1
762,0.619,0.8070,0.7920,0.0149,,1
763,0.779,0.0000,0.0000,0.0000,,1
764,0.896,0.0000,0.0000,0.0000,,1
765,0.892,0.7687,0.7667,0.0020,,1
766,0.918,0.0000,0.0000,0.0000,,1
767,0.863,0.0000,0.0000,0.0000,,1
768,0.875,0.7902,0.7846,0.0056,,1
769,0.881,0.0000,0.0000,0.0000,,1
770,0.701,0.0000,0.0000,0.0000,,1
771,0.795,0.7962,0.7811,0.0151,,1
772,0.815,0.0000,0.0000,0.0000,,1
773,0.764,0.0000,0.0000,0.0000,,1
774,0.793,0.8007,0.7851,0.0156,,1
775,0.810,0.0000,0.0000,0.0000,,1
776,0.825,0.0000,0.0000,0.0000,,1
777,0.811,0.7777,0.7669,0.0108,,1
778,0.904,0.0000,0.0000,0.0000,,1
779,0.877,0.0000,0.0000,0.0000,,1
780,0.886,0.8052,0.7897,0.0155,,1
781,0.882,0.0000,0.0000,0.0000,,1
782,0.873,0.0000,0.0000,0.0000,,1
783,0.839,0.7992,0.7962,0.0030,,1
784,0.836,0.0000,0.0000,0.0000,,1
785,0.847,0.0000,0.0000,0.0000,,1
786,0.737,0.7824,0.7548,0.0276,,1
787,0.792,0.0000,0.0000,0.0000,,1
788,0.653,0.0000,0.0000,0.0000,,1
789,0.591,0.7710,0.7404,0.0307,,1
790,0.518,0.0000,0.0000,0.0000,,1
791,0.510,0.0000,0.0000,0.0000,,1
792,0.580,0.7443,0.7285,0.0158,,1
793,0.600,0.0000,0.0000,0.0000,,1
794,0.209,0.0000,0.0000,0.0000,,1
795,0.602,0.7432,0.7322,0.0110,,1
796,0.682,0.0000,0.0000,0.0000,,1
797,0.630,0.0000,0.0000,0.0000,,1
798,0.400,0.7775,0.7636,0.0139,,1
799,0.225,0.0000,0.0000,0.0000,,1
800,0.821,0.0000,0.0000,0.0000,,1
801,0.744,0.7490,0.7410,0.0080,,1
802,0.400,0.0000,0.0000,0.0000,,1
803,0.487,0.0000,0.0000,0.0000,,1
804,0.351,0.7528,0.7483,0.0046,,1
805,0.660,0.0000,0.0000,0.0000,,1
806,0.378,0.0000,0.0000,0.0000,,1
807,0.758,0.7767,0.7644,0.0124,,1
808,0.533,0.0000,0.0000,0.0000,,1
809,0.431,0.0000,0.0000,0.0000,,1
810,0.549,0.7944,0.7791,0.0153,,1
810,0.159,0.6587,0.6485,0.0102,,1
811,0.714,0.0000,0.0000,0.0000,,1
812,0.759,0.0000,0.0000,0.0000,,1
813,0.813,0.7726,0.7625,0.0101,,1
814,0.846,0.0000,0.0000,0.0000,,1
815,0.838,0.0000,0.0000,0.0000,,1
816,0.889,0.7595,0.7584,0.0011,,1
817,0.918,0.0000,0.0000,0.0000,,1
818,0.878,0.0000,0.0000,0.0000,,1
819,0.961,0.7211,0.7137,0.0074,,1
820,0.927,0.0000,0.0000,0.0000,,1
821,0.924,0.0000,0.0000,0.0000,,1
822,0.941,0.7983,0.7825,0.0158,,1
823,0.942,0.0000,0.0000,0.0000,,1
824,0.590,0.0000,0.0000,0.0000,,1
831,0.255,0.5571,0.5510,0.0060,,1
844,0.357,0.0000,0.0000,0.0000,,1
847,0.318,0.0000,0.0000,0.0000,,1
847,0.276,0.0000,0.0000,0.0000,,1
848,0.799,0.0000,0.0000,0.0000,,1
849,0.967,0.6049,0.6021,0.0029,,1
850,0.976,0.0000,0.0000,0.0000,,1
851,0.424,0.0000,0.0000,0.0000,,1
852,0.889,0.7541,0.7526,0.0015,,1
853,0.780,0.0000,0.0000,0.0000,,1
854,0.996,0.0000,0.0000,0.0000,,1
855,0.971,0.8003,0.7954,0.0050,,1
856,0.951,0.0000,0.0000,0.0000,,1
857,0.988,0.0000,0.0000,0.0000,,1
858,0.992,0.7642,0.7573,0.0069,,1
859,0.995,0.0000,0.0000,0.0000,,1
860,0.997,0.0000,0.0000,0.0000,,1
861,0.998,0.7806,0.7725,0.0081,,1
862,0.998,0.0000,0.0000,0.0000,,1
863,0.997,0.0000,0.0000,0.0000,,1
864,0.998,0.7853,0.7614,0.0239,,1
865,0.997,0.0000,0.0000,0.0000,,1
866,0.996,0.0000,0.0000,0.0000,,1
867,0.995,0.8068,0.7912,0.0156,,1
868,0.993,0.0000,0.0000,0.0000,,1
869,0.989,0.0000,0.0000,0.0000,,1
870,0.482,0.7941,0.7814,0.0127,,1
871,0.901,0.0000,0.0000,0.0000,,1
872,0.856,0.0000,0.0000,0.0000,,1
873,0.507,0.7442,0.7307,0.0135,,1
873,0.455,0.7804,0.7473,0.0331,,1
874,0.745,0.0000,0.0000,0.0000,,1
874,0.157,0.0000,0.0000,0.0000,,1
875,0.210,0.0000,0.0000,0.0000,,1
875,0.197,0.0000,0.0000,0.0000,,1
876,0.210,0.7425,0.7213,0.0211,,1
877,0.228,0.0000,0.0000,0.0000,,1
877,0.151,0.0000,0.0000,0.0000,,1
878,0.460,0.0000,0.0000,0.0000,,1
879,0.389,0.7840,0.7673,0.0167,,1
880,0.617,0.0000,0.0000,0.0000,,1
881,0.591,0.0000,0.0000,0.0000,,1
882,0.736,0.7495,0.7360,0.0136,,1
883,0.578,0.0000,0.0000,0.0000,,1
884,0.714,0.0000,0.0000,0.0000,,1
885,0.659,0.7534,0.7412,0.0122,,1
886,0.778,0.0000,0.0000,0.0000,,1
887,0.683,0.0000,0.0000,0.0000,,1
888,0.748,0.7382,0.7377,0.0005,,1
889,0.783,0.0000,0.0000,0.0000,,1
890,0.752,0.0000,0.0000,0.0000,,1
891,0.675,0.7609,0.7582,0.0026,,1
892,0.737,0.0000,0.0000,0.0000,,1
893,0.424,0.0000,0.0000,0.0000,,1
894,0.635,0.7587,0.7578,0.0009,,1
895,0.605,0.0000,0.0000,0.0000,,1
896,0.618,0.0000,0.0000,0.0000,,1
897,0.696,0.7896,0.7843,0.0052,,1
898,0.745,0.0000,0.0000,0.0000,,1
899,0.604,0.0000,0.0000,0.0000,,1
900,0.470,0.7452,0.7395,0.0058,,1
901,0.406,0.0000,0.0000,0.0000,,1
902,0.486,0.0000,0.0000,0.0000,,1
903,0.362,0.7505,0.7428,0.0076,,1
904,0.629,0.0000,0.0000,0.0000,,1
905,0.784,0.0000,0.0000,0.0000,,1
906,0.887,0.7622,0.7486,0.0136,,1
907,0.917,0.0000,0.0000,0.0000,,1
908,0.704,0.0000,0.0000,0.0000,,1
909,0.512,0.7727,0.7595,0.0132,,1
909,0.394,0.7904,0.7793,0.0111,,1
910,0.943,0.0000,0.0000,0.0000,,1
911,0.963,0.0000,0.0000,0.0000,,1
912,0.869,0.7766,0.7714,0.0052,,1
913,0.919,0.0000,0.0000,0.0000,,1
914,0.504,0.0000,0.0000,0.0000,,1
914,0.419,0.0000,0.0000,0.0000,,1
915,0.753,0.8011,0.7913,0.0098,,1
916,0.558,0.0000,0.0000,0.0000,,1
916,0.395,0.0000,0.0000,0.0000,,1
917,0.969,0.0000,0.0000,0.0000,,1
918,0.880,0.7717,0.7571,0.0146,,1
919,0.829,0.0000,0.0000,0.0000,,1
920,0.902,0.0000,0.0000,0.0000,,1
921,0.892,0.7527,0.7443,0.0084,,1
922,0.490,0.0000,0.0000,0.0000,,1
922,0.455,0.0000,0.0000,0.0000,,1
923,0.718,0.0000,0.0000,0.0000,,1
924,0.779,0.7523,0.7454,0.0069,,1
925,0.496,0.0000,0.0000,0.0000,,1
926,0.469,0.0000,0.0000,0.0000,,1
927,0.228,0.6351,0.6183,0.0168,,1
927,0.211,0.6353,0.6145,0.0208,,1
928,0.312,0.0000,0.0000,0.0000,,1
929,0.546,0.0000,0.0000,0.0000,,1
930,0.426,0.7498,0.7452,0.0047,,1
931,0.605,0.0000,0.0000,0.0000,,1
932,0.284,0.0000,0.0000,0.0000,,1
933,0.224,0.7476,0.7458,0.0018,,1
934,0.474,0.0000,0.0000,0.0000,,1
935,0.511,0.0000,0.0000,0.0000,,1
936,0.292,0.7360,0.7325,0.0035,,1
936,0.206,0.6768,0.6766,0.0002,,1
937,0.444,0.0000,0.0000,0.0000,,1
937,0.265,0.0000,0.0000,0.0000,,1
938,0.402,0.0000,0.0000,0.0000,,1
939,0.261,0.7489,0.7327,0.0162,,1
940,0.342,0.0000,0.0000,0.0000,,1
941,0.717,0.0000,0.0000,0.0000,,1
942,0.698,0.7537,0.7488,0.0049,,1
943,0.750,0.0000,0.0000,0.0000,,1
944,0.654,0.0000,0.0000,0.0000,,1
945,0.585,0.7503,0.7449,0.0054,,1
945,0.211,0.6951,0.6834,0.0117,,1
946,0.365,0.0000,0.0000,0.0000,,1
946,0.361,0.0000,0.0000,0.0000,,1
947,0.567,0.0000,0.0000,0.0000,,1
947,0.229,0.0000,0.0000,0.0000,,1
948,0.675,0.7549,0.7489,0.0059,,1
949,0.760,0.0000,0.0000,0.0000,,1
950,0.768,0.0000,0.0000,0.0000,,1
951,0.566,0.7377,0.7275,0.0102,,1
952,0.518,0.0000,0.0000,0.0000,,1
952,0.439,0.0000,0.0000,0.0000,,1
953,0.547,0.0000,0.0000,0.0000,,1
953,0.356,0.0000,0.0000,0.0000,,1
954,0.652,0.7497,0.7349,0.0149,,1
955,0.689,0.0000,0.0000,0.0000,,1
955,0.172,0.0000,0.0000,0.0000,,1
956,0.344,0.0000,0.0000,0.0000,,1
957,0.325,0.7420,0.7305,0.0115,,1
958,0.430,0.0000,0.0000,0.0000,,1
959,0.638,0.0000,0.0000,0.0000,,1
960,0.474,0.7477,0.7404,0.0073,,1
961,0.377,0.0000,0.0000,0.0000,,1
962,0.372,0.0000,0.0000,0.0000,,1
963,0.395,0.7601,0.7429,0.0172,,1
964,0.523,0.0000,0.0000,0.0000,,1
965,0.659,0.0000,0.0000,0.0000,,1
965,0.331,0.0000,0.0000,0.0000,,1
966,0.880,0.7973,0.7816,0.0157,,1
967,0.538,0.0000,0.0000,0.0000,,1
968,0.838,0.0000,0.0000,0.0000,,1
969,0.860,0.7925,0.7799,0.0126,,1
970,0.882,0.0000,0.0000,0.0000,,1
971,0.897,0.0000,0.0000,0.0000,,1
972,0.824,0.7585,0.7500,0.0085,,1
973,0.952,0.0000,0.0000,0.0000,,1
974,0.970,0.0000,0.0000,0.0000,,1
975,0.982,0.8177,0.7935,0.0243,,1
976,0.917,0.0000,0.0000,0.0000,,1
977,0.761,0.0000,0.0000,0.0000,,1
978,0.665,0.8047,0.7797,0.0250,,1
978,0.247,0.8046,0.7755,0.0291,,1
979,0.726,0.0000,0.0000,0.0000,,1
980,0.804,0.0000,0.0000,0.0000,,1
981,0.758,0.8343,0.8271,0.0071,,1
982,0.566,0.0000,0.0000,0.0000,,1
983,0.579,0.0000,0.0000,0.0000,,1
984,0.475,0.8266,0.8254,0.0012,,1
985,0.611,0.0000,0.0000,0.0000,,1
986,0.768,0.0000,0.0000,0.0000,,1
987,0.889,0.8060,0.7976,0.0084,,1
988,0.875,0.0000,0.0000,0.0000,,1
989,0.647,0.0000,0.0000,0.0000,,1
990,0.542,0.7661,0.7568,0.0093,,1
991,0.667,0.0000,0.0000,0.0000,,1
992,0.957,0.0000,0.0000,0.0000,,1
993,0.871,0.8052,0.7971,0.0080,,1
993,0.333,0.7538,0.7394,0.0144,,1
994,0.849,0.0000,0.0000,0.0000,,1
995,0.749,0.0000,0.0000,0.0000,,1
996,0.599,0.7753,0.7723,0.0029,,1
997,0.622,0.0000,0.0000,0.0000,,1
998,0.789,0.0000,0.0000,0.0000,,1
998,0.228,0.0000,0.0000,0.0000,,1
999,0.765,0.8147,0.7961,0.0186,,1
999,0.249,0.7251,0.7231,0.0020,,1
1000,0.811,0.0000,0.0000,0.0000,,1
1000,0.231,0.0000,0.0000,0.0000,,1
1001,0.559,0.0000,0.0000,0.0000,,1
1002,0.581,0.8324,0.8164,0.0159,,1
1003,0.747,0.0000,0.0000,0.0000,,1
1003,0.199,0.0000,0.0000,0.0000,,1
1004,0.788,0.0000,0.0000,0.0000,,1
1004,0.187,0.0000,0.0000,0.0000,,1
1005,0.812,0.8244,0.8050,0.0193,,1
1005,0.240,0.7498,0.7446,0.0052,,1
1006,0.808,0.0000,0.0000,0.0000,,1
1006,0.301,0.0000,0.0000,0.0000,,1
1007,0.862,0.0000,0.0000,0.0000,,1
1007,0.248,0.0000,0.0000,0.0000,,1
1008,0.677,0.7787,0.7690,0.0097,,1
1009,0.726,0.0000,0.0000,0.0000,,1
1009,0.228,0.0000,0.0000,0.0000,,1
1010,0.737,0.0000,0.0000,0.0000,,1
1010,0.168,0.0000,0.0000,0.0000,,1
1011,0.809,0.7959,0.7876,0.0082,,1
1011,0.167,0.7622,0.7552,0.0070,,1
1012,0.807,0.0000,0.0000,0.0000,,1
1013,0.622,0.0000,0.0000,0.0000,,1
1013,0.159,0.0000,0.0000,0.0000,,1
1014,0.531,0.8273,0.8188,0.0086,,1
1015,0.604,0.0000,0.0000,0.0000,,1
1016,0.705,0.0000,0.0000,0.0000,,1
1017,0.671,0.8271,0.8094,0.0177,,1
1018,0.718,0.0000,0.0000,0.0000,,1
1018,0.238,0.0000,0.0000,0.0000,,1
1019,0.768,0.0000,0.0000,0.0000,,1
1019,0.622,0.0000,0.0000,0.0000,,1
1020,0.777,0.8308,0.8266,0.0042,,1
1021,0.477,0.0000,0.0000,0.0000,,1
1021,0.438,0.0000,0.0000,0.0000,,1
1022,0.615,0.0000,0.0000,0.0000,,1
1022,0.165,0.0000,0.0000,0.0000,,1
1023,0.791,0.8366,0.8279,0.0087,,1
1023,0.198,0.7634,0.7481,0.0153,,1
1024,0.618,0.0000,0.0000,0.0000,,1
1025,0.708,0.0000,0.0000,0.0000,,1
1026,0.651,0.8195,0.7906,0.0289,,1
1027,0.720,0.0000,0.0000,0.0000,,1
1028,0.575,0.0000,0.0000,0.0000,,1
1029,0.437,0.7809,0.7603,0.0206,,1
1030,0.328,0.0000,0.0000,0.0000,,1
1031,0.247,0.0000,0.0000,0.0000,,1
1032,0.188,0.7581,0.7531,0.0049,,1
1032,0.166,0.7747,0.7655,0.0092,,1
1033,0.534,0.0000,0.0000,0.0000,,1
1034,0.580,0.0000,0.0000,0.0000,,1
1035,0.572,0.7750,0.7665,0.0085,,1
1036,0.484,0.0000,0.0000,0.0000,,1
1037,0.287,0.0000,0.0000,0.0000,,1
1037,0.153,0.0000,0.0000,0.0000,,1
1038,0.339,0.7938,0.7870,0.0068,,1
1039,0.582,0.0000,0.0000,0.0000,,1
1040,0.830,0.0000,0.0000,0.0000,,1
1041,0.532,0.8132,0.7895,0.0237,,1
1042,0.551,0.0000,0.0000,0.0000,,1
1043,0.570,0.0000,0.0000,0.0000,,1
1044,0.653,0.8184,0.8160,0.0024,,1
1045,0.490,0.0000,0.0000,0.0000,,1
1046,0.796,0.0000,0.0000,0.0000,,1
1047,0.614,0.7846,0.7719,0.0127,,1
1047,0.220,0.7510,0.7471,0.0039,,1
1048,0.980,0.0000,0.0000,0.0000,,1
1049,0.907,0.0000,0.0000,0.0000,,1
1050,0.962,0.7943,0.7650,0.0293,,1
1051,0.908,0.0000,0.0000,0.0000,,1
1052,0.943,0.0000,0.0000,0.0000,,1
1053,0.892,0.7815,0.7587,0.0228,,1
1053,0.185,0.8273,0.8165,0.0108,,1
1054,0.950,0.0000,0.0000,0.0000,,1
1055,0.996,0.0000,0.0000,0.0000,,1
1056,0.995,0.7949,0.7900,0.0048,,1
1057,0.997,0.0000,0.0000,0.0000,,1
1058,0.995,0.0000,0.0000,0.0000,,1
1059,0.996,0.8132,0.8122,0.0010,,1
1060,0.994,0.0000,0.0000,0.0000,,1
1061,0.995,0.0000,0.0000,0.0000,,1
1062,0.995,0.7998,0.7788,0.0210,,1
1063,0.996,0.0000,0.0000,0.0000,,1
1064,0.995,0.0000,0.0000,0.0000,,1
1065,0.994,0.7799,0.7797,0.0002,,1
1066,0.992,0.0000,0.0000,0.0000,,1
1067,0.994,0.0000,0.0000,0.0000,,1
1068,0.994,0.8353,0.8350,0.0003,,1
1069,0.992,0.0000,0.0000,0.0000,,1
1070,0.993,0.0000,0.0000,0.0000,,1
1071,0.994,0.7787,0.7663,0.0124,,1
1072,0.991,0.0000,0.0000,0.0000,,1
1073,0.995,0.0000,0.0000,0.0000,,1
1074,0.994,0.8224,0.8071,0.0153,,1
1075,0.995,0.0000,0.0000,0.0000,,1
1076,0.995,0.0000,0.0000,0.0000,,1
1077,0.995,0.7937,0.7654,0.0283,,1
1078,0.994,0.0000,0.0000,0.0000,,1
1079,0.995,0.0000,0.0000,0.0000,,1
1080,0.995,0.8013,0.7824,0.0189,,1
1081,0.995,0.0000,0.0000,0.0000,,1
1082,0.993,0.0000,0.0000,0.0000,,1
1083,0.991,0.8058,0.7856,0.0202,,1
1084,0.996,0.0000,0.0000,0.0000,,1
1085,0.997,0.0000,0.0000,0.0000,,1
1086,0.996,0.7790,0.7752,0.0038,,1
1087,0.997,0.0000,0.0000,0.0000,,1
1088,0.997,0.0000,0.0000,0.0000,,1
1089,0.998,0.7549,0.7507,0.0042,,1
1090,0.997,0.0000,0.0000,0.0000,,1
1091,0.999,0.0000,0.0000,0.0000,,1
1092,0.997,0.7288,0.7143,0.0145,,1
1093,0.999,0.0000,0.0000,0.0000,,1
1094,0.999,0.0000,0.0000,0.0000,,1
1095,0.999,0.7328,0.7328,0.0000,,1
1096,0.999,0.0000,0.0000,0.0000,,1
1097,0.999,0.0000,0.0000,0.0000,,1
1098,0.999,0.7457,0.7427,0.0031,,1
1099,0.999,0.0000,0.0000,0.0000,,1
1100,0.999,0.0000,0.0000,0.0000,,1
1101,0.999,0.7492,0.7484,0.0008,,1
1102,0.999,0.0000,0.0000,0.0000,,1
1103,0.999,0.0000,0.0000,0.0000,,1
1104,0.999,0.7926,0.7921,0.0005,,1
1105,0.999,0.0000,0.0000,0.0000,,1
1106,0.999,0.0000,0.0000,0.0000,,1
1107,0.999,0.7794,0.7788,0.0006,,1
1108,0.999,0.0000,0.0000,0.0000,,1
1109,0.999,0.0000,0.0000,0.0000,,1
1110,0.999,0.7461,0.7456,0.0005,,1
1111,0.999,0.0000,0.0000,0.0000,,1
1112,0.998,0.0000,0.0000,0.0000,,1
1113,0.998,0.7609,0.7558,0.0050,,1
1114,0.998,0.0000,0.0000,0.0000,,1
1115,0.999,0.0000,0.0000,0.0000,,1
1116,0.999,0.7740,0.7678,0.0062,,1
1117,0.999,0.0000,0.0000,0.0000,,1
1118,0.999,0.0000,0.0000,0.0000,,1
1119,0.999,0.7924,0.7883,0.0041,,1
1120,0.999,0.0000,0.0000,0.0000,,1
1121,0.999,0.0000,0.0000,0.0000,,1
1122,0.999,0.7500,0.7394,0.0106,,1
1123,0.998,0.0000,0.0000,0.0000,,1
1124,0.998,0.0000,0.0000,0.0000,,1
1125,0.999,0.7332,0.7239,0.0093,,1
1126,0.998,0.0000,0.0000,0.0000,,1
1127,0.999,0.0000,0.0000,0.0000,,1
1128,0.998,0.7604,0.7450,0.0154,,1
1129,0.999,0.0000,0.0000,0.0000,,1
1130,0.999,0.0000,0.0000,0.0000,,1
1131,0.999,0.7587,0.7399,0.0188,,1
1132,0.999,0.0000,0.0000,0.0000,,1
1133,0.999,0.0000,0.0000,0.0000,,1
1134,0.999,0.7714,0.7446,0.0267,,1
1135,0.999,0.0000,0.0000,0.0000,,1
1136,0.999,0.0000,0.0000,0.0000,,1
1137,0.999,0.7688,0.7682,0.0006,,1
1138,0.998,0.0000,0.0000,0.0000,,1
1139,0.998,0.0000,0.0000,0.0000,,1
1140,0.999,0.7661,0.7552,0.0110,,1
1141,0.998,0.0000,0.0000,0.0000,,1
1142,0.998,0.0000,0.0000,0.0000,,1
1143,0.998,0.7967,0.7879,0.0088,,1
1144,0.998,0.0000,0.0000,0.0000,,1
1145,0.998,0.0000,0.0000,0.0000,,1
1146,0.998,0.7678,0.7626,0.0052,,1
1147,0.999,0.0000,0.0000,0.0000,,1
1148,0.998,0.0000,0.0000,0.0000,,1
1149,0.998,0.7748,0.7666,0.0082,,1
1150,0.998,0.0000,0.0000,0.0000,,1
1151,0.998,0.0000,0.0000,0.0000,,1
1152,0.998,0.7491,0.7400,0.0092,,1
1153,0.998,0.0000,0.0000,0.0000,,1
1154,0.997,0.0000,0.0000,0.0000,,1
1155,0.997,0.7930,0.7867,0.0062,,1
1156,0.997,0.0000,0.0000,0.0000,,1
1157,0.997,0.0000,0.0000,0.0000,,1
1158,0.996,0.7919,0.7885,0.0034,,1
1159,0.985,0.0000,0.0000,0.0000,,1
1160,0.983,0.0000,0.0000,0.0000,,1
1161,0.988,0.7725,0.7571,0.0153,,1
1162,0.988,0.0000,0.0000,0.0000,,1
1163,0.986,0.0000,0.0000,0.0000,,1
1164,0.988,0.8146,0.7944,0.0202,,1
1165,0.987,0.0000,0.0000,0.0000,,1
1166,0.991,0.0000,0.0000,0.0000,,1
1167,0.991,0.7878,0.7774,0.0104,,1
1168,0.991,0.0000,0.0000,0.0000,,1
1169,0.993,0.0000,0.0000,0.0000,,1
1170,0.995,0.7993,0.7902,0.0090,,1
1171,0.995,0.0000,0.0000,0.0000,,1
1172,0.992,0.0000,0.0000,0.0000,,1
1173,0.993,0.7881,0.7710,0.0171,,1
1174,0.990,0.0000,0.0000,0.0000,,1
1175,0.989,0.0000,0.0000,0.0000,,1
1176,0.983,0.7684,0.7559,0.0125,,1
1177,0.987,0.0000,0.0000,0.0000,,1
1178,0.967,0.0000,0.0000,0.0000,,1
1179,0.970,0.8028,0.7815,0.0213,,1
1180,0.989,0.0000,0.0000,0.0000,,1
1181,0.994,0.0000,0.0000,0.0000,,1
1182,0.993,0.7788,0.7742,0.0047,,1
1183,0.994,0.0000,0.0000,0.0000,,1
1184,0.992,0.0000,0.0000,0.0000,,1
1185,0.992,0.8264,0.8165,0.0100,,1
1186,0.995,0.0000,0.0000,0.0000,,1
1187,0.996,0.0000,0.0000,0.0000,,1
1188,0.997,0.7807,0.7751,0.0055,,1
1189,0.997,0.0000,0.0000,0.0000,,1
1190,0.998,0.0000,0.0000,0.0000,,1
1191,0.998,0.7895,0.7812,0.0083,,1
1192,0.998,0.0000,0.0000,0.0000,,1
1193,0.968,0.0000,0.0000,0.0000,,1
1194,0.659,0.7645,0.7411,0.0234,,1
1195,0.607,0.0000,0.0000,0.0000,,1
1196,0.583,0.0000,0.0000,0.0000,,1
1196,0.342,0.0000,0.0000,0.0000,,1
1197,0.748,0.6911,0.6808,0.0103,,1
1198,0.816,0.0000,0.0000,0.0000,,1
1199,0.684,0.0000,0.0000,0.0000,,1
1200,0.667,0.7315,0.7258,0.0057,,1
1200,0.387,0.7073,0.7000,0.0073,,1
1201,0.890,0.0000,0.0000,0.0000,,1
1202,0.783,0.0000,0.0000,0.0000,,1
1202,0.184,0.0000,0.0000,0.0000,,1
1203,0.834,0.7323,0.7291,0.0032,,1
1204,0.903,0.0000,0.0000,0.0000,,1
1205,0.740,0.0000,0.0000,0.0000,,1
1206,0.444,0.7445,0.7437,0.0008,,1
1207,0.868,0.0000,0.0000,0.0000,,1
1208,0.741,0.0000,0.0000,0.0000,,1
1209,0.864,0.7270,0.7236,0.0034,,1
1210,0.939,0.0000,0.0000,0.0000,,1
1211,0.885,0.0000,0.0000,0.0000,,1
1212,0.854,0.7220,0.7218,0.0002,,1
1213,0.482,0.0000,0.0000,0.0000,,1
1213,0.189,0.0000,0.0000,0.0000,,1
1214,0.324,0.0000,0.0000,0.0000,,1
1215,0.643,0.7146,0.7060,0.0086,,1
1216,0.665,0.0000,0.0000,0.0000,,1
1217,0.666,0.0000,0.0000,0.0000,,1
1218,0.660,0.7565,0.7550,0.0015,,1
1219,0.617,0.0000,0.0000,0.0000,,1
1220,0.592,0.0000,0.0000,0.0000,,1
1221,0.650,0.7338,0.7273,0.0064,,1
1222,0.697,0.0000,0.0000,0.0000,,1
1223,0.407,0.0000,0.0000,0.0000,,1
1224,0.450,0.7520,0.7488,0.0032,,1
1225,0.327,0.0000,0.0000,0.0000,,1
1226,0.205,0.0000,0.0000,0.0000,,1
1227,0.204,0.7140,0.7103,0.0037,,1
1228,0.199,0.0000,0.0000,0.0000,,1
1230,0.276,0.6925,0.6895,0.0030,,1
1231,0.258,0.0000,0.0000,0.0000,,1
1232,0.712,0.0000,0.0000,0.0000,,1
1233,0.546,0.7442,0.7417,0.0025,,1
1234,0.440,0.0000,0.0000,0.0000,,1
1235,0.654,0.0000,0.0000,0.0000,,1
1236,0.530,0.7057,0.6949,0.0108,,1
1236,0.150,0.7451,0.7322,0.0129,,1
1237,0.453,0.0000,0.0000,0.0000,,1
1238,0.725,0.0000,0.0000,0.0000,,1
1239,0.740,0.7550,0.7404,0.0146,,1
1240,0.767,0.0000,0.0000,0.0000,,1
1241,0.606,0.0000,0.0000,0.0000,,1
1242,0.569,0.7280,0.7164,0.0115,,1
1243,0.508,0.0000,0.0000,0.0000,,1
1244,0.325,0.0000,0.0000,0.0000,,1
1245,0.428,0.7424,0.7301,0.0122,,1
1246,0.527,0.0000,0.0000,0.0000,,1
1247,0.521,0.0000,0.0000,0.0000,,1
1248,0.391,0.7292,0.7276,0.0016,,1
1249,0.418,0.0000,0.0000,0.0000,,1
1250,0.592,0.0000,0.0000,0.0000,,1
1251,0.495,0.7401,0.7303,0.0098,,1
1252,0.501,0.0000,0.0000,0.0000,,1
1253,0.429,0.0000,0.0000,0.0000,,1
1254,0.522,0.7236,0.7208,0.0029,,1
1255,0.322,0.0000,0.0000,0.0000,,1
1256,0.383,0.0000,0.0000,0.0000,,1
1257,0.324,0.7126,0.7100,0.0026,,1
1258,0.288,0.0000,0.0000,0.0000,,1
1259,0.270,0.0000,0.0000,0.0000,,1
1260,0.397,0.7346,0.7314,0.0032,,1
1261,0.460,0.0000,0.0000,0.0000,,1
1262,0.681,0.0000,0.0000,0.0000,,1
1263,0.601,0.7413,0.7372,0.0041,,1
1264,0.557,0.0000,0.0000,0.0000,,1
1265,0.326,0.0000,0.0000,0.0000,,1
1266,0.255,0.7383,0.7352,0.0031,,1
1267,0.351,0.0000,0.0000,0.0000,,1
1268,0.373,0.0000,0.0000,0.0000,,1
1269,0.294,0.7571,0.7424,0.0147,,1
1270,0.209,0.0000,0.0000,0.0000,,1
1271,0.261,0.0000,0.0000,0.0000,,1
1272,0.329,0.7199,0.7159,0.0040,,1
1273,0.190,0.0000,0.0000,0.0000,,1
1273,0.155,0.0000,0.0000,0.0000,,1
1274,0.262,0.0000,0.0000,0.0000,,1
1275,0.401,0.7384,0.7374,0.0009,,1
1276,0.311,0.0000,0.0000,0.0000,,1
1277,0.272,0.0000,0.0000,0.0000,,1
1278,0.299,0.7573,0.7564,0.0009,,1
1279,0.280,0.0000,0.0000,0.0000,,1
1280,0.251,0.0000,0.0000,0.0000,,1
1281,0.272,0.7550,0.7511,0.0039,,1
1282,0.182,0.0000,0.0000,0.0000,,1
1283,0.250,0.0000,0.0000,0.0000,,1
1284,0.350,0.7643,0.7625,0.0018,,1
1285,0.432,0.0000,0.0000,0.0000,,1
1286,0.380,0.0000,0.0000,0.0000,,1
1287,0.321,0.7509,0.7508,0.0001,,1
1288,0.301,0.0000,0.0000,0.0000,,1
1289,0.353,0.0000,0.0000,0.0000,,1
1290,0.249,0.7563,0.7479,0.0084,,1
1291,0.290,0.0000,0.0000,0.0000,,1
1292,0.206,0.0000,0.0000,0.0000,,1
1293,0.196,0.7495,0.7435,0.0060,,1
1301,0.774,0.0000,0.0000,0.0000,,1
1302,0.850,0.6141,0.6125,0.0015,,1
1303,0.979,0.0000,0.0000,0.0000,,1
1304,0.986,0.0000,0.0000,0.0000,,1
1305,0.921,0.7898,0.7786,0.0113,,1
1306,0.974,0.0000,0.0000,0.0000,,1
1307,0.517,0.0000,0.0000,0.0000,,1
1315,0.597,0.0000,0.0000,0.0000,,1
1316,0.244,0.0000,0.0000,0.0000,,1
1318,0.154,0.0000,0.0000,0.0000,,1
1323,0.170,0.6696,0.6543,0.0153,,1
1324,0.401,0.0000,0.0000,0.0000,,1
1325,0.299,0.0000,0.0000,0.0000,,1
1326,0.176,0.6503,0.6444,0.0059,,1
1330,0.161,0.0000,0.0000,0.0000,,1
1331,0.150,0.0000,0.0000,0.0000,,1
1333,0.290,0.0000,0.0000,0.0000,,1
1364,0.183,0.0000,0.0000,0.0000,,1
1365,0.210,0.7979,0.7648,0.0331,,1
1366,0.285,0.0000,0.0000,0.0000,,1
1367,0.763,0.0000,0.0000,0.0000,,1
1372,0.522,0.0000,0.0000,0.0000,,1
1373,0.382,0.0000,0.0000,0.0000,,1
1374,0.270,0.7405,0.7251,0.0154,,1
1374,0.151,0.7679,0.7513,0.0167,,1
1375,0.432,0.0000,0.0000,0.0000,,1
1376,0.292,0.0000,0.0000,0.0000,,1
1377,0.217,0.7832,0.7746,0.0086,,1
1378,0.311,0.0000,0.0000,0.0000,,1
1379,0.163,0.0000,0.0000,0.0000,,1
1393,0.321,0.0000,0.0000,0.0000,,1
1394,0.663,0.0000,0.0000,0.0000,,1
1395,0.345,0.7400,0.7329,0.0071,,1
1396,0.188,0.0000,0.0000,0.0000,,1
1397,0.272,0.0000,0.0000,0.0000,,1
1398,0.313,0.6783,0.6663,0.0119,,1
1399,0.545,0.0000,0.0000,0.0000,,1
1400,0.530,0.0000,0.0000,0.0000,,1
1408,0.150,0.0000,0.0000,0.0000,,1
1410,0.189,0.7713,0.7658,0.0054,,1
1411,0.386,0.0000,0.0000,0.0000,,1
1413,0.165,0.7915,0.7900,0.0015,,1
1413,0.164,0.7818,0.7773,0.0045,,1
1414,0.228,0.0000,0.0000,0.0000,,1
1415,0.216,0.0000,0.0000,0.0000,,1
1416,0.163,0.7846,0.7744,0.0102,,1
1416,0.161,0.7918,0.7749,0.0169,,1
1417,0.189,0.0000,0.0000,0.0000,,1
1417,0.166,0.0000,0.0000,0.0000,,1
1418,0.446,0.0000,0.0000,0.0000,,1
1419,0.160,0.7946,0.7936,0.0009,,1
1421,0.155,0.0000,0.0000,0.0000,,1
1423,0.198,0.0000,0.0000,0.0000,,1
1423,0.159,0.0000,0.0000,0.0000,,1
1424,0.205,0.0000,0.0000,0.0000,,1
1425,0.245,0.7967,0.7953,0.0014,,1
1426,0.268,0.0000,0.0000,0.0000,,1
1427,0.155,0.0000,0.0000,0.0000,,1
1428,0.152,0.7780,0.7722,0.0058,,1
1430,0.192,0.0000,0.0000,0.0000,,1
1431,0.169,0.7710,0.7683,0.0027,,1
1432,0.168,0.0000,0.0000,0.0000,,1
1445,0.160,0.0000,0.0000,0.0000,,1
1446,0.185,0.7884,0.7638,0.0246,,1
1447,0.269,0.0000,0.0000,0.0000,,1
1448,0.428,0.0000,0.0000,0.0000,,1
1451,0.157,0.0000,0.0000,0.0000,,1
1452,0.152,0.7881,0.7825,0.0057,,1
1453,0.277,0.0000,0.0000,0.0000,,1
1454,0.153,0.0000,0.0000,0.0000,,1
1458,0.159,0.8006,0.7890,0.0116,,1
1459,0.155,0.0000,0.0000,0.0000,,1
1460,0.172,0.0000,0.0000,0.0000,,1
1461,0.214,0.7882,0.7780,0.0102,,1
1463,0.230,0.0000,0.0000,0.0000,,1
1464,0.198,0.7882,0.7857,0.0025,,1
1465,0.169,0.0000,0.0000,0.0000,,1
1469,0.201,0.0000,0.0000,0.0000,,1
1475,0.293,0.0000,0.0000,0.0000,,1
1476,0.426,0.8007,0.7953,0.0054,,1
1477,0.305,0.0000,0.0000,0.0000,,1
1478,0.386,0.0000,0.0000,0.0000,,1
1480,0.598,0.0000,0.0000,0.0000,,1
1483,0.391,0.0000,0.0000,0.0000,,1
1484,0.466,0.0000,0.0000,0.0000,,1
1505,0.773,0.0000,0.0000,0.0000,,1
1528,0.909,0.0000,0.0000,0.0000,,1
1530,0.923,0.7934,0.7776,0.0159,,1
1535,0.933,0.0000,0.0000,0.0000,,1
1537,0.911,0.0000,0.0000,0.0000,,1
1538,0.972,0.0000,0.0000,0.0000,,1
1539,0.980,0.7576,0.7314,0.0262,,1
1540,0.961,0.0000,0.0000,0.0000,,1
1541,0.975,0.0000,0.0000,0.0000,,1
1542,0.978,0.7911,0.7856,0.0056,,1
1543,0.976,0.0000,0.0000,0.0000,,1
1544,0.986,0.0000,0.0000,0.0000,,1
1545,0.975,0.8053,0.7977,0.0076,,1
1546,0.964,0.0000,0.0000,0.0000,,1
1547,0.987,0.0000,0.0000,0.0000,,1
1548,0.989,0.7640,0.7637,0.0003,,1
1549,0.985,0.0000,0.0000,0.0000,,1
1550,0.974,0.0000,0.0000,0.0000,,1
1551,0.958,0.8156,0.8043,0.0113,,1
1552,0.961,0.0000,0.0000,0.0000,,1
1553,0.974,0.0000,0.0000,0.0000,,1
1554,0.971,0.7847,0.7654,0.0194,,1
1555,0.956,0.0000,0.0000,0.0000,,1
1558,0.935,0.0000,0.0000,0.0000,,1
1559,0.910,0.0000,0.0000,0.0000,,1
1560,0.909,0.8023,0.7850,0.0172,,1
1561,0.961,0.0000,0.0000,0.0000,,1
1562,0.932,0.0000,0.0000,0.0000,,1
1563,0.936,0.8002,0.7968,0.0034,,1
1564,0.937,0.0000,0.0000,0.0000,,1
1565,0.909,0.0000,0.0000,0.0000,,1
1566,0.939,0.7999,0.7854,0.0146,,1
1567,0.955,0.0000,0.0000,0.0000,,1
1570,0.970,0.0000,0.0000,0.0000,,1
1571,0.966,0.0000,0.0000,0.0000,,1
1572,0.964,0.8192,0.8047,0.0145,,1
1573,0.946,0.0000,0.0000,0.0000,,1
1574,0.962,0.0000,0.0000,0.0000,,1
1575,0.967,0.8328,0.8127,0.0201,,1
1576,0.955,0.0000,0.0000,0.0000,,1
1577,0.937,0.0000,0.0000,0.0000,,1
1578,0.957,0.8069,0.8061,0.0008,,1
1579,0.946,0.0000,0.0000,0.0000,,1
1580,0.954,0.0000,0.0000,0.0000,,1
1581,0.962,0.8280,0.8169,0.0111,,1
1583,0.921,0.0000,0.0000,0.0000,,1
1584,0.959,0.8024,0.7939,0.0085,,1
1585,0.940,0.0000,0.0000,0.0000,,1
1586,0.956,0.0000,0.0000,0.0000,,1
1587,0.956,0.8036,0.8022,0.0014,,1
1588,0.973,0.0000,0.0000,0.0000,,1
1589,0.968,0.0000,0.0000,0.0000,,1
1590,0.958,0.8031,0.7914,0.0118,,1
1591,0.947,0.0000,0.0000,0.0000,,1
1592,0.951,0.0000,0.0000,0.0000,,1
1593,0.958,0.8149,0.7865,0.0284,,1
1595,0.933,0.0000,0.0000,0.0000,,1
1596,0.961,0.8186,0.7931,0.0254,,1
1597,0.958,0.0000,0.0000,0.0000,,1
1599,0.935,0.8235,0.7989,0.0245,,1
1600,0.955,0.0000,0.0000,0.0000,,1
1601,0.949,0.0000,0.0000,0.0000,,1
1602,0.959,0.8011,0.7885,0.0126,,1
1603,0.918,0.0000,0.0000,0.0000,,1
1607,0.922,0.0000,0.0000,0.0000,,1
1608,0.906,0.7926,0.7769,0.0157,,1
1609,0.919,0.0000,0.0000,0.0000,,1
1610,0.942,0.0000,0.0000,0.0000,,1
1611,0.927,0.7926,0.7745,0.0180,,1
1612,0.917,0.0000,0.0000,0.0000,,1
1613,0.938,0.0000,0.0000,0.0000,,1
1614,0.935,0.7968,0.7852,0.0115,,1
1616,0.911,0.0000,0.0000,0.0000,,1
1621,0.902,0.0000,0.0000,0.0000,,1
1623,0.906,0.8398,0.8367,0.0031,,1
1624,0.917,0.0000,0.0000,0.0000,,1
1626,0.958,0.8227,0.8220,0.0007,,1
1627,0.955,0.0000,0.0000,0.0000,,1
1628,0.955,0.0000,0.0000,0.0000,,1
1629,0.986,0.8061,0.7990,0.0071,,1
1630,0.989,0.0000,0.0000,0.0000,,1
1631,0.994,0.0000,0.0000,0.0000,,1
1632,0.995,0.7686,0.7595,0.0092,,1
1633,0.993,0.0000,0.0000,0.0000,,1
1634,0.972,0.0000,0.0000,0.0000,,1
1635,0.940,0.7625,0.7528,0.0097,,1
1637,0.951,0.0000,0.0000,0.0000,,1
1638,0.913,0.7745,0.7631,0.0113,,1
1640,0.925,0.0000,0.0000,0.0000,,1
1647,0.937,0.7699,0.7641,0.0058,,1
1648,0.903,0.0000,0.0000,0.0000,,1
1649,0.922,0.0000,0.0000,0.0000,,1
1650,0.919,0.7804,0.7661,0.0143,,1
1651,0.940,0.0000,0.0000,0.0000,,1
1654,0.921,0.0000,0.0000,0.0000,,1
1655,0.926,0.0000,0.0000,0.0000,,1
1663,0.903,0.0000,0.0000,0.0000,,1
1664,0.957,0.0000,0.0000,0.0000,,1
1665,0.931,0.7994,0.7986,0.0007,,1
1667,0.920,0.0000,0.0000,0.0000,,1
1669,0.956,0.0000,0.0000,0.0000,,1
1672,0.915,0.0000,0.0000,0.0000,,1
1678,0.913,0.0000,0.0000,0.0000,,1
1681,0.901,0.0000,0.0000,0.0000,,1
1697,0.907,0.0000,0.0000,0.0000,,1
1700,0.949,0.0000,0.0000,0.0000,,1
1702,0.917,0.0000,0.0000,0.0000,,1
1713,0.952,0.7586,0.7483,0.0103,,1
1714,0.964,0.0000,0.0000,0.0000,,1
1715,0.958,0.0000,0.0000,0.0000,,1
1716,0.963,0.7906,0.7805,0.0101,,1
1717,0.902,0.0000,0.0000,0.0000,,1
1719,0.931,0.8012,0.7913,0.0098,,1
1720,0.902,0.0000,0.0000,0.0000,,1
1727,0.913,0.0000,0.0000,0.0000,,1
1729,0.940,0.0000,0.0000,0.0000,,1
1730,0.920,0.0000,0.0000,0.0000,,1
1731,0.908,0.7854,0.7794,0.0059,,1
1749,0.921,0.7967,0.7964,0.0003,,1
1750,0.969,0.0000,0.0000,0.0000,,1
1751,0.925,0.0000,0.0000,0.0000,,1
1753,0.945,0.0000,0.0000,0.0000,,1
1754,0.958,0.0000,0.0000,0.0000,,1
1755,0.969,0.7951,0.7925,0.0026,,1
1756,0.922,0.0000,0.0000,0.0000,,1
1757,0.947,0.0000,0.0000,0.0000,,1
1758,0.977,0.8060,0.8028,0.0032,,1
1759,0.975,0.0000,0.0000,0.0000,,1
1760,0.960,0.0000,0.0000,0.0000,,1
1761,0.948,0.7830,0.7791,0.0039,,1
1762,0.950,0.0000,0.0000,0.0000,,1
1763,0.957,0.0000,0.0000,0.0000,,1
1764,0.920,0.8058,0.8024,0.0035,,1
1765,0.935,0.0000,0.0000,0.0000,,1
1767,0.923,0.8342,0.8327,0.0015,,1
1768,0.952,0.0000,0.0000,0.0000,,1
1769,0.901,0.0000,0.0000,0.0000,,1
1770,0.934,0.8104,0.8081,0.0023,,1
1772,0.915,0.0000,0.0000,0.0000,,1
1777,0.921,0.0000,0.0000,0.0000,,1
1778,0.909,0.0000,0.0000,0.0000,,1
1779,0.922,0.7965,0.7886,0.0079,,1
1780,0.936,0.0000,0.0000,0.0000,,1
1783,0.902,0.0000,0.0000,0.0000,,1
1784,0.954,0.0000,0.0000,0.0000,,1
1785,0.966,0.7832,0.7775,0.0057,,1
1786,0.951,0.0000,0.0000,0.0000,,1
1788,0.902,0.8013,0.7963,0.0050,,1
1789,0.945,0.0000,0.0000,0.0000,,1
1790,0.947,0.0000,0.0000,0.0000,,1
1791,0.947,0.7789,0.7711,0.0078,,1
1793,0.911,0.0000,0.0000,0.0000,,1
1795,0.952,0.0000,0.0000,0.0000,,1
1796,0.941,0.0000,0.0000,0.0000,,1
1797,0.963,0.7917,0.7894,0.0024,,1
1798,0.954,0.0000,0.0000,0.0000,,1
1799,0.915,0.0000,0.0000,0.0000,,1
1809,0.952,0.7973,0.7951,0.0023,,1
1810,0.964,0.0000,0.0000,0.0000,,1
1811,0.969,0.0000,0.0000,0.0000,,1
1812,0.985,0.7902,0.7841,0.0061,,1
1813,0.993,0.0000,0.0000,0.0000,,1
1814,0.978,0.0000,0.0000,0.0000,,1
1815,0.987,0.7835,0.7786,0.0049,,1
1816,0.988,0.0000,0.0000,0.0000,,1
1817,0.991,0.0000,0.0000,0.0000,,1
1818,0.986,0.7957,0.7885,0.0072,,1
1819,0.968,0.0000,0.0000,0.0000,,1
1820,0.983,0.0000,0.0000,0.0000,,1
1821,0.980,0.7650,0.7605,0.0045,,1
1822,0.976,0.0000,0.0000,0.0000,,1
1823,0.945,0.0000,0.0000,0.0000,,1
1824,0.923,0.8013,0.7991,0.0022,,1
1825,0.949,0.0000,0.0000,0.0000,,1
1827,0.925,0.8019,0.7906,0.0113,,1
1829,0.936,0.0000,0.0000,0.0000,,1
1830,0.945,0.8032,0.7860,0.0172,,1
1831,0.953,0.0000,0.0000,0.0000,,1
1832,0.939,0.0000,0.0000,0.0000,,1
1833,0.939,0.8032,0.7879,0.0153,,1
1835,0.933,0.0000,0.0000,0.0000,,1
1836,0.905,0.7957,0.7939,0.0018,,1
1837,0.948,0.0000,0.0000,0.0000,,1
1838,0.911,0.0000,0.0000,0.0000,,1
1840,0.946,0.0000,0.0000,0.0000,,1
1847,0.905,0.0000,0.0000,0.0000,,1
1869,0.956,0.7809,0.7732,0.0077,,1
1872,0.955,0.7801,0.7769,0.0032,,1
1873,0.989,0.0000,0.0000,0.0000,,1
1874,0.995,0.0000,0.0000,0.0000,,1
1875,0.951,0.7696,0.7672,0.0024,,1
1876,0.946,0.0000,0.0000,0.0000,,1
3,0.334,0.4860,0.4499,0.0361,,1
8,0.264,0.0000,0.0000,0.0000,,1
15,0.392,0.6650,0.6550,0.0101,,1
16,0.896,0.0000,0.0000,0.0000,,1
17,0.880,0.0000,0.0000,0.0000,,1
18,0.931,0.7291,0.7287,0.0004,,1
20,0.736,0.0000,0.0000,0.0000,,1
21,0.988,0.7917,0.7676,0.0241,,1
22,0.984,0.0000,0.0000,0.0000,,1
23,0.990,0.0000,0.0000,0.0000,,1
24,0.985,0.8003,0.7746,0.0257,,1
25,0.991,0.0000,0.0000,0.0000,,1
26,0.987,0.0000,0.0000,0.0000,,1
27,0.984,0.7991,0.7859,0.0132,,1
28,0.987,0.0000,0.0000,0.0000,,1
29,0.977,0.0000,0.0000,0.0000,,1
30,0.982,0.8325,0.8259,0.0066,,1
31,0.982,0.0000,0.0000,0.0000,,1
32,0.983,0.0000,0.0000,0.0000,,1
33,0.984,0.8114,0.7937,0.0178,,1
34,0.982,0.0000,0.0000,0.0000,,1
35,0.982,0.0000,0.0000,0.0000,,1
36,0.984,0.8270,0.8002,0.0268,,1
37,0.983,0.0000,0.0000,0.0000,,1
38,0.988,0.0000,0.0000,0.0000,,1
39,0.986,0.8159,0.8090,0.0069,,1
40,0.985,0.0000,0.0000,0.0000,,1
41,0.976,0.0000,0.0000,0.0000,,1
42,0.984,0.7935,0.7909,0.0026,,1
43,0.981,0.0000,0.0000,0.0000,,1
44,0.970,0.0000,0.0000,0.0000,,1
45,0.953,0.8098,0.7940,0.0158,,1
46,0.968,0.0000,0.0000,0.0000,,1
47,0.983,0.0000,0.0000,0.0000,,1
48,0.989,0.7924,0.7575,0.0349,,1
49,0.988,0.0000,0.0000,0.0000,,1
50,0.991,0.0000,0.0000,0.0000,,1
51,0.991,0.8169,0.7785,0.0383,,1
52,0.990,0.0000,0.0000,0.0000,,1
53,0.992,0.0000,0.0000,0.0000,,1
54,0.992,0.8216,0.7862,0.0354,,1
55,0.993,0.0000,0.0000,0.0000,,1
56,0.986,0.0000,0.0000,0.0000,,1
57,0.988,0.8101,0.7772,0.0329,,1
58,0.988,0.0000,0.0000,0.0000,,1
59,0.979,0.0000,0.0000,0.0000,,1
60,0.981,0.8266,0.7901,0.0366,,1
61,0.989,0.0000,0.0000,0.0000,,1
62,0.985,0.0000,0.0000,0.0000,,1
63,0.987,0.8038,0.7783,0.0255,,1
64,0.985,0.0000,0.0000,0.0000,,1
65,0.983,0.0000,0.0000,0.0000,,1
66,0.988,0.7925,0.7472,0.0453,,1
67,0.987,0.0000,0.0000,0.0000,,1
68,0.989,0.0000,0.0000,0.0000,,1
69,0.988,0.7860,0.7538,0.0322,,1
70,0.986,0.0000,0.0000,0.0000,,1
71,0.990,0.0000,0.0000,0.0000,,1
72,0.986,0.7979,0.7636,0.0343,,1
73,0.988,0.0000,0.0000,0.0000,,1
74,0.987,0.0000,0.0000,0.0000,,1
75,0.989,0.7938,0.7501,0.0437,,1
76,0.985,0.0000,0.0000,0.0000,,1
77,0.982,0.0000,0.0000,0.0000,,1
78,0.985,0.7869,0.7491,0.0378,,1
79,0.991,0.0000,0.0000,0.0000,,1
80,0.993,0.0000,0.0000,0.0000,,1
81,0.993,0.7862,0.7624,0.0238,,1
82,0.990,0.0000,0.0000,0.0000,,1
83,0.990,0.0000,0.0000,0.0000,,1
84,0.993,0.8031,0.7543,0.0487,,1
85,0.991,0.0000,0.0000,0.0000,,1
86,0.991,0.0000,0.0000,0.0000,,1
87,0.991,0.7863,0.7480,0.0383,,1
88,0.991,0.0000,0.0000,0.0000,,1
89,0.992,0.0000,0.0000,0.0000,,1
90,0.992,0.7790,0.7361,0.0429,,1
91,0.993,0.0000,0.0000,0.0000,,1
92,0.944,0.0000,0.0000,0.0000,,1
93,0.981,0.8410,0.8072,0.0338,,1
94,0.969,0.0000,0.0000,0.0000,,1
95,0.988,0.0000,0.0000,0.0000,,1
96,0.985,0.8349,0.7943,0.0406,,1
97,0.984,0.0000,0.0000,0.0000,,1
98,0.949,0.0000,0.0000,0.0000,,1
99,0.965,0.8465,0.8243,0.0222,,1
100,0.948,0.0000,0.0000,0.0000,,1
101,0.958,0.0000,0.0000,0.0000,,1
102,0.968,0.8486,0.7985,0.0501,nike_dunk_low_purple_court,0
103,0.978,0.0000,0.0000,0.0000,nike_dunk_low_purple_court,0
104,0.988,0.0000,0.0000,0.0000,nike_dunk_low_purple_court,0
105,0.986,0.8229,0.7809,0.0420,nike_dunk_low_purple_court,0
106,0.979,0.0000,0.0000,0.0000,nike_dunk_low_purple_court,0
107,0.987,0.0000,0.0000,0.0000,nike_dunk_low_purple_court,0
108,0.983,0.8361,0.7918,0.0443,nike_dunk_low_purple_court,0
109,0.986,0.0000,0.0000,0.0000,nike_dunk_low_purple_court,0
110,0.983,0.0000,0.0000,0.0000,,1
111,0.982,0.8375,0.8091,0.0284,,1
112,0.989,0.0000,0.0000,0.0000,,1
113,0.986,0.0000,0.0000,0.0000,,1
114,0.991,0.8327,0.8050,0.0277,,1
115,0.993,0.0000,0.0000,0.0000,,1
116,0.991,0.0000,0.0000,0.0000,,1
117,0.986,0.8372,0.8025,0.0347,,1
118,0.990,0.0000,0.0000,0.0000,,1
119,0.989,0.0000,0.0000,0.0000,,1
120,0.989,0.8346,0.7949,0.0397,,1
121,0.989,0.0000,0.0000,0.0000,,1
122,0.988,0.0000,0.0000,0.0000,,1
123,0.990,0.8521,0.8198,0.0323,,1
124,0.989,0.0000,0.0000,0.0000,,1
125,0.990,0.0000,0.0000,0.0000,,1
126,0.987,0.8336,0.7901,0.0436,,1
127,0.987,0.0000,0.0000,0.0000,,1
128,0.989,0.0000,0.0000,0.0000,,1
129,0.991,0.8221,0.8075,0.0146,,1
130,0.991,0.0000,0.0000,0.0000,,1
131,0.994,0.0000,0.0000,0.0000,,1
132,0.993,0.8360,0.8121,0.0238,,1
133,0.994,0.0000,0.0000,0.0000,,1
134,0.993,0.0000,0.0000,0.0000,,1
135,0.996,0.8472,0.8150,0.0322,,1
136,0.995,0.0000,0.0000,0.0000,,1
137,0.992,0.0000,0.0000,0.0000,,1
138,0.990,0.8544,0.8275,0.0269,,1
139,0.986,0.0000,0.0000,0.0000,,1
140,0.989,0.0000,0.0000,0.0000,,1
141,0.991,0.8541,0.8252,0.0289,,1
142,0.965,0.0000,0.0000,0.0000,,1
143,0.985,0.0000,0.0000,0.0000,,1
144,0.977,0.8337,0.8122,0.0215,,1
145,0.993,0.0000,0.0000,0.0000,,1
146,0.995,0.0000,0.0000,0.0000,,1
147,0.996,0.8395,0.8071,0.0324,,1
148,0.995,0.0000,0.0000,0.0000,,1
149,0.995,0.0000,0.0000,0.0000,,1
150,0.996,0.8545,0.8182,0.0364,,1
151,0.993,0.0000,0.0000,0.0000,,1
152,0.990,0.0000,0.0000,0.0000,,1
153,0.982,0.8197,0.8115,0.0082,,1
154,0.981,0.0000,0.0000,0.0000,,1
155,0.969,0.0000,0.0000,0.0000,,1
156,0.940,0.8132,0.8097,0.0035,,1
157,0.945,0.0000,0.0000,0.0000,,1
158,0.983,0.0000,0.0000,0.0000,,1
159,0.991,0.8167,0.8122,0.0045,,1
160,0.987,0.0000,0.0000,0.0000,,1
161,0.983,0.0000,0.0000,0.0000,,1
162,0.987,0.8013,0.7871,0.0143,,1
163,0.989,0.0000,0.0000,0.0000,,1
164,0.986,0.0000,0.0000,0.0000,,1
165,0.984,0.8185,0.8054,0.0132,,1
166,0.989,0.0000,0.0000,0.0000,,1
167,0.986,0.0000,0.0000,0.0000,,1
168,0.990,0.8321,0.8157,0.0164,,1
169,0.989,0.0000,0.0000,0.0000,,1
170,0.985,0.0000,0.0000,0.0000,,1
171,0.980,0.7992,0.7968,0.0023,,1
172,0.979,0.0000,0.0000,0.0000,,1
173,0.982,0.0000,0.0000,0.0000,,1
174,0.989,0.8017,0.7776,0.0241,,1
175,0.986,0.0000,0.0000,0.0000,,1
176,0.969,0.0000,0.0000,0.0000,,1
177,0.954,0.8130,0.7872,0.0258,,1
178,0.922,0.0000,0.0000,0.0000,,1
179,0.921,0.0000,0.0000,0.0000,,1
180,0.931,0.8203,0.8041,0.0163,,1
181,0.910,0.0000,0.0000,0.0000,,1
182,0.964,0.0000,0.0000,0.0000,,1
183,0.981,0.7922,0.7680,0.0242,,1
184,0.986,0.0000,0.0000,0.0000,,1
185,0.962,0.0000,0.0000,0.0000,,1
186,0.947,0.7974,0.7779,0.0195,,1
187,0.987,0.0000,0.0000,0.0000,,1
188,0.960,0.0000,0.0000,0.0000,,1
189,0.961,0.8252,0.7881,0.0371,,1
190,0.984,0.0000,0.0000,0.0000,,1
191,0.982,0.0000,0.0000,0.0000,,1
192,0.981,0.8327,0.7968,0.0360,,1
193,0.983,0.0000,0.0000,0.0000,,1
194,0.985,0.0000,0.0000,0.0000,,1
195,0.982,0.8315,0.8011,0.0304,,1
196,0.986,0.0000,0.0000,0.0000,,1
197,0.985,0.0000,0.0000,0.0000,,1
198,0.979,0.8409,0.7968,0.0441,,1
199,0.980,0.0000,0.0000,0.0000,,1
200,0.985,0.0000,0.0000,0.0000,,1
201,0.990,0.8049,0.7575,0.0474,,1
202,0.986,0.0000,0.0000,0.0000,,1
203,0.985,0.0000,0.0000,0.0000,,1
204,0.988,0.8144,0.7697,0.0447,,1
205,0.987,0.0000,0.0000,0.0000,,1
206,0.978,0.0000,0.0000,0.0000,,1
207,0.983,0.8243,0.7918,0.0325,,1
208,0.983,0.0000,0.0000,0.0000,,1
209,0.972,0.0000,0.0000,0.0000,,1
210,0.963,0.8234,0.7776,0.0458,,1
211,0.934,0.0000,0.0000,0.0000,,1
212,0.967,0.0000,0.0000,0.0000,,1
213,0.968,0.8432,0.7908,0.0524,nike_dunk_low_purple_court,0
214,0.935,0.0000,0.0000,0.0000,nike_dunk_low_purple_court,0
215,0.870,0.0000,0.0000,0.0000,nike_dunk_low_purple_court,0
216,0.846,0.8173,0.7774,0.0399,nike_dunk_low_purple_court,0
217,0.836,0.0000,0.0000,0.0000,nike_dunk_low_purple_court,0
217,0.603,0.0000,0.0000,0.0000,,1
218,0.815,0.0000,0.0000,0.0000,nike_dunk_low_purple_court,0
218,0.605,0.0000,0.0000,0.0000,,1
219,0.912,0.8322,0.8007,0.0315,nike_dunk_low_purple_court,0
220,0.948,0.0000,0.0000,0.0000,nike_dunk_low_purple_court,0
221,0.964,0.0000,0.0000,0.0000,,1
222,0.964,0.8284,0.8031,0.0252,,1
223,0.966,0.0000,0.0000,0.0000,,1
224,0.938,0.0000,0.0000,0.0000,,1
225,0.970,0.8379,0.8156,0.0224,,1
226,0.954,0.0000,0.0000,0.0000,,1
227,0.964,0.0000,0.0000,0.0000,,1
228,0.966,0.8463,0.8158,0.0305,,1
229,0.953,0.0000,0.0000,0.0000,,1
230,0.933,0.0000,0.0000,0.0000,,1
231,0.905,0.8212,0.8031,0.0181,,1
232,0.921,0.0000,0.0000,0.0000,,1
233,0.877,0.0000,0.0000,0.0000,,1
234,0.925,0.8383,0.8054,0.0329,,1
235,0.883,0.0000,0.0000,0.0000,,1
236,0.887,0.0000,0.0000,0.0000,,1
237,0.921,0.8296,0.8084,0.0213,,1
238,0.926,0.0000,0.0000,0.0000,,1
239,0.960,0.0000,0.0000,0.0000,,1
240,0.966,0.8474,0.8181,0.0294,,1
241,0.963,0.0000,0.0000,0.0000,,1
242,0.870,0.0000,0.0000,0.0000,,1
243,0.905,0.8385,0.8189,0.0195,,1
244,0.923,0.0000,0.0000,0.0000,,1
245,0.939,0.0000,0.0000,0.0000,,1
246,0.965,0.8310,0.7979,0.0330,,1
247,0.986,0.0000,0.0000,0.0000,,1
248,0.911,0.0000,0.0000,0.0000,,1
249,0.907,0.8237,0.7909,0.0328,,1
249,0.729,0.7885,0.7847,0.0038,,1
250,0.931,0.0000,0.0000,0.0000,,1
251,0.955,0.0000,0.0000,0.0000,,1
252,0.940,0.7890,0.7797,0.0093,,1
253,0.859,0.0000,0.0000,0.0000,,1
254,0.928,0.0000,0.0000,0.0000,,1
255,0.815,0.8111,0.7986,0.0124,,1
255,0.798,0.7960,0.7868,0.0092,,1
256,0.823,0.0000,0.0000,0.0000,,1
256,0.752,0.0000,0.0000,0.0000,,1
257,0.909,0.0000,0.0000,0.0000,,1
258,0.798,0.8020,0.7960,0.0060,,1
258,0.453,0.8070,0.7893,0.0177,,1
259,0.919,0.0000,0.0000,0.0000,,1
260,0.663,0.0000,0.0000,0.0000,,1
260,0.438,0.0000,0.0000,0.0000,,1
261,0.823,0.8089,0.8060,0.0029,,1
261,0.310,0.7979,0.7976,0.0003,,1
262,0.841,0.0000,0.0000,0.0000,,1
263,0.744,0.0000,0.0000,0.0000,,1
263,0.461,0.0000,0.0000,0.0000,,1
264,0.786,0.7955,0.7890,0.0065,,1
264,0.463,0.7833,0.7672,0.0161,,1
265,0.667,0.0000,0.0000,0.0000,,1
265,0.286,0.0000,0.0000,0.0000,,1
266,0.913,0.0000,0.0000,0.0000,,1
267,0.824,0.7972,0.7910,0.0062,,1
267,0.263,0.7961,0.7961,0.0000,,1
268,0.734,0.0000,0.0000,0.0000,,1
268,0.730,0.0000,0.0000,0.0000,,1
269,0.863,0.0000,0.0000,0.0000,,1
269,0.776,0.0000,0.0000,0.0000,,1
270,0.898,0.8041,0.7939,0.0102,,1
271,0.905,0.0000,0.0000,0.0000,,1
272,0.931,0.0000,0.0000,0.0000,,1
273,0.983,0.8161,0.8032,0.0129,,1
274,0.982,0.0000,0.0000,0.0000,,1
275,0.902,0.0000,0.0000,0.0000,,1
276,0.933,0.8420,0.8054,0.0366,,1
277,0.964,0.0000,0.0000,0.0000,,1
278,0.990,0.0000,0.0000,0.0000,,1
279,0.990,0.8502,0.8172,0.0330,,1
280,0.986,0.0000,0.0000,0.0000,,1
281,0.978,0.0000,0.0000,0.0000,,1
282,0.969,0.8442,0.8040,0.0402,,1
283,0.944,0.0000,0.0000,0.0000,,1
284,0.970,0.0000,0.0000,0.0000,,1
285,0.971,0.8234,0.7949,0.0286,,1
286,0.972,0.0000,0.0000,0.0000,,1
287,0.986,0.0000,0.0000,0.0000,,1
288,0.981,0.8303,0.7947,0.0356,,1
289,0.974,0.0000,0.0000,0.0000,,1
290,0.975,0.0000,0.0000,0.0000,,1
291,0.951,0.8396,0.8062,0.0334,,1
292,0.944,0.0000,0.0000,0.0000,,1
293,0.965,0.0000,0.0000,0.0000,,1
294,0.968,0.8361,0.8069,0.0292,,1
295,0.985,0.0000,0.0000,0.0000,,1
296,0.981,0.0000,0.0000,0.0000,,1
297,0.980,0.8340,0.8207,0.0133,,1
298,0.982,0.0000,0.0000,0.0000,,1
299,0.987,0.0000,0.0000,0.0000,,1
300,0.979,0.8424,0.8095,0.0329,,1
301,0.975,0.0000,0.0000,0.0000,,1
302,0.973,0.0000,0.0000,0.0000,,1
303,0.973,0.8337,0.8173,0.0164,,1
304,0.976,0.0000,0.0000,0.0000,,1
305,0.971,0.0000,0.0000,0.0000,,1
306,0.952,0.8380,0.8188,0.0192,,1
307,0.965,0.0000,0.0000,0.0000,,1
308,0.959,0.0000,0.0000,0.0000,,1
309,0.975,0.8370,0.8155,0.0215,,1
310,0.981,0.0000,0.0000,0.0000,,1
311,0.986,0.0000,0.0000,0.0000,,1
312,0.981,0.8462,0.8170,0.0292,,1
313,0.973,0.0000,0.0000,0.0000,,1
314,0.969,0.0000,0.0000,0.0000,,1
315,0.978,0.8302,0.8237,0.0065,,1
316,0.971,0.0000,0.0000,0.0000,,1
317,0.976,0.0000,0.0000,0.0000,,1
318,0.974,0.8279,0.8114,0.0165,,1
319,0.978,0.0000,0.0000,0.0000,,1
320,0.975,0.0000,0.0000,0.0000,,1
321,0.978,0.8326,0.8205,0.0121,,1
322,0.973,0.0000,0.0000,0.0000,,1
323,0.977,0.0000,0.0000,0.0000,,1
324,0.979,0.8332,0.8128,0.0203,,1
325,0.978,0.0000,0.0000,0.0000,,1
326,0.975,0.0000,0.0000,0.0000,,1
327,0.975,0.8366,0.8223,0.0143,,1
328,0.973,0.0000,0.0000,0.0000,,1
329,0.986,0.0000,0.0000,0.0000,,1
330,0.983,0.8420,0.8146,0.0274,,1
331,0.982,0.0000,0.0000,0.0000,,1
332,0.987,0.0000,0.0000,0.0000,,1
333,0.982,0.8437,0.8173,0.0264,,1
334,0.987,0.0000,0.0000,0.0000,,1
335,0.986,0.0000,0.0000,0.0000,,1
336,0.990,0.8381,0.8257,0.0124,,1
337,0.989,0.0000,0.0000,0.0000,,1
338,0.988,0.0000,0.0000,0.0000,,1
339,0.985,0.8387,0.8352,0.0036,,1
340,0.984,0.0000,0.0000,0.0000,,1
341,0.987,0.0000,0.0000,0.0000,,1
342,0.987,0.8390,0.8132,0.0258,,1
343,0.988,0.0000,0.0000,0.0000,,1
344,0.985,0.0000,0.0000,0.0000,,1
345,0.985,0.8444,0.8292,0.0152,,1
346,0.985,0.0000,0.0000,0.0000,,1
347,0.984,0.0000,0.0000,0.0000,,1
348,0.982,0.8435,0.8324,0.0111,,1
349,0.981,0.0000,0.0000,0.0000,,1
350,0.986,0.0000,0.0000,0.0000,,1
351,0.980,0.8431,0.8284,0.0148,,1
352,0.973,0.0000,0.0000,0.0000,,1
353,0.978,0.0000,0.0000,0.0000,,1
354,0.979,0.8215,0.7999,0.0216,,1
355,0.980,0.0000,0.0000,0.0000,,1
356,0.970,0.0000,0.0000,0.0000,,1
357,0.966,0.8345,0.8051,0.0294,,1
358,0.960,0.0000,0.0000,0.0000,,1
359,0.965,0.0000,0.0000,0.0000,,1
360,0.968,0.8333,0.8043,0.0290,,1
361,0.976,0.0000,0.0000,0.0000,,1
362,0.958,0.0000,0.0000,0.0000,,1
363,0.955,0.8323,0.8101,0.0221,,1
364,0.964,0.0000,0.0000,0.0000,,1
365,0.970,0.0000,0.0000,0.0000,,1
366,0.972,0.8224,0.8049,0.0175,,1
367,0.955,0.0000,0.0000,0.0000,,1
368,0.972,0.0000,0.0000,0.0000,,1
369,0.961,0.8322,0.8248,0.0074,,1
370,0.953,0.0000,0.0000,0.0000,,1
371,0.965,0.0000,0.0000,0.0000,,1
372,0.965,0.8290,0.8220,0.0070,,1
373,0.969,0.0000,0.0000,0.0000,,1
374,0.969,0.0000,0.0000,0.0000,,1
375,0.984,0.8243,0.8030,0.0214,,1
376,0.982,0.0000,0.0000,0.0000,,1
377,0.986,0.0000,0.0000,0.0000,,1
378,0.980,0.8333,0.8132,0.0201,,1
379,0.978,0.0000,0.0000,0.0000,,1
380,0.959,0.0000,0.0000,0.0000,,1
381,0.965,0.8213,0.8089,0.0125,,1
382,0.971,0.0000,0.0000,0.0000,,1
383,0.974,0.0000,0.0000,0.0000,,1
384,0.971,0.8476,0.8216,0.0260,,1
385,0.971,0.0000,0.0000,0.0000,,1
386,0.970,0.0000,0.0000,0.0000,,1
387,0.970,0.8365,0.8206,0.0159,,1
388,0.970,0.0000,0.0000,0.0000,,1
389,0.969,0.0000,0.0000,0.0000,,1
390,0.961,0.8403,0.8089,0.0315,,1
391,0.955,0.0000,0.0000,0.0000,,1
392,0.973,0.0000,0.0000,0.0000,,1
393,0.973,0.8510,0.8191,0.0318,,1
394,0.967,0.0000,0.0000,0.0000,,1
395,0.951,0.0000,0.0000,0.0000,,1
396,0.957,0.8447,0.8191,0.0257,,1
397,0.958,0.0000,0.0000,0.0000,,1
398,0.961,0.0000,0.0000,0.0000,,1
399,0.969,0.8465,0.8050,0.0415,,1
400,0.964,0.0000,0.0000,0.0000,,1
401,0.952,0.0000,0.0000,0.0000,,1
402,0.938,0.8431,0.8053,0.0378,,1
403,0.975,0.0000,0.0000,0.0000,,1
404,0.961,0.0000,0.0000,0.0000,,1
405,0.951,0.8390,0.8099,0.0290,,1
406,0.953,0.0000,0.0000,0.0000,,1
407,0.933,0.0000,0.0000,0.0000,,1
408,0.941,0.8418,0.8052,0.0367,,1
409,0.959,0.0000,0.0000,0.0000,,1
410,0.915,0.0000,0.0000,0.0000,,1
411,0.868,0.8373,0.8182,0.0191,,1
412,0.905,0.0000,0.0000,0.0000,,1
413,0.920,0.0000,0.0000,0.0000,,1
414,0.922,0.8219,0.8139,0.0079,,1
415,0.881,0.0000,0.0000,0.0000,,1
416,0.892,0.0000,0.0000,0.0000,,1
417,0.873,0.8237,0.8061,0.0176,,1
418,0.907,0.0000,0.0000,0.0000,,1
419,0.853,0.0000,0.0000,0.0000,,1
420,0.888,0.8253,0.7970,0.0283,,1
421,0.876,0.0000,0.0000,0.0000,,1
422,0.873,0.0000,0.0000,0.0000,,1
423,0.851,0.8269,0.8067,0.0202,,1
424,0.872,0.0000,0.0000,0.0000,,1
425,0.850,0.0000,0.0000,0.0000,,1
426,0.880,0.8225,0.8037,0.0188,,1
427,0.861,0.0000,0.0000,0.0000,,1
428,0.858,0.0000,0.0000,0.0000,,1
429,0.896,0.8284,0.8028,0.0256,,1
430,0.884,0.0000,0.0000,0.0000,,1
431,0.863,0.0000,0.0000,0.0000,,1
432,0.908,0.8367,0.7951,0.0416,,1
433,0.871,0.0000,0.0000,0.0000,,1
434,0.958,0.0000,0.0000,0.0000,,1
435,0.967,0.8175,0.8007,0.0168,,1
436,0.930,0.0000,0.0000,0.0000,,1
437,0.918,0.0000,0.0000,0.0000,,1
438,0.869,0.8501,0.8134,0.0366,,1
439,0.807,0.0000,0.0000,0.0000,,1
440,0.942,0.0000,0.0000,0.0000,,1
441,0.925,0.8516,0.8229,0.0287,,1
442,0.892,0.0000,0.0000,0.0000,,1
443,0.918,0.0000,0.0000,0.0000,,1
444,0.952,0.8083,0.7760,0.0323,,1
445,0.937,0.0000,0.0000,0.0000,,1
446,0.832,0.0000,0.0000,0.0000,,1
447,0.850,0.8144,0.7838,0.0306,,1
448,0.808,0.0000,0.0000,0.0000,,1
449,0.869,0.0000,0.0000,0.0000,,1
450,0.880,0.8158,0.7954,0.0204,,1
451,0.925,0.0000,0.0000,0.0000,,1
452,0.950,0.0000,0.0000,0.0000,,1
453,0.966,0.8266,0.8133,0.0133,,1
454,0.967,0.0000,0.0000,0.0000,,1
455,0.968,0.0000,0.0000,0.0000,,1
456,0.971,0.8175,0.8170,0.0005,,1
457,0.983,0.0000,0.0000,0.0000,,1
458,0.971,0.0000,0.0000,0.0000,,1
459,0.978,0.8001,0.7990,0.0011,,1
460,0.978,0.0000,0.0000,0.0000,,1
461,0.957,0.0000,0.0000,0.0000,,1
462,0.951,0.8013,0.7869,0.0144,,1
463,0.951,0.0000,0.0000,0.0000,,1
464,0.959,0.0000,0.0000,0.0000,,1
465,0.963,0.7979,0.7885,0.0094,,1
466,0.969,0.0000,0.0000,0.0000,,1
467,0.973,0.0000,0.0000,0.0000,,1
468,0.977,0.7523,0.7499,0.0024,,1
469,0.965,0.0000,0.0000,0.0000,,1
470,0.826,0.0000,0.0000,0.0000,,1
471,0.893,0.7918,0.7884,0.0034,,1
472,0.803,0.0000,0.0000,0.0000,,1
473,0.612,0.0000,0.0000,0.0000,,1
474,0.314,0.8071,0.8065,0.0006,,1
475,0.423,0.0000,0.0000,0.0000,,1
476,0.635,0.0000,0.0000,0.0000,,1
477,0.702,0.7489,0.7487,0.0002,,1
478,0.660,0.0000,0.0000,0.0000,,1
479,0.744,0.0000,0.0000,0.0000,,1
480,0.731,0.7860,0.7768,0.0091,,1
481,0.837,0.0000,0.0000,0.0000,,1
482,0.876,0.0000,0.0000,0.0000,,1
483,0.874,0.7696,0.7620,0.0076,,1
484,0.901,0.0000,0.0000,0.0000,,1
485,0.893,0.0000,0.0000,0.0000,,1
486,0.801,0.7685,0.7533,0.0153,,1
487,0.664,0.0000,0.0000,0.0000,,1
488,0.836,0.0000,0.0000,0.0000,,1
489,0.823,0.7579,0.7568,0.0012,,1
490,0.830,0.0000,0.0000,0.0000,,1
491,0.952,0.0000,0.0000,0.0000,,1
492,0.950,0.8005,0.7822,0.0183,,1
493,0.952,0.0000,0.0000,0.0000,,1
494,0.950,0.0000,0.0000,0.0000,,1
495,0.939,0.7992,0.7853,0.0140,,1
496,0.947,0.0000,0.0000,0.0000,,1
497,0.947,0.0000,0.0000,0.0000,,1
498,0.938,0.7845,0.7624,0.0221,,1
499,0.953,0.0000,0.0000,0.0000,,1
500,0.964,0.0000,0.0000,0.0000,,1
501,0.956,0.7842,0.7784,0.0058,,1
502,0.961,0.0000,0.0000,0.0000,,1
503,0.976,0.0000,0.0000,0.0000,,1
504,0.982,0.7826,0.7582,0.0244,,1
505,0.984,0.0000,0.0000,0.0000,,1
506,0.980,0.0000,0.0000,0.0000,,1
507,0.977,0.7997,0.7840,0.0157,,1
508,0.978,0.0000,0.0000,0.0000,,1
509,0.971,0.0000,0.0000,0.0000,,1
510,0.974,0.8014,0.7925,0.0089,,1
511,0.978,0.0000,0.0000,0.0000,,1
512,0.962,0.0000,0.0000,0.0000,,1
513,0.970,0.8187,0.8061,0.0126,,1
514,0.976,0.0000,0.0000,0.0000,,1
515,0.968,0.0000,0.0000,0.0000,,1
516,0.977,0.8021,0.7838,0.0183,,1
517,0.979,0.0000,0.0000,0.0000,,1
518,0.964,0.0000,0.0000,0.0000,,1
519,0.946,0.7932,0.7818,0.0114,,1
520,0.955,0.0000,0.0000,0.0000,,1
521,0.939,0.0000,0.0000,0.0000,,1
522,0.947,0.8097,0.7952,0.0145,,1
523,0.958,0.0000,0.0000,0.0000,,1
524,0.970,0.0000,0.0000,0.0000,,1
525,0.962,0.7969,0.7954,0.0015,,1
526,0.959,0.0000,0.0000,0.0000,,1
527,0.966,0.0000,0.0000,0.0000,,1
528,0.964,0.8014,0.7888,0.0126,,1
529,0.961,0.0000,0.0000,0.0000,,1
530,0.974,0.0000,0.0000,0.0000,,1
531,0.956,0.8040,0.7859,0.0181,,1
532,0.951,0.0000,0.0000,0.0000,,1
533,0.955,0.0000,0.0000,0.0000,,1
534,0.971,0.8014,0.7912,0.0102,,1
535,0.962,0.0000,0.0000,0.0000,,1
536,0.974,0.0000,0.0000,0.0000,,1
537,0.979,0.7998,0.7922,0.0076,,1
538,0.974,0.0000,0.0000,0.0000,,1
539,0.966,0.0000,0.0000,0.0000,,1
540,0.973,0.8100,0.7795,0.0305,,1
541,0.964,0.0000,0.0000,0.0000,,1
542,0.980,0.0000,0.0000,0.0000,,1
543,0.986,0.8030,0.7810,0.0220,,1
544,0.983,0.0000,0.0000,0.0000,,1
545,0.954,0.0000,0.0000,0.0000,,1
546,0.950,0.7852,0.7848,0.0004,,1
547,0.938,0.0000,0.0000,0.0000,,1
548,0.850,0.0000,0.0000,0.0000,,1
549,0.891,0.7866,0.7843,0.0023,,1
550,0.884,0.0000,0.0000,0.0000,,1
551,0.589,0.0000,0.0000,0.0000,,1
552,0.391,0.7969,0.7934,0.0035,,1
553,0.473,0.0000,0.0000,0.0000,,1
554,0.600,0.0000,0.0000,0.0000,,1
555,0.715,0.7796,0.7667,0.0129,,1
556,0.764,0.0000,0.0000,0.0000,,1
557,0.771,0.0000,0.0000,0.0000,,1
558,0.789,0.7926,0.7794,0.0132,,1
559,0.797,0.0000,0.0000,0.0000,,1
560,0.959,0.0000,0.0000,0.0000,,1
561,0.953,0.8427,0.8287,0.0140,,1
562,0.973,0.0000,0.0000,0.0000,,1
563,0.968,0.0000,0.0000,0.0000,,1
564,0.961,0.8036,0.8019,0.0017,,1
565,0.974,0.0000,0.0000,0.0000,,1
566,0.977,0.0000,0.0000,0.0000,,1
567,0.981,0.8314,0.8114,0.0200,,1
568,0.980,0.0000,0.0000,0.0000,,1
569,0.973,0.0000,0.0000,0.0000,,1
570,0.978,0.8535,0.8362,0.0173,,1
571,0.976,0.0000,0.0000,0.0000,,1
572,0.973,0.0000,0.0000,0.0000,,1
573,0.978,0.8549,0.8270,0.0278,,1
574,0.982,0.0000,0.0000,0.0000,,1
575,0.977,0.0000,0.0000,0.0000,,1
576,0.985,0.8204,0.8191,0.0013,,1
577,0.982,0.0000,0.0000,0.0000,,1
578,0.981,0.0000,0.0000,0.0000,,1
579,0.988,0.8459,0.8312,0.0147,,1
580,0.985,0.0000,0.0000,0.0000,,1
581,0.985,0.0000,0.0000,0.0000,,1
582,0.980,0.8302,0.8057,0.0245,,1
583,0.975,0.0000,0.0000,0.0000,,1
584,0.972,0.0000,0.0000,0.0000,,1
585,0.973,0.8344,0.8219,0.0125,,1
586,0.964,0.0000,0.0000,0.0000,,1
587,0.967,0.0000,0.0000,0.0000,,1
588,0.990,0.8020,0.7712,0.0308,,1
589,0.992,0.0000,0.0000,0.0000,,1
590,0.987,0.0000,0.0000,0.0000,,1
591,0.987,0.7968,0.7852,0.0116,,1
592,0.974,0.0000,0.0000,0.0000,,1
593,0.978,0.0000,0.0000,0.0000,,1
594,0.976,0.8239,0.7936,0.0302,,1
595,0.954,0.0000,0.0000,0.0000,,1
596,0.916,0.0000,0.0000,0.0000,,1
597,0.971,0.8280,0.8206,0.0074,,1
598,0.974,0.0000,0.0000,0.0000,,1
599,0.955,0.0000,0.0000,0.0000,,1
600,0.981,0.8446,0.8316,0.0130,,1
601,0.982,0.0000,0.0000,0.0000,,1
602,0.980,0.0000,0.0000,0.0000,,1
603,0.981,0.8304,0.8185,0.0118,,1
604,0.977,0.0000,0.0000,0.0000,,1
605,0.971,0.0000,0.0000,0.0000,,1
606,0.978,0.8331,0.8221,0.0111,,1
607,0.972,0.0000,0.0000,0.0000,,1
608,0.972,0.0000,0.0000,0.0000,,1
609,0.977,0.8321,0.8271,0.0049,,1
610,0.975,0.0000,0.0000,0.0000,,1
611,0.943,0.0000,0.0000,0.0000,,1
612,0.981,0.8357,0.8323,0.0034,,1
613,0.984,0.0000,0.0000,0.0000,,1
614,0.966,0.0000,0.0000,0.0000,,1
615,0.971,0.8133,0.8083,0.0049,,1
616,0.986,0.0000,0.0000,0.0000,,1
617,0.904,0.0000,0.0000,0.0000,,1
618,0.968,0.8311,0.8298,0.0013,,1
619,0.977,0.0000,0.0000,0.0000,,1
620,0.951,0.0000,0.0000,0.0000,,1
621,0.911,0.7912,0.7895,0.0018,,1
622,0.908,0.0000,0.0000,0.0000,,1
623,0.819,0.0000,0.0000,0.0000,,1
623,0.430,0.0000,0.0000,0.0000,,1
624,0.860,0.7980,0.7776,0.0204,,1
625,0.961,0.0000,0.0000,0.0000,,1
626,0.969,0.0000,0.0000,0.0000,,1
627,0.970,0.7992,0.7961,0.0031,,1
628,0.960,0.0000,0.0000,0.0000,,1
629,0.959,0.0000,0.0000,0.0000,,1
630,0.963,0.7808,0.7776,0.0032,,1
631,0.956,0.0000,0.0000,0.0000,,1
632,0.977,0.0000,0.0000,0.0000,,1
633,0.990,0.8249,0.8207,0.0042,,1
634,0.989,0.0000,0.0000,0.0000,,1
635,0.986,0.0000,0.0000,0.0000,,1
636,0.987,0.8410,0.8381,0.0028,,1
637,0.990,0.0000,0.0000,0.0000,,1
638,0.993,0.0000,0.0000,0.0000,,1
639,0.992,0.8232,0.8116,0.0116,,1
640,0.990,0.0000,0.0000,0.0000,,1
641,0.994,0.0000,0.0000,0.0000,,1
642,0.992,0.8118,0.8022,0.0096,,1
643,0.994,0.0000,0.0000,0.0000,,1
644,0.995,0.0000,0.0000,0.0000,,1
645,0.995,0.8213,0.8110,0.0103,,1
646,0.995,0.0000,0.0000,0.0000,,1
647,0.996,0.0000,0.0000,0.0000,,1
648,0.994,0.8097,0.8089,0.0008,,1
649,0.995,0.0000,0.0000,0.0000,,1
650,0.994,0.0000,0.0000,0.0000,,1
651,0.995,0.8219,0.8151,0.0068,,1
652,0.994,0.0000,0.0000,0.0000,,1
653,0.992,0.0000,0.0000,0.0000,,1
654,0.994,0.8031,0.7981,0.0050,,1
655,0.994,0.0000,0.0000,0.0000,,1
656,0.987,0.0000,0.0000,0.0000,,1
657,0.988,0.8084,0.8011,0.0074,,1
658,0.987,0.0000,0.0000,0.0000,,1
659,0.988,0.0000,0.0000,0.0000,,1
660,0.983,0.8407,0.8176,0.0231,,1
661,0.975,0.0000,0.0000,0.0000,,1
662,0.985,0.0000,0.0000,0.0000,,1
663,0.985,0.8394,0.8191,0.0202,,1
664,0.988,0.0000,0.0000,0.0000,,1
665,0.981,0.0000,0.0000,0.0000,,1
666,0.977,0.8411,0.8213,0.0199,,1
667,0.975,0.0000,0.0000,0.0000,,1
668,0.976,0.0000,0.0000,0.0000,,1
669,0.952,0.8569,0.8462,0.0107,,1
670,0.947,0.0000,0.0000,0.0000,,1
671,0.969,0.0000,0.0000,0.0000,,1
672,0.968,0.8393,0.8322,0.0071,,1
673,0.942,0.0000,0.0000,0.0000,,1
674,0.961,0.0000,0.0000,0.0000,,1
675,0.962,0.8357,0.8273,0.0084,,1
676,0.978,0.0000,0.0000,0.0000,,1
677,0.987,0.0000,0.0000,0.0000,,1
678,0.985,0.8316,0.8237,0.0079,,1
679,0.987,0.0000,0.0000,0.0000,,1
680,0.967,0.0000,0.0000,0.0000,,1
681,0.953,0.8346,0.8105,0.0241,,1
682,0.981,0.0000,0.0000,0.0000,,1
683,0.985,0.0000,0.0000,0.0000,,1
684,0.983,0.7981,0.7846,0.0135,,1
685,0.978,0.0000,0.0000,0.0000,,1
686,0.972,0.0000,0.0000,0.0000,,1
687,0.970,0.8295,0.8238,0.0056,,1
688,0.977,0.0000,0.0000,0.0000,,1
689,0.953,0.0000,0.0000,0.0000,,1
690,0.948,0.8366,0.8147,0.0219,,1
691,0.941,0.0000,0.0000,0.0000,,1
691,0.327,0.0000,0.0000,0.0000,,1
692,0.920,0.0000,0.0000,0.0000,,1
692,0.252,0.0000,0.0000,0.0000,,1
693,0.970,0.8217,0.8171,0.0046,,1
694,0.977,0.0000,0.0000,0.0000,,1
695,0.985,0.0000,0.0000,0.0000,,1
696,0.977,0.8071,0.7996,0.0075,,1
697,0.975,0.0000,0.0000,0.0000,,1
698,0.988,0.0000,0.0000,0.0000,,1
699,0.991,0.8043,0.7946,0.0097,,1
700,0.988,0.0000,0.0000,0.0000,,1
701,0.989,0.0000,0.0000,0.0000,,1
702,0.988,0.7738,0.7629,0.0109,,1
703,0.987,0.0000,0.0000,0.0000,,1
704,0.991,0.0000,0.0000,0.0000,,1
705,0.984,0.7826,0.7795,0.0031,,1
706,0.990,0.0000,0.0000,0.0000,,1
707,0.987,0.0000,0.0000,0.0000,,1
708,0.988,0.7853,0.7597,0.0256,,1
709,0.987,0.0000,0.0000,0.0000,,1
710,0.990,0.0000,0.0000,0.0000,,1
711,0.990,0.7913,0.7682,0.0231,,1
712,0.989,0.0000,0.0000,0.0000,,1
713,0.990,0.0000,0.0000,0.0000,,1
714,0.994,0.7868,0.7737,0.0131,,1
715,0.994,0.0000,0.0000,0.0000,,1
716,0.991,0.0000,0.0000,0.0000,,1
717,0.991,0.8324,0.8022,0.0302,,1
718,0.981,0.0000,0.0000,0.0000,,1
719,0.993,0.0000,0.0000,0.0000,,1
720,0.986,0.8013,0.7654,0.0359,,1
721,0.988,0.0000,0.0000,0.0000,,1
722,0.988,0.0000,0.0000,0.0000,,1
723,0.990,0.8052,0.7833,0.0219,,1
724,0.992,0.0000,0.0000,0.0000,,1
725,0.991,0.0000,0.0000,0.0000,,1
726,0.992,0.7841,0.7548,0.0293,,1
727,0.991,0.0000,0.0000,0.0000,,1
728,0.992,0.0000,0.0000,0.0000,,1
729,0.992,0.7940,0.7601,0.0338,,1
730,0.993,0.0000,0.0000,0.0000,,1
731,0.994,0.0000,0.0000,0.0000,,1
732,0.994,0.8044,0.7722,0.0323,,1
733,0.995,0.0000,0.0000,0.0000,,1
734,0.995,0.0000,0.0000,0.0000,,1
735,0.995,0.8046,0.7817,0.0229,,1
736,0.995,0.0000,0.0000,0.0000,,1
737,0.994,0.0000,0.0000,0.0000,,1
738,0.994,0.8263,0.7997,0.0266,,1
739,0.994,0.0000,0.0000,0.0000,,1
740,0.996,0.0000,0.0000,0.0000,,1
741,0.995,0.8087,0.7735,0.0352,,1
742,0.994,0.0000,0.0000,0.0000,,1
743,0.995,0.0000,0.0000,0.0000,,1
744,0.994,0.8048,0.7943,0.0105,,1
745,0.993,0.0000,0.0000,0.0000,,1
746,0.993,0.0000,0.0000,0.0000,,1
747,0.993,0.8042,0.7825,0.0216,,1
748,0.993,0.0000,0.0000,0.0000,,1
749,0.992,0.0000,0.0000,0.0000,,1
750,0.993,0.7949,0.7626,0.0323,,1
751,0.994,0.0000,0.0000,0.0000,,1
752,0.993,0.0000,0.0000,0.0000,,1
753,0.993,0.7971,0.7824,0.0147,,1
754,0.994,0.0000,0.0000,0.0000,,1
755,0.996,0.0000,0.0000,0.0000,,1
756,0.995,0.8050,0.7879,0.0171,,1
757,0.994,0.0000,0.0000,0.0000,,1
758,0.993,0.0000,0.0000,0.0000,,1
759,0.992,0.8104,0.7797,0.0307,,1
760,0.992,0.0000,0.0000,0.0000,,1
761,0.994,0.0000,0.0000,0.0000,,1
762,0.994,0.7975,0.7854,0.0121,,1
763,0.994,0.0000,0.0000,0.0000,,1
764,0.995,0.0000,0.0000,0.0000,,1
765,0.995,0.8126,0.7787,0.0338,,1
766,0.994,0.0000,0.0000,0.0000,,1
767,0.993,0.0000,0.0000,0.0000,,1
768,0.993,0.8086,0.7856,0.0230,,1
769,0.993,0.0000,0.0000,0.0000,,1
770,0.991,0.0000,0.0000,0.0000,,1
771,0.989,0.8068,0.7859,0.0209,,1
772,0.992,0.0000,0.0000,0.0000,,1
773,0.993,0.0000,0.0000,0.0000,,1
774,0.994,0.8159,0.7839,0.0319,,1
775,0.994,0.0000,0.0000,0.0000,,1
776,0.993,0.0000,0.0000,0.0000,,1
777,0.992,0.8086,0.7955,0.0131,,1
778,0.992,0.0000,0.0000,0.0000,,1
779,0.993,0.0000,0.0000,0.0000,,1
780,0.994,0.8242,0.7974,0.0268,,1
781,0.994,0.0000,0.0000,0.0000,,1
782,0.993,0.0000,0.0000,0.0000,,1
783,0.994,0.8141,0.8005,0.0136,,1
784,0.992,0.0000,0.0000,0.0000,,1
785,0.992,0.0000,0.0000,0.0000,,1
786,0.992,0.8020,0.7933,0.0087,,1
787,0.992,0.0000,0.0000,0.0000,,1
788,0.991,0.0000,0.0000,0.0000,,1
789,0.991,0.8108,0.8028,0.0080,,1
790,0.991,0.0000,0.0000,0.0000,,1
791,0.993,0.0000,0.0000,0.0000,,1
792,0.994,0.8018,0.7765,0.0253,,1
793,0.993,0.0000,0.0000,0.0000,,1
794,0.992,0.0000,0.0000,0.0000,,1
795,0.993,0.8135,0.8071,0.0064,,1
796,0.992,0.0000,0.0000,0.0000,,1
797,0.992,0.0000,0.0000,0.0000,,1
798,0.992,0.8217,0.8050,0.0167,,1
799,0.993,0.0000,0.0000,0.0000,,1
800,0.992,0.0000,0.0000,0.0000,,1
801,0.993,0.8289,0.7996,0.0293,,1
802,0.991,0.0000,0.0000,0.0000,,1
803,0.993,0.0000,0.0000,0.0000,,1
804,0.993,0.8356,0.8096,0.0261,,1
805,0.992,0.0000,0.0000,0.0000,,1
806,0.984,0.0000,0.0000,0.0000,,1
807,0.980,0.8563,0.8236,0.0327,,1
808,0.986,0.0000,0.0000,0.0000,,1
809,0.991,0.0000,0.0000,0.0000,,1
810,0.990,0.8415,0.8196,0.0219,,1
811,0.988,0.0000,0.0000,0.0000,,1
812,0.986,0.0000,0.0000,0.0000,,1
813,0.988,0.8310,0.8068,0.0242,,1
814,0.986,0.0000,0.0000,0.0000,,1
815,0.984,0.0000,0.0000,0.0000,,1
816,0.988,0.8326,0.8166,0.0160,,1
817,0.987,0.0000,0.0000,0.0000,,1
818,0.989,0.0000,0.0000,0.0000,,1
819,0.991,0.8359,0.8096,0.0263,,1
820,0.994,0.0000,0.0000,0.0000,,1
821,0.991,0.0000,0.0000,0.0000,,1
822,0.991,0.8369,0.8042,0.0327,,1
823,0.988,0.0000,0.0000,0.0000,,1
824,0.993,0.0000,0.0000,0.0000,,1
825,0.991,0.8363,0.7851,0.0512,nike_dunk_low_purple_court,0
826,0.992,0.0000,0.0000,0.0000,nike_dunk_low_purple_court,0
827,0.990,0.0000,0.0000,0.0000,nike_dunk_low_purple_court,0
828,0.989,0.8406,0.7851,0.0554,nike_dunk_low_purple_court,0
829,0.991,0.0000,0.0000,0.0000,nike_dunk_low_purple_court,0
830,0.993,0.0000,0.0000,0.0000,nike_dunk_low_purple_court,0
831,0.993,0.8114,0.7742,0.0372,nike_dunk_low_purple_court,0
832,0.991,0.0000,0.0000,0.0000,nike_dunk_low_purple_court,0
833,0.992,0.0000,0.0000,0.0000,nike_dunk_low_purple_court,0
834,0.991,0.8243,0.7786,0.0457,nike_dunk_low_purple_court,0
835,0.992,0.0000,0.0000,0.0000,nike_dunk_low_purple_court,0
836,0.991,0.0000,0.0000,0.0000,,1
837,0.990,0.8031,0.7561,0.0471,,1
838,0.991,0.0000,0.0000,0.0000,,1
839,0.992,0.0000,0.0000,0.0000,,1
840,0.992,0.8463,0.7957,0.0506,nike_dunk_low_purple_court,0
841,0.993,0.0000,0.0000,0.0000,nike_dunk_low_purple_court,0
842,0.992,0.0000,0.0000,0.0000,nike_dunk_low_purple_court,0
843,0.993,0.8425,0.7924,0.0502,nike_dunk_low_purple_court,0
844,0.994,0.0000,0.0000,0.0000,nike_dunk_low_purple_court,0
845,0.993,0.0000,0.0000,0.0000,nike_dunk_low_purple_court,0
846,0.993,0.8500,0.8117,0.0383,nike_dunk_low_purple_court,0
847,0.992,0.0000,0.0000,0.0000,nike_dunk_low_purple_court,0
848,0.994,0.0000,0.0000,0.0000,nike_dunk_low_purple_court,0
849,0.995,0.8318,0.8010,0.0308,nike_dunk_low_purple_court,0
850,0.995,0.0000,0.0000,0.0000,nike_dunk_low_purple_court,0
851,0.990,0.0000,0.0000,0.0000,,1
852,0.971,0.8314,0.8150,0.0164,,1
853,0.975,0.0000,0.0000,0.0000,,1
854,0.985,0.0000,0.0000,0.0000,,1
855,0.984,0.8495,0.8145,0.0350,,1
856,0.986,0.0000,0.0000,0.0000,,1
857,0.990,0.0000,0.0000,0.0000,,1
858,0.981,0.8404,0.8044,0.0361,,1
859,0.989,0.0000,0.0000,0.0000,,1
860,0.994,0.0000,0.0000,0.0000,,1
861,0.994,0.8422,0.8107,0.0316,,1
862,0.994,0.0000,0.0000,0.0000,,1
863,0.974,0.0000,0.0000,0.0000,,1
864,0.954,0.8089,0.7909,0.0180,,1
865,0.968,0.0000,0.0000,0.0000,,1
866,0.938,0.0000,0.0000,0.0000,,1
867,0.880,0.8307,0.8284,0.0023,,1
867,0.668,0.8119,0.8098,0.0020,,1
868,0.865,0.0000,0.0000,0.0000,,1
868,0.708,0.0000,0.0000,0.0000,,1
869,0.852,0.0000,0.0000,0.0000,,1
869,0.744,0.0000,0.0000,0.0000,,1
870,0.912,0.8443,0.8328,0.0115,,1
870,0.380,0.8084,0.8071,0.0013,,1
871,0.951,0.0000,0.0000,0.0000,,1
872,0.782,0.0000,0.0000,0.0000,,1
872,0.319,0.0000,0.0000,0.0000,,1
873,0.905,0.7877,0.7771,0.0106,,1
874,0.923,0.0000,0.0000,0.0000,,1
875,0.871,0.0000,0.0000,0.0000,,1
876,0.908,0.8070,0.8064,0.0006,,1
877,0.898,0.0000,0.0000,0.0000,,1
878,0.920,0.0000,0.0000,0.0000,,1
879,0.894,0.7924,0.7859,0.0065,,1
880,0.872,0.0000,0.0000,0.0000,,1
881,0.852,0.0000,0.0000,0.0000,,1
882,0.839,0.8134,0.8084,0.0051,,1
883,0.852,0.0000,0.0000,0.0000,,1
884,0.846,0.0000,0.0000,0.0000,,1
885,0.879,0.8138,0.8115,0.0023,,1
886,0.863,0.0000,0.0000,0.0000,,1
887,0.861,0.0000,0.0000,0.0000,,1
888,0.918,0.8175,0.8142,0.0033,,1
889,0.922,0.0000,0.0000,0.0000,,1
890,0.917,0.0000,0.0000,0.0000,,1
891,0.902,0.7916,0.7744,0.0172,,1
892,0.877,0.0000,0.0000,0.0000,,1
893,0.906,0.0000,0.0000,0.0000,,1
894,0.890,0.8122,0.8094,0.0028,,1
895,0.875,0.0000,0.0000,0.0000,,1
896,0.923,0.0000,0.0000,0.0000,,1
896,0.266,0.0000,0.0000,0.0000,,1
897,0.905,0.8152,0.8046,0.0106,,1
897,0.372,0.5681,0.5445,0.0236,,1
898,0.908,0.0000,0.0000,0.0000,,1
899,0.902,0.0000,0.0000,0.0000,,1
900,0.911,0.8078,0.7988,0.0090,,1
901,0.855,0.0000,0.0000,0.0000,,1
902,0.853,0.0000,0.0000,0.0000,,1
903,0.947,0.8107,0.7889,0.0217,,1
904,0.938,0.0000,0.0000,0.0000,,1
905,0.989,0.0000,0.0000,0.0000,,1
906,0.988,0.8157,0.7829,0.0328,,1
907,0.982,0.0000,0.0000,0.0000,,1
908,0.357,0.0000,0.0000,0.0000,,1
908,0.350,0.0000,0.0000,0.0000,,1
909,0.665,0.7149,0.7124,0.0025,,1
909,0.392,0.7503,0.7409,0.0094,,1
910,0.665,0.0000,0.0000,0.0000,,1
910,0.431,0.0000,0.0000,0.0000,,1
995,0.264,0.0000,0.0000,0.0000,,1
998,0.256,0.0000,0.0000,0.0000,,1
1003,0.289,0.0000,0.0000,0.0000,,1
1004,0.332,0.0000,0.0000,0.0000,,1
1005,0.376,0.4689,0.4363,0.0326,,1
1006,0.291,0.0000,0.0000,0.0000,,1
1,0.992,0.0000,0.0000,0.0000,,1
2,0.993,0.0000,0.0000,0.0000,,1
3,0.989,0.8579,0.8101,0.0477,,1
4,0.994,0.0000,0.0000,0.0000,,1
5,0.992,0.0000,0.0000,0.0000,,1
6,0.987,0.8424,0.7997,0.0427,,1
7,0.989,0.0000,0.0000,0.0000,,1
8,0.984,0.0000,0.0000,0.0000,,1
9,0.990,0.8244,0.7844,0.0400,,1
10,0.990,0.0000,0.0000,0.0000,,1
11,0.990,0.0000,0.0000,0.0000,,1
12,0.988,0.8400,0.8016,0.0384,,1
13,0.989,0.0000,0.0000,0.0000,,1
14,0.978,0.0000,0.0000,0.0000,,1
15,0.949,0.8253,0.7981,0.0273,,1
16,0.946,0.0000,0.0000,0.0000,,1
17,0.713,0.0000,0.0000,0.0000,,1
18,0.865,0.8117,0.7841,0.0276,,1
19,0.957,0.0000,0.0000,0.0000,,1
20,0.951,0.0000,0.0000,0.0000,,1
21,0.980,0.7818,0.7627,0.0191,,1
22,0.991,0.0000,0.0000,0.0000,,1
23,0.992,0.0000,0.0000,0.0000,,1
24,0.995,0.7145,0.7117,0.0028,,1
25,0.999,0.0000,0.0000,0.0000,,1
26,0.993,0.0000,0.0000,0.0000,,1
27,0.989,0.7479,0.7404,0.0075,,1
28,0.993,0.0000,0.0000,0.0000,,1
29,0.843,0.0000,0.0000,0.0000,,1
30,0.787,0.8014,0.7805,0.0209,,1
31,0.778,0.0000,0.0000,0.0000,,1
32,0.360,0.0000,0.0000,0.0000,,1
34,0.649,0.0000,0.0000,0.0000,,1
35,0.960,0.0000,0.0000,0.0000,,1
36,0.988,0.7559,0.7537,0.0022,,1
37,0.978,0.0000,0.0000,0.0000,,1
38,0.944,0.0000,0.0000,0.0000,,1
39,0.894,0.8009,0.7841,0.0168,,1
40,0.905,0.0000,0.0000,0.0000,,1
41,0.928,0.0000,0.0000,0.0000,,1
42,0.933,0.7593,0.7507,0.0086,,1
43,0.917,0.0000,0.0000,0.0000,,1
44,0.890,0.0000,0.0000,0.0000,,1
45,0.917,0.7630,0.7469,0.0160,,1
46,0.969,0.0000,0.0000,0.0000,,1
47,0.964,0.0000,0.0000,0.0000,,1
48,0.970,0.8005,0.7762,0.0243,,1
49,0.969,0.0000,0.0000,0.0000,,1
50,0.981,0.0000,0.0000,0.0000,,1
51,0.977,0.7598,0.7475,0.0123,,1
52,0.984,0.0000,0.0000,0.0000,,1
53,0.970,0.0000,0.0000,0.0000,,1
54,0.973,0.7537,0.7464,0.0073,,1
55,0.970,0.0000,0.0000,0.0000,,1
56,0.978,0.0000,0.0000,0.0000,,1
57,0.975,0.7739,0.7569,0.0170,,1
58,0.976,0.0000,0.0000,0.0000,,1
59,0.971,0.0000,0.0000,0.0000,,1
60,0.986,0.7482,0.7375,0.0107,,1
61,0.984,0.0000,0.0000,0.0000,,1
62,0.988,0.0000,0.0000,0.0000,,1
63,0.989,0.8091,0.7955,0.0136,,1
64,0.986,0.0000,0.0000,0.0000,,1
65,0.993,0.0000,0.0000,0.0000,,1
66,0.994,0.8519,0.8437,0.0082,,1
67,0.995,0.0000,0.0000,0.0000,,1
68,0.996,0.0000,0.0000,0.0000,,1
69,0.995,0.8737,0.8361,0.0376,,1
70,0.996,0.0000,0.0000,0.0000,,1
71,0.996,0.0000,0.0000,0.0000,,1
72,0.995,0.8500,0.8257,0.0242,,1
73,0.995,0.0000,0.0000,0.0000,,1
74,0.996,0.0000,0.0000,0.0000,,1
75,0.996,0.8597,0.8289,0.0308,,1
76,0.996,0.0000,0.0000,0.0000,,1
77,0.995,0.0000,0.0000,0.0000,,1
78,0.996,0.8678,0.8275,0.0403,,1
79,0.995,0.0000,0.0000,0.0000,,1
80,0.994,0.0000,0.0000,0.0000,,1
81,0.996,0.8422,0.8092,0.0330,,1
82,0.995,0.0000,0.0000,0.0000,,1
83,0.993,0.0000,0.0000,0.0000,,1
84,0.993,0.8471,0.8172,0.0299,,1
85,0.993,0.0000,0.0000,0.0000,,1
86,0.993,0.0000,0.0000,0.0000,,1
87,0.993,0.8433,0.8124,0.0309,,1
88,0.993,0.0000,0.0000,0.0000,,1
89,0.994,0.0000,0.0000,0.0000,,1
90,0.996,0.8334,0.8082,0.0253,,1
91,0.997,0.0000,0.0000,0.0000,,1
92,0.997,0.0000,0.0000,0.0000,,1
93,0.997,0.7969,0.7835,0.0134,,1
94,0.997,0.0000,0.0000,0.0000,,1
95,0.997,0.0000,0.0000,0.0000,,1
96,0.997,0.8129,0.7804,0.0326,,1
97,0.995,0.0000,0.0000,0.0000,,1
98,0.996,0.0000,0.0000,0.0000,,1
99,0.996,0.8254,0.7877,0.0377,,1
100,0.995,0.0000,0.0000,0.0000,,1
101,0.989,0.0000,0.0000,0.0000,,1
102,0.989,0.8100,0.7877,0.0223,,1
103,0.991,0.0000,0.0000,0.0000,,1
104,0.986,0.0000,0.0000,0.0000,,1
105,0.986,0.8181,0.7978,0.0203,,1
106,0.997,0.0000,0.0000,0.0000,,1
107,0.998,0.0000,0.0000,0.0000,,1
108,0.998,0.7982,0.7860,0.0122,,1
109,0.998,0.0000,0.0000,0.0000,,1
110,0.997,0.0000,0.0000,0.0000,,1
111,0.998,0.7941,0.7730,0.0211,,1
112,0.998,0.0000,0.0000,0.0000,,1
113,0.997,0.0000,0.0000,0.0000,,1
114,0.999,0.8091,0.7977,0.0114,,1
115,0.996,0.0000,0.0000,0.0000,,1
116,0.996,0.0000,0.0000,0.0000,,1
117,0.996,0.8175,0.7940,0.0236,,1
118,0.997,0.0000,0.0000,0.0000,,1
119,0.996,0.0000,0.0000,0.0000,,1
120,0.996,0.7986,0.7736,0.0250,,1
121,0.996,0.0000,0.0000,0.0000,,1
122,0.996,0.0000,0.0000,0.0000,,1
123,0.997,0.8131,0.7835,0.0296,,1
124,0.996,0.0000,0.0000,0.0000,,1
125,0.996,0.0000,0.0000,0.0000,,1
126,0.996,0.8213,0.7931,0.0282,,1
127,0.996,0.0000,0.0000,0.0000,,1
128,0.996,0.0000,0.0000,0.0000,,1
129,0.996,0.8073,0.7745,0.0327,,1
130,0.996,0.0000,0.0000,0.0000,,1
131,0.996,0.0000,0.0000,0.0000,,1
132,0.997,0.8114,0.7895,0.0218,,1
133,0.997,0.0000,0.0000,0.0000,,1
134,0.997,0.0000,0.0000,0.0000,,1
135,0.997,0.8100,0.7964,0.0136,,1
136,0.996,0.0000,0.0000,0.0000,,1
137,0.996,0.0000,0.0000,0.0000,,1
138,0.996,0.8288,0.7960,0.0328,,1
139,0.997,0.0000,0.0000,0.0000,,1
140,0.997,0.0000,0.0000,0.0000,,1
141,0.997,0.8205,0.7921,0.0284,,1
142,0.997,0.0000,0.0000,0.0000,,1
143,0.995,0.0000,0.0000,0.0000,,1
144,0.994,0.8073,0.7818,0.0255,,1
145,0.994,0.0000,0.0000,0.0000,,1
146,0.997,0.0000,0.0000,0.0000,,1
147,0.997,0.8510,0.8087,0.0422,,1
148,0.997,0.0000,0.0000,0.0000,,1
149,0.998,0.0000,0.0000,0.0000,,1
150,0.998,0.8426,0.7978,0.0448,,1
151,0.998,0.0000,0.0000,0.0000,,1
152,0.998,0.0000,0.0000,0.0000,,1
153,0.998,0.8199,0.7922,0.0277,,1
154,0.998,0.0000,0.0000,0.0000,,1
155,0.997,0.0000,0.0000,0.0000,,1
156,0.998,0.8416,0.8013,0.0402,,1
157,0.998,0.0000,0.0000,0.0000,,1
158,0.999,0.0000,0.0000,0.0000,,1
159,0.999,0.8530,0.8057,0.0473,,1
160,0.998,0.0000,0.0000,0.0000,,1
161,0.998,0.0000,0.0000,0.0000,,1
162,0.998,0.8636,0.8155,0.0480,,1
163,0.998,0.0000,0.0000,0.0000,,1
164,0.999,0.0000,0.0000,0.0000,,1
165,0.999,0.8410,0.7998,0.0412,,1
166,0.999,0.0000,0.0000,0.0000,,1
167,0.998,0.0000,0.0000,0.0000,,1
168,0.998,0.8224,0.7861,0.0363,,1
169,0.998,0.0000,0.0000,0.0000,,1
170,0.997,0.0000,0.0000,0.0000,,1
171,0.998,0.8409,0.7967,0.0441,,1
172,0.998,0.0000,0.0000,0.0000,,1
173,0.998,0.0000,0.0000,0.0000,,1
174,0.996,0.8363,0.7955,0.0408,,1
175,0.996,0.0000,0.0000,0.0000,,1
176,0.997,0.0000,0.0000,0.0000,,1
177,0.997,0.8465,0.7981,0.0484,,1
178,0.997,0.0000,0.0000,0.0000,,1
179,0.998,0.0000,0.0000,0.0000,,1
180,0.998,0.8253,0.7898,0.0355,,1
181,0.998,0.0000,0.0000,0.0000,,1
182,0.998,0.0000,0.0000,0.0000,,1
183,0.998,0.8420,0.7990,0.0430,,1
184,0.998,0.0000,0.0000,0.0000,,1
185,0.999,0.0000,0.0000,0.0000,,1
186,0.999,0.8214,0.7907,0.0308,,1
187,0.999,0.0000,0.0000,0.0000,,1
188,0.999,0.0000,0.0000,0.0000,,1
189,0.998,0.8329,0.8011,0.0318,,1
190,0.998,0.0000,0.0000,0.0000,,1
191,0.997,0.0000,0.0000,0.0000,,1
192,0.997,0.8389,0.8026,0.0363,,1
193,0.997,0.0000,0.0000,0.0000,,1
194,0.996,0.0000,0.0000,0.0000,,1
195,0.996,0.8358,0.8017,0.0341,,1
196,0.997,0.0000,0.0000,0.0000,,1
197,0.996,0.0000,0.0000,0.0000,,1
198,0.997,0.8179,0.7909,0.0269,,1
199,0.997,0.0000,0.0000,0.0000,,1
200,0.998,0.0000,0.0000,0.0000,,1
201,0.998,0.8211,0.7889,0.0322,,1
202,0.998,0.0000,0.0000,0.0000,,1
203,0.998,0.0000,0.0000,0.0000,,1
204,0.998,0.8199,0.7826,0.0373,,1
205,0.998,0.0000,0.0000,0.0000,,1
206,0.999,0.0000,0.0000,0.0000,,1
207,0.999,0.8115,0.7904,0.0211,,1
208,0.999,0.0000,0.0000,0.0000,,1
209,0.998,0.0000,0.0000,0.0000,,1
210,0.998,0.8128,0.7872,0.0256,,1
211,0.998,0.0000,0.0000,0.0000,,1
212,0.998,0.0000,0.0000,0.0000,,1
213,0.998,0.8172,0.7854,0.0318,,1
214,0.998,0.0000,0.0000,0.0000,,1
215,0.998,0.0000,0.0000,0.0000,,1
216,0.998,0.8310,0.7972,0.0337,,1
217,0.997,0.0000,0.0000,0.0000,,1
218,0.997,0.0000,0.0000,0.0000,,1
219,0.997,0.8126,0.7939,0.0187,,1
220,0.997,0.0000,0.0000,0.0000,,1
221,0.996,0.0000,0.0000,0.0000,,1
222,0.995,0.7827,0.7671,0.0155,,1
223,0.996,0.0000,0.0000,0.0000,,1
224,0.997,0.0000,0.0000,0.0000,,1
225,0.995,0.7854,0.7844,0.0010,,1
226,0.992,0.0000,0.0000,0.0000,,1
227,0.996,0.0000,0.0000,0.0000,,1
228,0.996,0.8286,0.8134,0.0152,,1
229,0.997,0.0000,0.0000,0.0000,,1
230,0.996,0.0000,0.0000,0.0000,,1
231,0.997,0.8099,0.7936,0.0163,,1
232,0.996,0.0000,0.0000,0.0000,,1
233,0.996,0.0000,0.0000,0.0000,,1
234,0.996,0.8098,0.7934,0.0164,,1
235,0.997,0.0000,0.0000,0.0000,,1
236,0.996,0.0000,0.0000,0.0000,,1
237,0.996,0.7978,0.7851,0.0127,,1
238,0.994,0.0000,0.0000,0.0000,,1
239,0.995,0.0000,0.0000,0.0000,,1
240,0.993,0.8075,0.7909,0.0166,,1
241,0.994,0.0000,0.0000,0.0000,,1
242,0.996,0.0000,0.0000,0.0000,,1
243,0.996,0.8116,0.7897,0.0220,,1
244,0.996,0.0000,0.0000,0.0000,,1
245,0.996,0.0000,0.0000,0.0000,,1
246,0.994,0.8312,0.8096,0.0216,,1
247,0.995,0.0000,0.0000,0.0000,,1
248,0.994,0.0000,0.0000,0.0000,,1
249,0.996,0.8046,0.7914,0.0132,,1
250,0.995,0.0000,0.0000,0.0000,,1
251,0.997,0.0000,0.0000,0.0000,,1
252,0.998,0.8853,0.8397,0.0456,,1
253,0.999,0.0000,0.0000,0.0000,,1
254,0.998,0.0000,0.0000,0.0000,,1
255,0.998,0.8472,0.8144,0.0327,,1
256,0.998,0.0000,0.0000,0.0000,,1
257,0.997,0.0000,0.0000,0.0000,,1
258,0.997,0.8480,0.8019,0.0462,,1
259,0.998,0.0000,0.0000,0.0000,,1
260,0.998,0.0000,0.0000,0.0000,,1
261,0.998,0.8265,0.7992,0.0273,,1
262,0.999,0.0000,0.0000,0.0000,,1
263,0.996,0.0000,0.0000,0.0000,,1
264,0.997,0.8438,0.8257,0.0181,,1
265,0.998,0.0000,0.0000,0.0000,,1
266,0.995,0.0000,0.0000,0.0000,,1
267,0.996,0.8263,0.7974,0.0289,,1
268,0.996,0.0000,0.0000,0.0000,,1
269,0.994,0.0000,0.0000,0.0000,,1
270,0.992,0.7737,0.7720,0.0017,,1
271,0.993,0.0000,0.0000,0.0000,,1
272,0.984,0.0000,0.0000,0.0000,,1
273,0.983,0.7992,0.7932,0.0060,,1
274,0.980,0.0000,0.0000,0.0000,,1
275,0.992,0.0000,0.0000,0.0000,,1
276,0.994,0.7790,0.7704,0.0086,,1
277,0.982,0.0000,0.0000,0.0000,,1
278,0.982,0.0000,0.0000,0.0000,,1
279,0.987,0.8293,0.8076,0.0217,,1
280,0.988,0.0000,0.0000,0.0000,,1
281,0.994,0.0000,0.0000,0.0000,,1
282,0.996,0.8290,0.8032,0.0258,,1
283,0.995,0.0000,0.0000,0.0000,,1
284,0.995,0.0000,0.0000,0.0000,,1
285,0.995,0.8495,0.8238,0.0258,,1
286,0.995,0.0000,0.0000,0.0000,,1
287,0.991,0.0000,0.0000,0.0000,,1
288,0.995,0.8335,0.8059,0.0276,,1
289,0.996,0.0000,0.0000,0.0000,,1
290,0.996,0.0000,0.0000,0.0000,,1
291,0.997,0.8267,0.7970,0.0297,,1
292,0.997,0.0000,0.0000,0.0000,,1
293,0.997,0.0000,0.0000,0.0000,,1
294,0.997,0.8450,0.8043,0.0408,,1
295,0.996,0.0000,0.0000,0.0000,,1
296,0.996,0.0000,0.0000,0.0000,,1
297,0.996,0.8428,0.8003,0.0426,,1
298,0.997,0.0000,0.0000,0.0000,,1
299,0.996,0.0000,0.0000,0.0000,,1
300,0.996,0.8409,0.8010,0.0398,,1
301,0.995,0.0000,0.0000,0.0000,,1
302,0.996,0.0000,0.0000,0.0000,,1
303,0.995,0.8494,0.8087,0.0407,,1
304,0.996,0.0000,0.0000,0.0000,,1
305,0.996,0.0000,0.0000,0.0000,,1
306,0.997,0.8454,0.7945,0.0509,nike_blazer_mid77_darkblue,0
307,0.996,0.0000,0.0000,0.0000,nike_blazer_mid77_darkblue,0
308,0.996,0.0000,0.0000,0.0000,nike_blazer_mid77_darkblue,0
309,0.996,0.8372,0.7964,0.0409,nike_blazer_mid77_darkblue,0
310,0.996,0.0000,0.0000,0.0000,nike_blazer_mid77_darkblue,0
311,0.996,0.0000,0.0000,0.0000,nike_blazer_mid77_darkblue,0
312,0.996,0.8442,0.7968,0.0474,nike_blazer_mid77_darkblue,0
313,0.996,0.0000,0.0000,0.0000,nike_blazer_mid77_darkblue,0
314,0.995,0.0000,0.0000,0.0000,,1
315,0.996,0.8474,0.8019,0.0455,,1
316,0.996,0.0000,0.0000,0.0000,,1
317,0.996,0.0000,0.0000,0.0000,,1
318,0.996,0.8360,0.7951,0.0408,,1
319,0.996,0.0000,0.0000,0.0000,,1
320,0.995,0.0000,0.0000,0.0000,,1
321,0.996,0.8336,0.7915,0.0421,,1
322,0.996,0.0000,0.0000,0.0000,,1
323,0.996,0.0000,0.0000,0.0000,,1
324,0.995,0.8439,0.7994,0.0446,,1
325,0.996,0.0000,0.0000,0.0000,,1
326,0.996,0.0000,0.0000,0.0000,,1
327,0.995,0.8174,0.7862,0.0312,,1
328,0.993,0.0000,0.0000,0.0000,,1
329,0.991,0.0000,0.0000,0.0000,,1
330,0.984,0.8103,0.7926,0.0177,,1
331,0.987,0.0000,0.0000,0.0000,,1
332,0.988,0.0000,0.0000,0.0000,,1
333,0.981,0.8164,0.8024,0.0140,,1
334,0.983,0.0000,0.0000,0.0000,,1
335,0.992,0.0000,0.0000,0.0000,,1
336,0.985,0.8283,0.8019,0.0264,,1
337,0.973,0.0000,0.0000,0.0000,,1
338,0.959,0.0000,0.0000,0.0000,,1
339,0.986,0.8181,0.7915,0.0266,,1
340,0.989,0.0000,0.0000,0.0000,,1
341,0.982,0.0000,0.0000,0.0000,,1
342,0.990,0.8528,0.8301,0.0227,,1
343,0.991,0.0000,0.0000,0.0000,,1
344,0.994,0.0000,0.0000,0.0000,,1
345,0.986,0.7988,0.7869,0.0119,,1
346,0.988,0.0000,0.0000,0.0000,,1
347,0.986,0.0000,0.0000,0.0000,,1
348,0.994,0.8120,0.7811,0.0309,,1
349,0.990,0.0000,0.0000,0.0000,,1
350,0.987,0.0000,0.0000,0.0000,,1
351,0.981,0.7531,0.7504,0.0027,,1
352,0.958,0.0000,0.0000,0.0000,,1
353,0.986,0.0000,0.0000,0.0000,,1
354,0.978,0.7761,0.7575,0.0186,,1
355,0.981,0.0000,0.0000,0.0000,,1
356,0.991,0.0000,0.0000,0.0000,,1
357,0.986,0.8594,0.8122,0.0472,,1
358,0.982,0.0000,0.0000,0.0000,,1
359,0.994,0.0000,0.0000,0.0000,,1
360,0.995,0.8695,0.8085,0.0610,nike_blazer_mid77_darkblue,0
361,0.994,0.0000,0.0000,0.0000,nike_blazer_mid77_darkblue,0
362,0.998,0.0000,0.0000,0.0000,nike_blazer_mid77_darkblue,0
363,0.997,0.8358,0.8026,0.0332,nike_blazer_mid77_darkblue,0
364,0.996,0.0000,0.0000,0.0000,nike_blazer_mid77_darkblue,0
365,0.996,0.0000,0.0000,0.0000,nike_blazer_mid77_darkblue,0
366,0.995,0.8737,0.8344,0.0393,nike_blazer_mid77_darkblue,0
367,0.995,0.0000,0.0000,0.0000,nike_blazer_mid77_darkblue,0
368,0.997,0.0000,0.0000,0.0000,,1
369,0.997,0.8464,0.8163,0.0300,,1
370,0.996,0.0000,0.0000,0.0000,,1
371,0.997,0.0000,0.0000,0.0000,,1
372,0.997,0.8665,0.8190,0.0475,,1
373,0.995,0.0000,0.0000,0.0000,,1
374,0.996,0.0000,0.0000,0.0000,,1
375,0.996,0.8756,0.8392,0.0364,,1
376,0.997,0.0000,0.0000,0.0000,,1
377,0.996,0.0000,0.0000,0.0000,,1
378,0.997,0.8682,0.8309,0.0373,,1
379,0.997,0.0000,0.0000,0.0000,,1
380,0.997,0.0000,0.0000,0.0000,,1
381,0.997,0.8802,0.8241,0.0561,nike_blazer_mid77_darkblue,0
382,0.996,0.0000,0.0000,0.0000,nike_blazer_mid77_darkblue,0
383,0.996,0.0000,0.0000,0.0000,nike_blazer_mid77_darkblue,0
384,0.996,0.8814,0.8324,0.0491,nike_blazer_mid77_darkblue,0
385,0.997,0.0000,0.0000,0.0000,nike_blazer_mid77_darkblue,0
386,0.998,0.0000,0.0000,0.0000,nike_blazer_mid77_darkblue,0
387,0.997,0.8421,0.8076,0.0345,nike_blazer_mid77_darkblue,0
388,0.997,0.0000,0.0000,0.0000,nike_blazer_mid77_darkblue,0
389,0.995,0.0000,0.0000,0.0000,,1
390,0.993,0.8783,0.8255,0.0527,nike_blazer_mid77_darkblue,0
391,0.992,0.0000,0.0000,0.0000,nike_blazer_mid77_darkblue,0
392,0.997,0.0000,0.0000,0.0000,nike_blazer_mid77_darkblue,0
393,0.997,0.8951,0.8353,0.0598,nike_blazer_mid77_darkblue,0
394,0.997,0.0000,0.0000,0.0000,nike_blazer_mid77_darkblue,0
395,0.993,0.0000,0.0000,0.0000,nike_blazer_mid77_darkblue,0
396,0.994,0.8947,0.8360,0.0586,nike_blazer_mid77_darkblue,0
397,0.996,0.0000,0.0000,0.0000,nike_blazer_mid77_darkblue,0
398,0.995,0.0000,0.0000,0.0000,nike_blazer_mid77_darkblue,0
399,0.996,0.8835,0.8290,0.0544,nike_blazer_mid77_darkblue,0
400,0.996,0.0000,0.0000,0.0000,nike_blazer_mid77_darkblue,0
401,0.988,0.0000,0.0000,0.0000,nike_blazer_mid77_darkblue,0
402,0.989,0.8388,0.8107,0.0281,nike_blazer_mid77_darkblue,0
403,0.991,0.0000,0.0000,0.0000,nike_blazer_mid77_darkblue,0
404,0.910,0.0000,0.0000,0.0000,nike_blazer_mid77_darkblue,0
18,0.328,0.4465,0.4158,0.0308,,1
31,0.266,0.0000,0.0000,0.0000,,1
32,0.351,0.0000,0.0000,0.0000,,1
33,0.520,0.5349,0.5246,0.0103,,1
34,0.512,0.0000,0.0000,0.0000,,1
35,0.301,0.0000,0.0000,0.0000,,1
36,0.344,0.5198,0.5021,0.0177,,1
37,0.385,0.0000,0.0000,0.0000,,1
183,0.623,0.5624,0.5600,0.0024,,1
184,0.355,0.0000,0.0000,0.0000,,1
282,0.480,0.5460,0.5378,0.0082,,1
370,0.271,0.0000,0.0000,0.0000,,1
371,0.317,0.0000,0.0000,0.0000,,1
374,0.304,0.0000,0.0000,0.0000,,1
375,0.259,0.5954,0.5750,0.0203,,1
450,0.333,0.5818,0.5560,0.0257,,1
478,0.279,0.0000,0.0000,0.0000,,1
484,0.262,0.0000,0.0000,0.0000,,1
485,0.257,0.0000,0.0000,0.0000,,1
486,0.356,0.5378,0.5310,0.0068,,1
486,0.324,0.5471,0.5363,0.0108,,1
487,0.388,0.0000,0.0000,0.0000,,1
487,0.268,0.0000,0.0000,0.0000,,1
488,0.370,0.0000,0.0000,0.0000,,1
488,0.276,0.0000,0.0000,0.0000,,1
489,0.304,0.5489,0.5418,0.0071,,1
490,0.468,0.0000,0.0000,0.0000,,1
490,0.419,0.0000,0.0000,0.0000,,1
491,0.443,0.0000,0.0000,0.0000,,1
491,0.440,0.0000,0.0000,0.0000,,1
492,0.260,0.5472,0.5427,0.0046,,1
493,0.309,0.0000,0.0000,0.0000,,1
493,0.267,0.0000,0.0000,0.0000,,1
501,0.389,0.5684,0.5665,0.0019,,1
501,0.361,0.5663,0.5470,0.0193,,1
502,0.375,0.0000,0.0000,0.0000,,1
503,0.485,0.0000,0.0000,0.0000,,1
503,0.266,0.0000,0.0000,0.0000,,1
504,0.635,0.5373,0.5195,0.0178,,1
504,0.279,0.5634,0.5515,0.0119,,1
505,0.527,0.0000,0.0000,0.0000,,1
505,0.299,0.0000,0.0000,0.0000,,1
506,0.461,0.0000,0.0000,0.0000,,1
507,0.310,0.5761,0.5567,0.0194,,1
507,0.278,0.5378,0.5364,0.0013,,1
508,0.375,0.0000,0.0000,0.0000,,1
508,0.257,0.0000,0.0000,0.0000,,1
940,0.252,0.0000,0.0000,0.0000,,1
952,0.279,0.0000,0.0000,0.0000,,1
953,0.250,0.0000,0.0000,0.0000,,1
954,0.259,0.4664,0.4458,0.0207,,1
955,0.291,0.0000,0.0000,0.0000,,1
958,0.300,0.0000,0.0000,0.0000,,1
959,0.272,0.0000,0.0000,0.0000,,1
960,0.285,0.4610,0.4426,0.0184,,1
962,0.306,0.0000,0.0000,0.0000,,1
964,0.286,0.0000,0.0000,0.0000,,1
965,0.302,0.0000,0.0000,0.0000,,1
968,0.272,0.0000,0.0000,0.0000,,1
969,0.256,0.4412,0.4174,0.0238,,1
970,0.263,0.0000,0.0000,0.0000,,1
1815,0.263,0.4791,0.4560,0.0231,,1
1874,0.252,0.0000,0.0000,0.0000,,1
1875,0.280,0.4669,0.4466,0.0204,,1
1877,0.286,0.0000,0.0000,0.0000,,1
1879,0.310,0.0000,0.0000,0.0000,,1
1880,0.296,0.0000,0.0000,0.0000,,1
1881,0.264,0.4751,0.4502,0.0249,,1
1882,0.290,0.0000,0.0000,0.0000,,1
1883,0.296,0.0000,0.0000,0.0000,,1
1884,0.356,0.4777,0.4515,0.0262,,1
1885,0.375,0.0000,0.0000,0.0000,,1
1886,0.305,0.0000,0.0000,0.0000,,1
1891,0.267,0.0000,0.0000,0.0000,,1
1892,0.256,0.0000,0.0000,0.0000,,1
1895,0.342,0.0000,0.0000,0.0000,,1
1896,0.295,0.4716,0.4501,0.0215,,1
1911,0.286,0.4738,0.4494,0.0245,,1
1915,0.337,0.0000,0.0000,0.0000,,1
1916,0.279,0.0000,0.0000,0.0000,,1
1918,0.273,0.0000,0.0000,0.0000,,1
1919,0.293,0.0000,0.0000,0.0000,,1
1920,0.297,0.4690,0.4420,0.0270,,1
1921,0.360,0.0000,0.0000,0.0000,,1
1923,0.280,0.4770,0.4535,0.0235,,1
1924,0.366,0.0000,0.0000,0.0000,,1
1925,0.258,0.0000,0.0000,0.0000,,1
1932,0.259,0.4776,0.4529,0.0247,,1
1933,0.283,0.0000,0.0000,0.0000,,1
1935,0.308,0.4697,0.4466,0.0231,,1
1937,0.262,0.0000,0.0000,0.0000,,1
1938,0.291,0.4771,0.4478,0.0293,,1
1939,0.303,0.0000,0.0000,0.0000,,1
1940,0.324,0.0000,0.0000,0.0000,,1
1942,0.306,0.0000,0.0000,0.0000,,1
1953,0.253,0.4831,0.4554,0.0277,,1
1954,0.295,0.0000,0.0000,0.0000,,1
1955,0.295,0.0000,0.0000,0.0000,,1
1961,0.296,0.0000,0.0000,0.0000,,1
2010,0.272,0.4819,0.4749,0.0069,,1
2011,0.286,0.0000,0.0000,0.0000,,1
2011,0.255,0.0000,0.0000,0.0000,,1
2012,0.293,0.0000,0.0000,0.0000,,1
2013,0.283,0.4966,0.4802,0.0164,,1
2014,0.267,0.0000,0.0000,0.0000,,1
2023,0.258,0.0000,0.0000,0.0000,,1
2025,0.255,0.4862,0.4795,0.0068,,1
2035,0.259,0.0000,0.0000,0.0000,,1
2039,0.255,0.0000,0.0000,0.0000,,1
2040,0.333,0.4794,0.4543,0.0251,,1
2040,0.263,0.4904,0.4879,0.0025,,1
2041,0.329,0.0000,0.0000,0.0000,,1
2042,0.277,0.0000,0.0000,0.0000,,1
2052,0.256,0.4681,0.4582,0.0099,,1
2144,0.288,0.0000,0.0000,0.0000,,1
2168,0.433,0.0000,0.0000,0.0000,,1
2205,0.310,0.5536,0.5232,0.0304,,1
3718,0.398,0.0000,0.0000,0.0000,,1
4876,0.271,0.0000,0.0000,0.0000,,1
5934,0.328,0.4935,0.4729,0.0206,,1
5985,0.282,0.4562,0.4315,0.0247,,1
5986,0.276,0.0000,0.0000,0.0000,,1
6006,0.290,0.4273,0.4155,0.0117,,1
6013,0.343,0.0000,0.0000,0.0000,,1
6014,0.362,0.0000,0.0000,0.0000,,1
6015,0.327,0.4528,0.4289,0.0239,,1
6016,0.413,0.0000,0.0000,0.0000,,1
6017,0.277,0.0000,0.0000,0.0000,,1
6018,0.323,0.4261,0.4140,0.0121,,1
6022,0.259,0.0000,0.0000,0.0000,,1
6025,0.281,0.0000,0.0000,0.0000,,1
6026,0.326,0.0000,0.0000,0.0000,,1
6027,0.280,0.4242,0.4159,0.0084,,1
6028,0.359,0.0000,0.0000,0.0000,,1
6029,0.354,0.0000,0.0000,0.0000,,1
6030,0.379,0.4437,0.4292,0.0145,,1
6031,0.368,0.0000,0.0000,0.0000,,1
6032,0.394,0.0000,0.0000,0.0000,,1
6033,0.310,0.4494,0.4395,0.0099,,1
6034,0.384,0.0000,0.0000,0.0000,,1
6035,0.309,0.0000,0.0000,0.0000,,1
6036,0.413,0.4677,0.4496,0.0181,,1
6037,0.313,0.0000,0.0000,0.0000,,1
6038,0.358,0.0000,0.0000,0.0000,,1
6039,0.339,0.4513,0.4319,0.0194,,1
6040,0.421,0.0000,0.0000,0.0000,,1
6041,0.305,0.0000,0.0000,0.0000,,1
6043,0.316,0.0000,0.0000,0.0000,,1
6044,0.327,0.0000,0.0000,0.0000,,1
6045,0.294,0.4514,0.4351,0.0162,,1
6046,0.339,0.0000,0.0000,0.0000,,1
6047,0.424,0.0000,0.0000,0.0000,,1
6048,0.280,0.4368,0.4126,0.0242,,1
6049,0.427,0.0000,0.0000,0.0000,,1
6050,0.400,0.0000,0.0000,0.0000,,1
6051,0.426,0.4343,0.4206,0.0137,,1
6052,0.482,0.0000,0.0000,0.0000,,1
6053,0.441,0.0000,0.0000,0.0000,,1
6054,0.334,0.4522,0.4355,0.0167,,1
6055,0.361,0.0000,0.0000,0.0000,,1
6056,0.395,0.0000,0.0000,0.0000,,1
6057,0.375,0.4798,0.4537,0.0260,,1
6058,0.374,0.0000,0.0000,0.0000,,1
6059,0.360,0.0000,0.0000,0.0000,,1
6060,0.344,0.4601,0.4507,0.0095,,1
6061,0.376,0.0000,0.0000,0.0000,,1
6062,0.371,0.0000,0.0000,0.0000,,1
6063,0.345,0.4625,0.4436,0.0189,,1
6064,0.300,0.0000,0.0000,0.0000,,1
6065,0.391,0.0000,0.0000,0.0000,,1
6066,0.341,0.4381,0.4337,0.0045,,1
6067,0.356,0.0000,0.0000,0.0000,,1
6068,0.323,0.0000,0.0000,0.0000,,1
6069,0.378,0.4777,0.4636,0.0141,,1
6070,0.367,0.0000,0.0000,0.0000,,1
6071,0.285,0.0000,0.0000,0.0000,,1
6072,0.314,0.4549,0.4448,0.0101,,1
6073,0.319,0.0000,0.0000,0.0000,,1
6074,0.251,0.0000,0.0000,0.0000,,1
6080,0.253,0.0000,0.0000,0.0000,,1
6082,0.262,0.0000,0.0000,0.0000,,1
6084,0.256,0.4468,0.4329,0.0139,,1
6085,0.266,0.0000,0.0000,0.0000,,1
6098,0.305,0.0000,0.0000,0.0000,,1
6099,0.312,0.4613,0.4406,0.0207,,1
6100,0.292,0.0000,0.0000,0.0000,,1
6110,0.345,0.0000,0.0000,0.0000,,1
6112,0.262,0.0000,0.0000,0.0000,,1
6115,0.277,0.0000,0.0000,0.0000,,1
6116,0.266,0.0000,0.0000,0.0000,,1
6117,0.276,0.4482,0.4256,0.0226,,1
6130,0.256,0.0000,0.0000,0.0000,,1
6139,0.261,0.0000,0.0000,0.0000,,1
6140,0.330,0.0000,0.0000,0.0000,,1
6141,0.254,0.4705,0.4512,0.0193,,1
6173,0.266,0.0000,0.0000,0.0000,,1
6176,0.294,0.0000,0.0000,0.0000,,1
6177,0.296,0.4581,0.4341,0.0240,,1
6178,0.347,0.0000,0.0000,0.0000,,1
6183,0.316,0.4368,0.4152,0.0216,,1
6184,0.330,0.0000,0.0000,0.0000,,1
6185,0.280,0.0000,0.0000,0.0000,,1
6186,0.299,0.4487,0.4288,0.0199,,1
6187,0.270,0.0000,0.0000,0.0000,,1
6205,0.283,0.0000,0.0000,0.0000,,1
6207,0.325,0.4790,0.4533,0.0257,,1
6208,0.299,0.0000,0.0000,0.0000,,1
6221,0.295,0.0000,0.0000,0.0000,,1
6222,0.379,0.4631,0.4386,0.0245,,1
6223,0.316,0.0000,0.0000,0.0000,,1
6224,0.342,0.0000,0.0000,0.0000,,1
6225,0.424,0.4812,0.4547,0.0265,,1
6226,0.457,0.0000,0.0000,0.0000,,1
6227,0.436,0.0000,0.0000,0.0000,,1
6228,0.442,0.4702,0.4461,0.0241,,1
6229,0.384,0.0000,0.0000,0.0000,,1
6230,0.435,0.0000,0.0000,0.0000,,1
6231,0.416,0.4717,0.4447,0.0270,,1
6232,0.434,0.0000,0.0000,0.0000,,1
6233,0.440,0.0000,0.0000,0.0000,,1
6234,0.431,0.4721,0.4443,0.0278,,1
6235,0.342,0.0000,0.0000,0.0000,,1
6236,0.469,0.0000,0.0000,0.0000,,1
6237,0.474,0.4664,0.4345,0.0319,,1
6238,0.469,0.0000,0.0000,0.0000,,1
6239,0.423,0.0000,0.0000,0.0000,,1
6240,0.365,0.4694,0.4395,0.0298,,1
6241,0.391,0.0000,0.0000,0.0000,,1
6242,0.464,0.0000,0.0000,0.0000,,1
6243,0.449,0.4697,0.4398,0.0299,,1
6244,0.480,0.0000,0.0000,0.0000,,1
6245,0.474,0.0000,0.0000,0.0000,,1
6246,0.428,0.4568,0.4307,0.0260,,1
6247,0.387,0.0000,0.0000,0.0000,,1
6248,0.401,0.0000,0.0000,0.0000,,1
6249,0.363,0.4675,0.4330,0.0345,,1
6250,0.449,0.0000,0.0000,0.0000,,1
6251,0.311,0.0000,0.0000,0.0000,,1
6252,0.331,0.4627,0.4343,0.0284,,1
6253,0.393,0.0000,0.0000,0.0000,,1
6254,0.455,0.0000,0.0000,0.0000,,1
6255,0.437,0.4560,0.4371,0.0190,,1
6256,0.328,0.0000,0.0000,0.0000,,1
6257,0.335,0.0000,0.0000,0.0000,,1
6258,0.311,0.4662,0.4436,0.0226,,1
6259,0.339,0.0000,0.0000,0.0000,,1
6260,0.358,0.0000,0.0000,0.0000,,1
6261,0.486,0.4598,0.4324,0.0274,,1
6262,0.360,0.0000,0.0000,0.0000,,1
6263,0.298,0.0000,0.0000,0.0000,,1
6264,0.385,0.4709,0.4430,0.0279,,1
6265,0.379,0.0000,0.0000,0.0000,,1
6266,0.446,0.0000,0.0000,0.0000,,1
6267,0.486,0.4634,0.4460,0.0174,,1
6268,0.309,0.0000,0.0000,0.0000,,1
6269,0.279,0.0000,0.0000,0.0000,,1
6270,0.337,0.4699,0.4466,0.0233,,1
6271,0.354,0.0000,0.0000,0.0000,,1
6272,0.423,0.0000,0.0000,0.0000,,1
6273,0.587,0.4629,0.4324,0.0305,,1
6274,0.422,0.0000,0.0000,0.0000,,1
6275,0.454,0.0000,0.0000,0.0000,,1
6276,0.388,0.4610,0.4441,0.0169,,1
6277,0.363,0.0000,0.0000,0.0000,,1
6278,0.257,0.0000,0.0000,0.0000,,1
6279,0.297,0.4629,0.4354,0.0275,,1
6280,0.313,0.0000,0.0000,0.0000,,1
6281,0.295,0.0000,0.0000,0.0000,,1
6282,0.278,0.4715,0.4454,0.0261,,1
6283,0.418,0.0000,0.0000,0.0000,,1
6284,0.426,0.0000,0.0000,0.0000,,1
6285,0.322,0.4664,0.4458,0.0206,,1
6286,0.373,0.0000,0.0000,0.0000,,1
6287,0.421,0.0000,0.0000,0.0000,,1
6288,0.453,0.4692,0.4456,0.0236,,1
6289,0.369,0.0000,0.0000,0.0000,,1
6290,0.372,0.0000,0.0000,0.0000,,1
6291,0.291,0.4598,0.4326,0.0273,,1
6292,0.377,0.0000,0.0000,0.0000,,1
6293,0.370,0.0000,0.0000,0.0000,,1
6294,0.343,0.4683,0.4387,0.0296,,1
6295,0.322,0.0000,0.0000,0.0000,,1
6296,0.262,0.0000,0.0000,0.0000,,1
6297,0.392,0.4609,0.4343,0.0266,,1
6298,0.389,0.0000,0.0000,0.0000,,1
6300,0.381,0.4656,0.4390,0.0266,,1
6301,0.358,0.0000,0.0000,0.0000,,1
6302,0.315,0.0000,0.0000,0.0000,,1
6304,0.284,0.0000,0.0000,0.0000,,1
6305,0.334,0.0000,0.0000,0.0000,,1
6308,0.293,0.0000,0.0000,0.0000,,1
6309,0.269,0.4608,0.4394,0.0214,,1
6310,0.263,0.0000,0.0000,0.0000,,1
6312,0.256,0.4632,0.4440,0.0191,,1
6313,0.387,0.0000,0.0000,0.0000,,1
6314,0.465,0.0000,0.0000,0.0000,,1
6315,0.470,0.4622,0.4444,0.0179,,1
6316,0.385,0.0000,0.0000,0.0000,,1
6317,0.459,0.0000,0.0000,0.0000,,1
6318,0.498,0.4682,0.4445,0.0238,,1
6319,0.400,0.0000,0.0000,0.0000,,1
6320,0.508,0.0000,0.0000,0.0000,,1
6321,0.548,0.4814,0.4572,0.0242,,1
6322,0.610,0.0000,0.0000,0.0000,,1
6323,0.515,0.0000,0.0000,0.0000,,1
6324,0.499,0.4714,0.4498,0.0216,,1
6325,0.433,0.0000,0.0000,0.0000,,1
6326,0.472,0.0000,0.0000,0.0000,,1
6327,0.482,0.4716,0.4493,0.0223,,1
6328,0.527,0.0000,0.0000,0.0000,,1
6329,0.386,0.0000,0.0000,0.0000,,1
6330,0.388,0.4515,0.4318,0.0196,,1
6331,0.374,0.0000,0.0000,0.0000,,1
6332,0.416,0.0000,0.0000,0.0000,,1
6333,0.322,0.4788,0.4546,0.0242,,1
6334,0.297,0.0000,0.0000,0.0000,,1
6335,0.333,0.0000,0.0000,0.0000,,1
6336,0.381,0.4658,0.4451,0.0206,,1
6337,0.483,0.0000,0.0000,0.0000,,1
6338,0.385,0.0000,0.0000,0.0000,,1
6339,0.333,0.4701,0.4441,0.0259,,1
6340,0.433,0.0000,0.0000,0.0000,,1
6341,0.481,0.0000,0.0000,0.0000,,1
6342,0.420,0.4715,0.4458,0.0257,,1
6343,0.383,0.0000,0.0000,0.0000,,1
6344,0.554,0.0000,0.0000,0.0000,,1
6345,0.484,0.4633,0.4380,0.0253,,1
6346,0.559,0.0000,0.0000,0.0000,,1
6347,0.517,0.0000,0.0000,0.0000,,1
6348,0.310,0.4637,0.4433,0.0204,,1
6349,0.347,0.0000,0.0000,0.0000,,1
6350,0.269,0.0000,0.0000,0.0000,,1
6351,0.347,0.4600,0.4393,0.0207,,1
6352,0.372,0.0000,0.0000,0.0000,,1
6353,0.429,0.0000,0.0000,0.0000,,1
6354,0.358,0.4566,0.4382,0.0185,,1
6355,0.327,0.0000,0.0000,0.0000,,1
6362,0.318,0.0000,0.0000,0.0000,,1
6363,0.268,0.4584,0.4430,0.0154,,1
6372,0.278,0.4730,0.4496,0.0234,,1
6373,0.322,0.0000,0.0000,0.0000,,1
6374,0.278,0.0000,0.0000,0.0000,,1
6375,0.274,0.4787,0.4582,0.0205,,1
6376,0.337,0.0000,0.0000,0.0000,,1
6377,0.288,0.0000,0.0000,0.0000,,1
6472,0.314,0.0000,0.0000,0.0000,,1
6473,0.320,0.0000,0.0000,0.0000,,1
6474,0.603,0.4876,0.4761,0.0115,,1
6475,0.572,0.0000,0.0000,0.0000,,1
6476,0.311,0.0000,0.0000,0.0000,,1
6482,0.384,0.0000,0.0000,0.0000,,1
6483,0.486,0.4643,0.4499,0.0144,,1
6484,0.398,0.0000,0.0000,0.0000,,1
6485,0.495,0.0000,0.0000,0.0000,,1
6486,0.684,0.4484,0.4378,0.0107,,1
6487,0.492,0.0000,0.0000,0.0000,,1
6493,0.250,0.0000,0.0000,0.0000,,1
6494,0.284,0.0000,0.0000,0.0000,,1
6503,0.292,0.0000,0.0000,0.0000,,1
6504,0.336,0.4408,0.4339,0.0068,,1
6505,0.445,0.0000,0.0000,0.0000,,1
6506,0.431,0.0000,0.0000,0.0000,,1
6507,0.445,0.4863,0.4658,0.0205,,1
6508,0.365,0.0000,0.0000,0.0000,,1
6509,0.351,0.0000,0.0000,0.0000,,1
6510,0.362,0.4822,0.4575,0.0247,,1
6511,0.297,0.0000,0.0000,0.0000,,1
6512,0.258,0.0000,0.0000,0.0000,,1
6513,0.319,0.4788,0.4604,0.0184,,1
6514,0.389,0.0000,0.0000,0.0000,,1
6521,0.276,0.0000,0.0000,0.0000,,1
6529,0.271,0.0000,0.0000,0.0000,,1
6530,0.318,0.0000,0.0000,0.0000,,1
6531,0.337,0.4464,0.4397,0.0066,,1
6532,0.345,0.0000,0.0000,0.0000,,1
6533,0.391,0.0000,0.0000,0.0000,,1
6534,0.361,0.4380,0.4376,0.0004,,1
6536,0.394,0.0000,0.0000,0.0000,,1
6537,0.446,0.4552,0.4459,0.0093,,1
6538,0.334,0.0000,0.0000,0.0000,,1
6539,0.329,0.0000,0.0000,0.0000,,1
6540,0.348,0.4535,0.4462,0.0074,,1
6541,0.360,0.0000,0.0000,0.0000,,1
6542,0.423,0.0000,0.0000,0.0000,,1
6543,0.421,0.4591,0.4475,0.0117,,1
6544,0.347,0.0000,0.0000,0.0000,,1
6545,0.369,0.0000,0.0000,0.0000,,1
6546,0.348,0.4673,0.4507,0.0166,,1
6547,0.296,0.0000,0.0000,0.0000,,1
6548,0.308,0.0000,0.0000,0.0000,,1
6549,0.351,0.4658,0.4551,0.0107,,1
6550,0.251,0.0000,0.0000,0.0000,,1
6551,0.257,0.0000,0.0000,0.0000,,1
6552,0.296,0.4679,0.4495,0.0184,,1
6553,0.351,0.0000,0.0000,0.0000,,1
6554,0.327,0.0000,0.0000,0.0000,,1
6555,0.322,0.4555,0.4382,0.0173,,1
6556,0.359,0.0000,0.0000,0.0000,,1
6557,0.260,0.0000,0.0000,0.0000,,1
6558,0.296,0.4466,0.4239,0.0227,,1
6559,0.274,0.0000,0.0000,0.0000,,1
6560,0.264,0.0000,0.0000,0.0000,,1
6561,0.332,0.4548,0.4337,0.0210,,1
6562,0.280,0.0000,0.0000,0.0000,,1
6563,0.309,0.0000,0.0000,0.0000,,1
6564,0.293,0.4291,0.4116,0.0174,,1
6565,0.330,0.0000,0.0000,0.0000,,1
6566,0.421,0.0000,0.0000,0.0000,,1
6567,0.406,0.4756,0.4583,0.0173,,1
6568,0.416,0.0000,0.0000,0.0000,,1
6569,0.366,0.0000,0.0000,0.0000,,1
6570,0.393,0.4632,0.4473,0.0159,,1
6571,0.398,0.0000,0.0000,0.0000,,1
6572,0.339,0.0000,0.0000,0.0000,,1
6573,0.374,0.4499,0.4316,0.0183,,1
6574,0.343,0.0000,0.0000,0.0000,,1
6575,0.342,0.0000,0.0000,0.0000,,1
6576,0.300,0.4625,0.4424,0.0201,,1
6577,0.326,0.0000,0.0000,0.0000,,1
6578,0.344,0.0000,0.0000,0.0000,,1
6579,0.346,0.4434,0.4295,0.0139,,1
6580,0.338,0.0000,0.0000,0.0000,,1
6581,0.379,0.0000,0.0000,0.0000,,1
6582,0.323,0.4394,0.4243,0.0151,,1
6583,0.346,0.0000,0.0000,0.0000,,1
6584,0.400,0.0000,0.0000,0.0000,,1
6585,0.393,0.4658,0.4421,0.0237,,1
6586,0.416,0.0000,0.0000,0.0000,,1
6587,0.344,0.0000,0.0000,0.0000,,1
6588,0.354,0.4764,0.4555,0.0209,,1
6589,0.386,0.0000,0.0000,0.0000,,1
6590,0.456,0.0000,0.0000,0.0000,,1
6591,0.405,0.4622,0.4477,0.0145,,1
6592,0.465,0.0000,0.0000,0.0000,,1
6593,0.412,0.0000,0.0000,0.0000,,1
6594,0.356,0.4604,0.4409,0.0196,,1
6595,0.363,0.0000,0.0000,0.0000,,1
6596,0.405,0.0000,0.0000,0.0000,,1
6597,0.315,0.4508,0.4365,0.0143,,1
6598,0.519,0.0000,0.0000,0.0000,,1
6609,0.300,0.4189,0.4128,0.0060,,1
6610,0.296,0.0000,0.0000,0.0000,,1
6616,0.274,0.0000,0.0000,0.0000,,1
6617,0.252,0.0000,0.0000,0.0000,,1
6620,0.263,0.0000,0.0000,0.0000,,1
6621,0.328,0.4572,0.4439,0.0133,,1
6622,0.396,0.0000,0.0000,0.0000,,1
6623,0.421,0.0000,0.0000,0.0000,,1
6624,0.413,0.4514,0.4353,0.0160,,1
6625,0.426,0.0000,0.0000,0.0000,,1
6630,0.255,0.4244,0.4154,0.0090,,1
6631,0.323,0.0000,0.0000,0.0000,,1
6632,0.430,0.0000,0.0000,0.0000,,1
6633,0.476,0.4359,0.4199,0.0160,,1
6634,0.461,0.0000,0.0000,0.0000,,1
6635,0.316,0.0000,0.0000,0.0000,,1
6636,0.325,0.4698,0.4481,0.0217,,1
6637,0.261,0.0000,0.0000,0.0000,,1
6638,0.354,0.0000,0.0000,0.0000,,1
6639,0.293,0.4521,0.4380,0.0141,,1
6640,0.274,0.0000,0.0000,0.0000,,1
6641,0.256,0.0000,0.0000,0.0000,,1
6643,0.261,0.0000,0.0000,0.0000,,1
6645,0.255,0.4524,0.4367,0.0156,,1
6646,0.309,0.0000,0.0000,0.0000,,1
6647,0.402,0.0000,0.0000,0.0000,,1
6648,0.471,0.4602,0.4393,0.0209,,1
6649,0.470,0.0000,0.0000,0.0000,,1
6650,0.370,0.0000,0.0000,0.0000,,1
6651,0.399,0.4719,0.4512,0.0207,,1
6652,0.564,0.0000,0.0000,0.0000,,1
6653,0.454,0.0000,0.0000,0.0000,,1
6654,0.561,0.4569,0.4242,0.0327,,1
6655,0.577,0.0000,0.0000,0.0000,,1
6656,0.629,0.0000,0.0000,0.0000,,1
6657,0.588,0.4710,0.4414,0.0295,,1
6658,0.572,0.0000,0.0000,0.0000,,1
6659,0.644,0.0000,0.0000,0.0000,,1
6660,0.643,0.4637,0.4410,0.0227,,1
6661,0.553,0.0000,0.0000,0.0000,,1
6662,0.567,0.0000,0.0000,0.0000,,1
6663,0.585,0.4718,0.4477,0.0240,,1
6664,0.545,0.0000,0.0000,0.0000,,1
6665,0.537,0.0000,0.0000,0.0000,,1
6666,0.293,0.4756,0.4586,0.0170,,1
6669,0.329,0.4480,0.4273,0.0207,,1
6671,0.365,0.0000,0.0000,0.0000,,1
6672,0.324,0.4636,0.4424,0.0212,,1
6673,0.391,0.0000,0.0000,0.0000,,1
6674,0.299,0.0000,0.0000,0.0000,,1
6676,0.325,0.0000,0.0000,0.0000,,1
6679,0.309,0.0000,0.0000,0.0000,,1
6680,0.342,0.0000,0.0000,0.0000,,1
6681,0.362,0.4479,0.4360,0.0119,,1
6682,0.429,0.0000,0.0000,0.0000,,1
6683,0.469,0.0000,0.0000,0.0000,,1
6684,0.305,0.4533,0.4350,0.0183,,1
6685,0.358,0.0000,0.0000,0.0000,,1
6686,0.353,0.0000,0.0000,0.0000,,1
6687,0.459,0.4702,0.4457,0.0246,,1
6688,0.322,0.0000,0.0000,0.0000,,1
6689,0.275,0.0000,0.0000,0.0000,,1
6691,0.258,0.0000,0.0000,0.0000,,1
6692,0.321,0.0000,0.0000,0.0000,,1
6694,0.357,0.0000,0.0000,0.0000,,1
6695,0.344,0.0000,0.0000,0.0000,,1
6696,0.288,0.4741,0.4516,0.0225,,1
6697,0.300,0.0000,0.0000,0.0000,,1
6698,0.298,0.0000,0.0000,0.0000,,1
6699,0.270,0.4566,0.4419,0.0147,,1
6700,0.347,0.0000,0.0000,0.0000,,1
6701,0.358,0.0000,0.0000,0.0000,,1
6702,0.377,0.4388,0.4294,0.0094,,1
6703,0.377,0.0000,0.0000,0.0000,,1
6704,0.443,0.0000,0.0000,0.0000,,1
6705,0.387,0.4310,0.4178,0.0132,,1
6706,0.319,0.0000,0.0000,0.0000,,1
6707,0.400,0.0000,0.0000,0.0000,,1
6708,0.322,0.4302,0.4118,0.0184,,1
6709,0.335,0.0000,0.0000,0.0000,,1
6710,0.271,0.0000,0.0000,0.0000,,1
6711,0.350,0.4454,0.4289,0.0164,,1
6712,0.444,0.0000,0.0000,0.0000,,1
6713,0.511,0.0000,0.0000,0.0000,,1
6714,0.433,0.4338,0.4240,0.0097,,1
6715,0.347,0.0000,0.0000,0.0000,,1
6716,0.415,0.0000,0.0000,0.0000,,1
6717,0.459,0.4071,0.4041,0.0030,,1
6718,0.384,0.0000,0.0000,0.0000,,1
6719,0.397,0.0000,0.0000,0.0000,,1
6720,0.423,0.4431,0.4301,0.0130,,1
6721,0.334,0.0000,0.0000,0.0000,,1
6722,0.476,0.0000,0.0000,0.0000,,1
6723,0.447,0.4240,0.4167,0.0073,,1
6724,0.393,0.0000,0.0000,0.0000,,1
6725,0.465,0.0000,0.0000,0.0000,,1
6726,0.375,0.4588,0.4451,0.0137,,1
6727,0.344,0.0000,0.0000,0.0000,,1
6728,0.391,0.0000,0.0000,0.0000,,1
6729,0.498,0.4641,0.4470,0.0171,,1
6730,0.413,0.0000,0.0000,0.0000,,1
6731,0.372,0.0000,0.0000,0.0000,,1
6732,0.345,0.4563,0.4307,0.0256,,1
6733,0.385,0.0000,0.0000,0.0000,,1
6734,0.416,0.0000,0.0000,0.0000,,1
6735,0.408,0.4433,0.4237,0.0196,,1
6736,0.400,0.0000,0.0000,0.0000,,1
6737,0.441,0.0000,0.0000,0.0000,,1
6738,0.250,0.4522,0.4274,0.0248,,1
6739,0.285,0.0000,0.0000,0.0000,,1
6754,0.286,0.0000,0.0000,0.0000,,1
6755,0.326,0.0000,0.0000,0.0000,,1
6756,0.517,0.4535,0.4350,0.0185,,1
6757,0.474,0.0000,0.0000,0.0000,,1
6758,0.308,0.0000,0.0000,0.0000,,1
6759,0.290,0.4560,0.4407,0.0152,,1
6760,0.276,0.0000,0.0000,0.0000,,1
6761,0.315,0.0000,0.0000,0.0000,,1
6762,0.453,0.4681,0.4543,0.0138,,1
6763,0.437,0.0000,0.0000,0.0000,,1
6764,0.430,0.0000,0.0000,0.0000,,1
6765,0.309,0.4661,0.4465,0.0196,,1
6766,0.368,0.0000,0.0000,0.0000,,1
6767,0.315,0.0000,0.0000,0.0000,,1
6768,0.279,0.4574,0.4372,0.0202,,1
6769,0.321,0.0000,0.0000,0.0000,,1
6770,0.279,0.0000,0.0000,0.0000,,1
6771,0.361,0.4511,0.4398,0.0113,,1
6772,0.421,0.0000,0.0000,0.0000,,1
6773,0.354,0.0000,0.0000,0.0000,,1
6774,0.344,0.4652,0.4536,0.0115,,1
6775,0.456,0.0000,0.0000,0.0000,,1
6776,0.500,0.0000,0.0000,0.0000,,1
6777,0.583,0.4512,0.4363,0.0150,,1
6778,0.575,0.0000,0.0000,0.0000,,1
6779,0.679,0.0000,0.0000,0.0000,,1
6780,0.528,0.4684,0.4540,0.0144,,1
6781,0.557,0.0000,0.0000,0.0000,,1
6782,0.359,0.0000,0.0000,0.0000,,1
6783,0.250,0.4493,0.4277,0.0217,,1
6785,0.484,0.0000,0.0000,0.0000,,1
6786,0.423,0.4533,0.4281,0.0252,,1
6787,0.562,0.0000,0.0000,0.0000,,1
6788,0.383,0.0000,0.0000,0.0000,,1
6789,0.398,0.4690,0.4492,0.0199,,1
6790,0.447,0.0000,0.0000,0.0000,,1
6791,0.460,0.0000,0.0000,0.0000,,1
6792,0.509,0.4695,0.4512,0.0183,,1
6793,0.472,0.0000,0.0000,0.0000,,1
6794,0.546,0.0000,0.0000,0.0000,,1
6795,0.485,0.4648,0.4414,0.0234,,1
6796,0.584,0.0000,0.0000,0.0000,,1
6797,0.478,0.0000,0.0000,0.0000,,1
6798,0.477,0.4392,0.4278,0.0114,,1
6799,0.381,0.0000,0.0000,0.0000,,1
6802,0.384,0.0000,0.0000,0.0000,,1
6803,0.263,0.0000,0.0000,0.0000,,1
6825,0.277,0.4594,0.4396,0.0198,,1
6827,0.473,0.0000,0.0000,0.0000,,1
6828,0.435,0.4610,0.4427,0.0182,,1
6829,0.401,0.0000,0.0000,0.0000,,1
6830,0.568,0.0000,0.0000,0.0000,,1
6831,0.475,0.4602,0.4346,0.0256,,1
6832,0.656,0.0000,0.0000,0.0000,,1
6833,0.540,0.0000,0.0000,0.0000,,1
6834,0.521,0.4515,0.4318,0.0196,,1
6835,0.509,0.0000,0.0000,0.0000,,1
6836,0.618,0.0000,0.0000,0.0000,,1
6837,0.552,0.4507,0.4283,0.0224,,1
6838,0.417,0.0000,0.0000,0.0000,,1
6839,0.451,0.0000,0.0000,0.0000,,1
6840,0.451,0.4611,0.4353,0.0259,,1
6855,0.357,0.4222,0.4156,0.0065,,1
6856,0.296,0.0000,0.0000,0.0000,,1
6857,0.373,0.0000,0.0000,0.0000,,1
6858,0.437,0.4421,0.4273,0.0148,,1
6859,0.564,0.0000,0.0000,0.0000,,1
6860,0.477,0.0000,0.0000,0.0000,,1
6861,0.336,0.4434,0.4349,0.0085,,1
6862,0.476,0.0000,0.0000,0.0000,,1
6863,0.286,0.0000,0.0000,0.0000,,1
6864,0.292,0.4468,0.4307,0.0161,,1
6866,0.305,0.0000,0.0000,0.0000,,1
6868,0.343,0.0000,0.0000,0.0000,,1
6869,0.257,0.0000,0.0000,0.0000,,1
6879,0.276,0.4783,0.4561,0.0222,,1
6881,0.413,0.0000,0.0000,0.0000,,1
6882,0.578,0.4423,0.4261,0.0162,,1
6883,0.517,0.0000,0.0000,0.0000,,1
6884,0.287,0.0000,0.0000,0.0000,,1
6885,0.306,0.4534,0.4432,0.0102,,1
6886,0.271,0.0000,0.0000,0.0000,,1
6888,0.269,0.4335,0.4264,0.0071,,1
6889,0.307,0.0000,0.0000,0.0000,,1
6890,0.349,0.0000,0.0000,0.0000,,1
6891,0.362,0.4217,0.4176,0.0041,,1
6892,0.408,0.0000,0.0000,0.0000,,1
6893,0.429,0.0000,0.0000,0.0000,,1
6894,0.441,0.4583,0.4352,0.0232,,1
6895,0.444,0.0000,0.0000,0.0000,,1
6896,0.377,0.0000,0.0000,0.0000,,1
6897,0.251,0.4649,0.4448,0.0201,,1
6898,0.343,0.0000,0.0000,0.0000,,1
6899,0.294,0.0000,0.0000,0.0000,,1
6900,0.303,0.4573,0.4402,0.0170,,1
6901,0.437,0.0000,0.0000,0.0000,,1
6902,0.301,0.0000,0.0000,0.0000,,1
6930,0.278,0.4553,0.4303,0.0250,,1
6932,0.528,0.0000,0.0000,0.0000,,1
6933,0.455,0.4687,0.4467,0.0221,,1
6934,0.423,0.0000,0.0000,0.0000,,1
6935,0.308,0.0000,0.0000,0.0000,,1
6936,0.310,0.4651,0.4478,0.0173,,1
6937,0.384,0.0000,0.0000,0.0000,,1
6938,0.651,0.0000,0.0000,0.0000,,1
6939,0.530,0.4626,0.4426,0.0200,,1
6940,0.491,0.0000,0.0000,0.0000,,1
6941,0.294,0.0000,0.0000,0.0000,,1
6942,0.359,0.4766,0.4526,0.0240,,1
6943,0.419,0.0000,0.0000,0.0000,,1
6944,0.537,0.0000,0.0000,0.0000,,1
6945,0.295,0.4661,0.4467,0.0194,,1
6946,0.346,0.0000,0.0000,0.0000,,1
6947,0.591,0.0000,0.0000,0.0000,,1
6948,0.496,0.4680,0.4481,0.0199,,1
6949,0.346,0.0000,0.0000,0.0000,,1
6950,0.347,0.0000,0.0000,0.0000,,1
6951,0.344,0.4679,0.4493,0.0186,,1
6952,0.343,0.0000,0.0000,0.0000,,1
6953,0.410,0.0000,0.0000,0.0000,,1
6954,0.320,0.4596,0.4395,0.0200,,1
6955,0.419,0.0000,0.0000,0.0000,,1
6956,0.252,0.0000,0.0000,0.0000,,1
6960,0.307,0.4767,0.4573,0.0195,,1
6961,0.327,0.0000,0.0000,0.0000,,1
6962,0.329,0.0000,0.0000,0.0000,,1
6963,0.466,0.4710,0.4470,0.0239,,1
6964,0.438,0.0000,0.0000,0.0000,,1
6965,0.360,0.0000,0.0000,0.0000,,1
6966,0.286,0.4522,0.4265,0.0257,,1
6967,0.473,0.0000,0.0000,0.0000,,1
6968,0.497,0.0000,0.0000,0.0000,,1
6969,0.469,0.4511,0.4280,0.0231,,1
6970,0.440,0.0000,0.0000,0.0000,,1
6971,0.351,0.0000,0.0000,0.0000,,1
6972,0.361,0.4661,0.4440,0.0221,,1
6973,0.253,0.0000,0.0000,0.0000,,1
6974,0.328,0.0000,0.0000,0.0000,,1
6975,0.545,0.4774,0.4541,0.0233,,1
6982,0.318,0.0000,0.0000,0.0000,,1
6984,0.341,0.4688,0.4465,0.0223,,1
6986,0.395,0.0000,0.0000,0.0000,,1
6987,0.352,0.4612,0.4502,0.0110,,1
6988,0.325,0.0000,0.0000,0.0000,,1
6989,0.353,0.0000,0.0000,0.0000,,1
6990,0.308,0.4718,0.4525,0.0193,,1
6991,0.361,0.0000,0.0000,0.0000,,1
6992,0.462,0.0000,0.0000,0.0000,,1
6993,0.303,0.4665,0.4501,0.0164,,1
6994,0.253,0.0000,0.0000,0.0000,,1
6997,0.327,0.0000,0.0000,0.0000,,1
7004,0.300,0.0000,0.0000,0.0000,,1
7005,0.326,0.4572,0.4410,0.0162,,1
7009,0.277,0.0000,0.0000,0.0000,,1
7012,0.305,0.0000,0.0000,0.0000,,1
7015,0.374,0.0000,0.0000,0.0000,,1
7016,0.329,0.0000,0.0000,0.0000,,1
7017,0.430,0.4760,0.4538,0.0222,,1
7018,0.353,0.0000,0.0000,0.0000,,1
7019,0.277,0.0000,0.0000,0.0000,,1
7020,0.413,0.4623,0.4396,0.0227,,1
7021,0.307,0.0000,0.0000,0.0000,,1
7022,0.257,0.0000,0.0000,0.0000,,1
7023,0.342,0.4684,0.4418,0.0266,,1
7024,0.454,0.0000,0.0000,0.0000,,1
7025,0.378,0.0000,0.0000,0.0000,,1
7026,0.378,0.4595,0.4345,0.0250,,1
7027,0.469,0.0000,0.0000,0.0000,,1
7114,0.273,0.0000,0.0000,0.0000,,1
7122,0.356,0.4420,0.4248,0.0172,,1
7123,0.399,0.0000,0.0000,0.0000,,1
7124,0.411,0.0000,0.0000,0.0000,,1
7125,0.388,0.4586,0.4499,0.0088,,1
7126,0.429,0.0000,0.0000,0.0000,,1
7127,0.309,0.0000,0.0000,0.0000,,1
7155,0.251,0.4590,0.4409,0.0182,,1
7159,0.260,0.0000,0.0000,0.0000,,1
7160,0.296,0.0000,0.0000,0.0000,,1
7161,0.429,0.4561,0.4409,0.0152,,1
7162,0.485,0.0000,0.0000,0.0000,,1
7163,0.374,0.0000,0.0000,0.0000,,1
7164,0.371,0.4529,0.4349,0.0180,,1
7165,0.355,0.0000,0.0000,0.0000,,1
7166,0.337,0.0000,0.0000,0.0000,,1
7167,0.273,0.4396,0.4272,0.0123,,1
7169,0.359,0.0000,0.0000,0.0000,,1
7170,0.406,0.4315,0.4210,0.0105,,1
7171,0.371,0.0000,0.0000,0.0000,,1
7172,0.375,0.0000,0.0000,0.0000,,1
7173,0.362,0.4417,0.4324,0.0093,,1
7174,0.344,0.0000,0.0000,0.0000,,1
7175,0.339,0.0000,0.0000,0.0000,,1
7176,0.311,0.4260,0.4230,0.0030,,1
7177,0.386,0.0000,0.0000,0.0000,,1
7178,0.367,0.0000,0.0000,0.0000,,1
7179,0.357,0.4540,0.4520,0.0020,,1
7180,0.255,0.0000,0.0000,0.0000,,1
7181,0.349,0.0000,0.0000,0.0000,,1
7182,0.435,0.4718,0.4506,0.0213,,1
7183,0.373,0.0000,0.0000,0.0000,,1
7184,0.310,0.0000,0.0000,0.0000,,1
7185,0.351,0.4453,0.4339,0.0113,,1
7186,0.367,0.0000,0.0000,0.0000,,1
7187,0.467,0.0000,0.0000,0.0000,,1
7188,0.415,0.4658,0.4505,0.0153,,1
7189,0.382,0.0000,0.0000,0.0000,,1
7190,0.306,0.0000,0.0000,0.0000,,1
7191,0.320,0.4451,0.4334,0.0117,,1
7192,0.327,0.0000,0.0000,0.0000,,1
7193,0.406,0.0000,0.0000,0.0000,,1
7194,0.372,0.4190,0.4108,0.0082,,1
7195,0.357,0.0000,0.0000,0.0000,,1
7207,0.258,0.0000,0.0000,0.0000,,1
7208,0.262,0.0000,0.0000,0.0000,,1
7210,0.281,0.0000,0.0000,0.0000,,1
7224,0.282,0.4694,0.4512,0.0182,,1
7225,0.277,0.0000,0.0000,0.0000,,1
7226,0.304,0.0000,0.0000,0.0000,,1
7228,0.355,0.0000,0.0000,0.0000,,1
7229,0.355,0.0000,0.0000,0.0000,,1
7230,0.314,0.4537,0.4410,0.0127,,1
7231,0.308,0.0000,0.0000,0.0000,,1
7232,0.417,0.0000,0.0000,0.0000,,1
7233,0.349,0.4428,0.4298,0.0130,,1
7234,0.274,0.0000,0.0000,0.0000,,1
7235,0.331,0.0000,0.0000,0.0000,,1
7236,0.266,0.4689,0.4483,0.0206,,1
7237,0.324,0.0000,0.0000,0.0000,,1
7238,0.437,0.0000,0.0000,0.0000,,1
7239,0.405,0.4743,0.4572,0.0170,,1
7240,0.377,0.0000,0.0000,0.0000,,1
7241,0.441,0.0000,0.0000,0.0000,,1
7242,0.321,0.4548,0.4389,0.0159,,1
7243,0.457,0.0000,0.0000,0.0000,,1
7244,0.470,0.0000,0.0000,0.0000,,1
7245,0.490,0.4649,0.4471,0.0178,,1
7246,0.423,0.0000,0.0000,0.0000,,1
7247,0.338,0.0000,0.0000,0.0000,,1
7248,0.321,0.4632,0.4456,0.0176,,1
7249,0.305,0.0000,0.0000,0.0000,,1
7250,0.293,0.0000,0.0000,0.0000,,1
7253,0.255,0.0000,0.0000,0.0000,,1
7254,0.262,0.4668,0.4467,0.0202,,1
7256,0.264,0.0000,0.0000,0.0000,,1
7257,0.288,0.4665,0.4426,0.0239,,1
7258,0.320,0.0000,0.0000,0.0000,,1
7260,0.257,0.4559,0.4428,0.0131,,1
7261,0.345,0.0000,0.0000,0.0000,,1
7262,0.271,0.0000,0.0000,0.0000,,1
7263,0.303,0.4631,0.4433,0.0198,,1
7264,0.319,0.0000,0.0000,0.0000,,1
7265,0.375,0.0000,0.0000,0.0000,,1
7266,0.422,0.4651,0.4472,0.0179,,1
7267,0.330,0.0000,0.0000,0.0000,,1
7268,0.340,0.0000,0.0000,0.0000,,1
7269,0.417,0.4625,0.4461,0.0164,,1
7270,0.423,0.0000,0.0000,0.0000,,1
7271,0.409,0.0000,0.0000,0.0000,,1
7272,0.375,0.4765,0.4525,0.0241,,1
7273,0.412,0.0000,0.0000,0.0000,,1
7275,0.261,0.4622,0.4460,0.0162,,1
7281,0.252,0.4720,0.4521,0.0199,,1
7282,0.328,0.0000,0.0000,0.0000,,1
7283,0.319,0.0000,0.0000,0.0000,,1
7284,0.318,0.4569,0.4419,0.0150,,1
7285,0.382,0.0000,0.0000,0.0000,,1
7286,0.358,0.0000,0.0000,0.0000,,1
7288,0.310,0.0000,0.0000,0.0000,,1
7289,0.265,0.0000,0.0000,0.0000,,1
7296,0.275,0.4577,0.4393,0.0184,,1
7297,0.301,0.0000,0.0000,0.0000,,1
7301,0.282,0.0000,0.0000,0.0000,,1
7302,0.315,0.4689,0.4543,0.0146,,1
7303,0.273,0.0000,0.0000,0.0000,,1
7310,0.276,0.0000,0.0000,0.0000,,1
7312,0.283,0.0000,0.0000,0.0000,,1
7318,0.326,0.0000,0.0000,0.0000,,1
7319,0.301,0.0000,0.0000,0.0000,,1
7320,0.282,0.4535,0.4444,0.0091,,1
7323,0.273,0.4459,0.4321,0.0138,,1
7329,0.301,0.4678,0.4433,0.0245,,1
7332,0.254,0.4352,0.4228,0.0125,,1
7333,0.300,0.0000,0.0000,0.0000,,1
7335,0.324,0.4739,0.4552,0.0186,,1
7336,0.283,0.0000,0.0000,0.0000,,1
7337,0.471,0.0000,0.0000,0.0000,,1
7338,0.423,0.4662,0.4435,0.0227,,1
7339,0.392,0.0000,0.0000,0.0000,,1
7340,0.351,0.0000,0.0000,0.0000,,1
7341,0.357,0.4663,0.4456,0.0207,,1
7342,0.424,0.0000,0.0000,0.0000,,1
7343,0.394,0.0000,0.0000,0.0000,,1
7344,0.367,0.4667,0.4513,0.0153,,1
7345,0.343,0.0000,0.0000,0.0000,,1
7346,0.290,0.0000,0.0000,0.0000,,1
7347,0.300,0.4339,0.4294,0.0046,,1
7348,0.269,0.0000,0.0000,0.0000,,1
7360,0.324,0.0000,0.0000,0.0000,,1
7361,0.260,0.0000,0.0000,0.0000,,1
7362,0.269,0.4508,0.4314,0.0194,,1
7367,0.253,0.0000,0.0000,0.0000,,1
7368,0.257,0.4633,0.4436,0.0197,,1
7374,0.284,0.4453,0.4291,0.0161,,1
7375,0.314,0.0000,0.0000,0.0000,,1
7376,0.350,0.0000,0.0000,0.0000,,1
7378,0.267,0.0000,0.0000,0.0000,,1
7380,0.268,0.4667,0.4454,0.0213,,1
7381,0.317,0.0000,0.0000,0.0000,,1
7459,0.252,0.0000,0.0000,0.0000,,1
7462,0.260,0.0000,0.0000,0.0000,,1
7463,0.252,0.0000,0.0000,0.0000,,1
7472,0.398,0.0000,0.0000,0.0000,,1
7473,0.343,0.4521,0.4316,0.0205,,1
7474,0.336,0.0000,0.0000,0.0000,,1
7477,0.268,0.0000,0.0000,0.0000,,1
7478,0.320,0.0000,0.0000,0.0000,,1
7479,0.276,0.4561,0.4377,0.0184,,1
7480,0.258,0.0000,0.0000,0.0000,,1
7481,0.257,0.0000,0.0000,0.0000,,1
7482,0.301,0.4381,0.4173,0.0208,,1
7483,0.270,0.0000,0.0000,0.0000,,1
7486,0.303,0.0000,0.0000,0.0000,,1
7488,0.284,0.4748,0.4558,0.0189,,1
7521,0.260,0.4461,0.4359,0.0101,,1
7522,0.286,0.0000,0.0000,0.0000,,1
7523,0.324,0.0000,0.0000,0.0000,,1
7524,0.281,0.4358,0.4266,0.0092,,1
7525,0.293,0.0000,0.0000,0.0000,,1
7664,0.320,0.0000,0.0000,0.0000,,1
7674,0.260,0.4782,0.4589,0.0193,,1
7681,0.252,0.0000,0.0000,0.0000,,1
7682,0.297,0.0000,0.0000,0.0000,,1
7683,0.279,0.4682,0.4517,0.0164,,1
7685,0.261,0.0000,0.0000,0.0000,,1
7686,0.305,0.4664,0.4533,0.0131,,1
7689,0.283,0.4708,0.4600,0.0108,,1
7698,0.251,0.4588,0.4529,0.0059,,1
7718,0.253,0.0000,0.0000,0.0000,,1
7719,0.265,0.4648,0.4460,0.0188,,1
7720,0.298,0.0000,0.0000,0.0000,,1
7721,0.255,0.0000,0.0000,0.0000,,1
7723,0.283,0.0000,0.0000,0.0000,,1
7724,0.361,0.0000,0.0000,0.0000,,1
7725,0.322,0.4677,0.4523,0.0154,,1
7726,0.311,0.0000,0.0000,0.0000,,1
7730,0.258,0.0000,0.0000,0.0000,,1
7731,0.250,0.4671,0.4494,0.0176,,1
7747,0.265,0.0000,0.0000,0.0000,,1
7748,0.294,0.0000,0.0000,0.0000,,1
7749,0.284,0.4703,0.4464,0.0239,,1
7750,0.306,0.0000,0.0000,0.0000,,1
7751,0.394,0.0000,0.0000,0.0000,,1
7752,0.361,0.4754,0.4516,0.0238,,1
7753,0.322,0.0000,0.0000,0.0000,,1
7754,0.321,0.0000,0.0000,0.0000,,1
7755,0.337,0.4687,0.4445,0.0243,,1
7756,0.347,0.0000,0.0000,0.0000,,1
7757,0.282,0.0000,0.0000,0.0000,,1
7758,0.281,0.4762,0.4519,0.0243,,1
7759,0.301,0.0000,0.0000,0.0000,,1
7760,0.308,0.0000,0.0000,0.0000,,1
7761,0.331,0.4775,0.4479,0.0297,,1
7762,0.282,0.0000,0.0000,0.0000,,1
7789,0.251,0.0000,0.0000,0.0000,,1
7794,0.266,0.4518,0.4435,0.0083,,1
7796,0.314,0.0000,0.0000,0.0000,,1
7797,0.312,0.4700,0.4586,0.0114,,1
7798,0.270,0.0000,0.0000,0.0000,,1
7799,0.272,0.0000,0.0000,0.0000,,1
7801,0.306,0.0000,0.0000,0.0000,,1
7802,0.405,0.0000,0.0000,0.0000,,1
7803,0.400,0.4593,0.4498,0.0095,,1
7804,0.404,0.0000,0.0000,0.0000,,1
7805,0.338,0.0000,0.0000,0.0000,,1
7806,0.478,0.4766,0.4643,0.0123,,1
7807,0.380,0.0000,0.0000,0.0000,,1
7808,0.461,0.0000,0.0000,0.0000,,1
7809,0.472,0.4757,0.4647,0.0110,,1
7810,0.429,0.0000,0.0000,0.0000,,1
7811,0.457,0.0000,0.0000,0.0000,,1
7812,0.369,0.4747,0.4628,0.0119,,1
7813,0.291,0.0000,0.0000,0.0000,,1
7829,0.259,0.0000,0.0000,0.0000,,1
7830,0.289,0.4589,0.4393,0.0196,,1
7832,0.375,0.0000,0.0000,0.0000,,1
7833,0.373,0.4785,0.4523,0.0263,,1
7834,0.402,0.0000,0.0000,0.0000,,1
7835,0.469,0.0000,0.0000,0.0000,,1
7836,0.381,0.4690,0.4406,0.0284,,1
7837,0.382,0.0000,0.0000,0.0000,,1
7838,0.384,0.0000,0.0000,0.0000,,1
7839,0.452,0.4723,0.4374,0.0349,,1
7840,0.386,0.0000,0.0000,0.0000,,1
7841,0.315,0.0000,0.0000,0.0000,,1
7842,0.264,0.4859,0.4572,0.0287,,1
7843,0.359,0.0000,0.0000,0.0000,,1
7844,0.320,0.0000,0.0000,0.0000,,1
7845,0.391,0.4695,0.4449,0.0246,,1
7846,0.435,0.0000,0.0000,0.0000,,1
7847,0.380,0.0000,0.0000,0.0000,,1
7848,0.377,0.4607,0.4424,0.0183,,1
7849,0.487,0.0000,0.0000,0.0000,,1
7850,0.466,0.0000,0.0000,0.0000,,1
7851,0.504,0.4762,0.4493,0.0269,,1
7852,0.429,0.0000,0.0000,0.0000,,1
7863,0.272,0.4731,0.4644,0.0087,,1
7864,0.313,0.0000,0.0000,0.0000,,1
7866,0.258,0.4685,0.4490,0.0195,,1
7878,0.368,0.4677,0.4358,0.0319,,1
7891,0.348,0.0000,0.0000,0.0000,,1
7892,0.289,0.0000,0.0000,0.0000,,1
7893,0.365,0.4656,0.4406,0.0250,,1
7894,0.403,0.0000,0.0000,0.0000,,1
7895,0.379,0.0000,0.0000,0.0000,,1
7896,0.403,0.4699,0.4458,0.0242,,1
7897,0.430,0.0000,0.0000,0.0000,,1
7905,0.388,0.4351,0.4245,0.0106,,1
7906,0.268,0.0000,0.0000,0.0000,,1
7907,0.392,0.0000,0.0000,0.0000,,1
7908,0.345,0.4555,0.4388,0.0167,,1
7909,0.257,0.0000,0.0000,0.0000,,1
7910,0.400,0.0000,0.0000,0.0000,,1
7911,0.348,0.4634,0.4432,0.0202,,1
7917,0.329,0.4297,0.4206,0.0091,,1
7918,0.274,0.0000,0.0000,0.0000,,1
7919,0.286,0.0000,0.0000,0.0000,,1
7920,0.364,0.4466,0.4304,0.0162,,1
7921,0.328,0.0000,0.0000,0.0000,,1
7922,0.298,0.0000,0.0000,0.0000,,1
7923,0.304,0.4556,0.4391,0.0165,,1
7924,0.288,0.0000,0.0000,0.0000,,1
7926,0.267,0.4522,0.4339,0.0184,,1
7927,0.267,0.0000,0.0000,0.0000,,1
7930,0.351,0.0000,0.0000,0.0000,,1
8020,0.438,0.0000,0.0000,0.0000,,1
8021,0.485,0.0000,0.0000,0.0000,,1
8022,0.441,0.4687,0.4457,0.0230,,1
8023,0.474,0.0000,0.0000,0.0000,,1
8024,0.369,0.0000,0.0000,0.0000,,1
8025,0.360,0.4663,0.4430,0.0233,,1
8026,0.400,0.0000,0.0000,0.0000,,1
8027,0.387,0.0000,0.0000,0.0000,,1
8028,0.371,0.4717,0.4495,0.0222,,1
8029,0.434,0.0000,0.0000,0.0000,,1
8030,0.455,0.0000,0.0000,0.0000,,1
8031,0.251,0.4710,0.4451,0.0259,,1
8032,0.283,0.0000,0.0000,0.0000,,1
8033,0.457,0.0000,0.0000,0.0000,,1
8034,0.400,0.4330,0.4258,0.0072,,1
8035,0.361,0.0000,0.0000,0.0000,,1
8037,0.269,0.4808,0.4596,0.0212,,1
8045,0.279,0.0000,0.0000,0.0000,,1
8047,0.274,0.0000,0.0000,0.0000,,1
8048,0.327,0.0000,0.0000,0.0000,,1
8049,0.349,0.4742,0.4522,0.0220,,1
8050,0.429,0.0000,0.0000,0.0000,,1
8051,0.314,0.0000,0.0000,0.0000,,1
8052,0.363,0.4806,0.4577,0.0229,,1
8053,0.340,0.0000,0.0000,0.0000,,1
8054,0.338,0.0000,0.0000,0.0000,,1
8055,0.418,0.4765,0.4583,0.0182,,1
8056,0.397,0.0000,0.0000,0.0000,,1
8057,0.422,0.0000,0.0000,0.0000,,1
8058,0.435,0.4768,0.4559,0.0209,,1
8059,0.477,0.0000,0.0000,0.0000,,1
8060,0.557,0.0000,0.0000,0.0000,,1
8061,0.525,0.4700,0.4442,0.0258,,1
8062,0.487,0.0000,0.0000,0.0000,,1
8063,0.369,0.0000,0.0000,0.0000,,1
8064,0.424,0.4802,0.4624,0.0178,,1
8065,0.427,0.0000,0.0000,0.0000,,1
8066,0.439,0.0000,0.0000,0.0000,,1
8067,0.357,0.4703,0.4441,0.0262,,1
8068,0.396,0.0000,0.0000,0.0000,,1
8069,0.399,0.0000,0.0000,0.0000,,1
8070,0.415,0.4896,0.4666,0.0230,,1
8071,0.440,0.0000,0.0000,0.0000,,1
8072,0.449,0.0000,0.0000,0.0000,,1
8073,0.368,0.4711,0.4441,0.0270,,1
8074,0.344,0.0000,0.0000,0.0000,,1
8075,0.466,0.0000,0.0000,0.0000,,1
8076,0.372,0.4690,0.4504,0.0187,,1
8078,0.277,0.0000,0.0000,0.0000,,1
8079,0.314,0.4716,0.4559,0.0157,,1
8080,0.378,0.0000,0.0000,0.0000,,1
8082,0.257,0.4751,0.4518,0.0233,,1
8085,0.314,0.4739,0.4492,0.0247,,1
8086,0.297,0.0000,0.0000,0.0000,,1
8087,0.419,0.0000,0.0000,0.0000,,1
8088,0.292,0.4789,0.4594,0.0195,,1
8089,0.256,0.0000,0.0000,0.0000,,1
8090,0.312,0.0000,0.0000,0.0000,,1
8091,0.331,0.4772,0.4595,0.0177,,1
8092,0.475,0.0000,0.0000,0.0000,,1
8099,0.327,0.0000,0.0000,0.0000,,1
8100,0.357,0.4839,0.4580,0.0260,,1
8101,0.315,0.0000,0.0000,0.0000,,1
8102,0.500,0.0000,0.0000,0.0000,,1
8103,0.379,0.4793,0.4528,0.0265,,1
8104,0.414,0.0000,0.0000,0.0000,,1
8105,0.311,0.0000,0.0000,0.0000,,1
8106,0.317,0.4746,0.4568,0.0178,,1
8107,0.289,0.0000,0.0000,0.0000,,1
8108,0.399,0.0000,0.0000,0.0000,,1
8109,0.394,0.4723,0.4495,0.0228,,1
8110,0.393,0.0000,0.0000,0.0000,,1
8111,0.418,0.0000,0.0000,0.0000,,1
8112,0.473,0.4772,0.4495,0.0277,,1
8113,0.430,0.0000,0.0000,0.0000,,1
8120,0.261,0.0000,0.0000,0.0000,,1
8121,0.313,0.4815,0.4591,0.0224,,1
8122,0.327,0.0000,0.0000,0.0000,,1
8123,0.301,0.0000,0.0000,0.0000,,1
8124,0.304,0.4601,0.4345,0.0256,,1
8125,0.317,0.0000,0.0000,0.0000,,1
8126,0.369,0.0000,0.0000,0.0000,,1
8127,0.419,0.4726,0.4438,0.0288,,1
8128,0.468,0.0000,0.0000,0.0000,,1
8129,0.420,0.0000,0.0000,0.0000,,1
8130,0.438,0.4726,0.4501,0.0225,,1
8131,0.463,0.0000,0.0000,0.0000,,1
8132,0.349,0.0000,0.0000,0.0000,,1
8133,0.431,0.4662,0.4465,0.0197,,1
8134,0.369,0.0000,0.0000,0.0000,,1
8135,0.376,0.0000,0.0000,0.0000,,1
8136,0.366,0.4652,0.4416,0.0236,,1
8144,0.295,0.0000,0.0000,0.0000,,1
8148,0.282,0.4778,0.4560,0.0218,,1
8151,0.361,0.4508,0.4369,0.0140,,1
8152,0.351,0.0000,0.0000,0.0000,,1
8153,0.357,0.0000,0.0000,0.0000,,1
8154,0.289,0.4670,0.4473,0.0197,,1
8155,0.443,0.0000,0.0000,0.0000,,1
8156,0.348,0.0000,0.0000,0.0000,,1
8157,0.338,0.4638,0.4464,0.0174,,1
8158,0.357,0.0000,0.0000,0.0000,,1
8159,0.350,0.0000,0.0000,0.0000,,1
8159,0.250,0.0000,0.0000,0.0000,,1
8160,0.405,0.4716,0.4497,0.0219,,1
8161,0.363,0.0000,0.0000,0.0000,,1
8162,0.341,0.0000,0.0000,0.0000,,1
8163,0.307,0.4678,0.4548,0.0130,,1
8164,0.351,0.0000,0.0000,0.0000,,1
8165,0.386,0.0000,0.0000,0.0000,,1
8166,0.428,0.4689,0.4446,0.0242,,1
8167,0.362,0.0000,0.0000,0.0000,,1
8168,0.250,0.0000,0.0000,0.0000,,1
8169,0.269,0.4609,0.4447,0.0162,,1
8174,0.362,0.0000,0.0000,0.0000,,1
8175,0.458,0.4704,0.4534,0.0170,,1
8176,0.495,0.0000,0.0000,0.0000,,1
8194,0.431,0.0000,0.0000,0.0000,,1
8197,0.313,0.0000,0.0000,0.0000,,1
8198,0.311,0.0000,0.0000,0.0000,,1
8199,0.515,0.4569,0.4368,0.0201,,1
8200,0.432,0.0000,0.0000,0.0000,,1
8203,0.275,0.0000,0.0000,0.0000,,1
8204,0.395,0.0000,0.0000,0.0000,,1
8205,0.277,0.4593,0.4395,0.0198,,1
8206,0.398,0.0000,0.0000,0.0000,,1
8207,0.459,0.0000,0.0000,0.0000,,1
8214,0.321,0.4672,0.4483,0.0189,,1
8215,0.258,0.0000,0.0000,0.0000,,1
8216,0.258,0.0000,0.0000,0.0000,,1
8218,0.257,0.0000,0.0000,0.0000,,1
8224,0.276,0.0000,0.0000,0.0000,,1
8225,0.303,0.0000,0.0000,0.0000,,1
8226,0.313,0.4737,0.4564,0.0172,,1
8227,0.354,0.0000,0.0000,0.0000,,1
8228,0.411,0.0000,0.0000,0.0000,,1
8229,0.322,0.4720,0.4493,0.0227,,1
8233,0.274,0.0000,0.0000,0.0000,,1
8234,0.291,0.0000,0.0000,0.0000,,1
8234,0.274,0.0000,0.0000,0.0000,,1
8235,0.320,0.4481,0.4293,0.0188,,1
8236,0.332,0.0000,0.0000,0.0000,,1
8237,0.325,0.0000,0.0000,0.0000,,1
8238,0.293,0.4472,0.4251,0.0221,,1
8238,0.253,0.5164,0.4803,0.0361,,1
8239,0.290,0.0000,0.0000,0.0000,,1
8246,0.261,0.0000,0.0000,0.0000,,1
8248,0.330,0.0000,0.0000,0.0000,,1
8248,0.276,0.0000,0.0000,0.0000,,1
8249,0.323,0.0000,0.0000,0.0000,,1
8250,0.331,0.4376,0.4212,0.0164,,1
8250,0.306,0.4949,0.4606,0.0343,,1
8251,0.287,0.0000,0.0000,0.0000,,1
8252,0.308,0.0000,0.0000,0.0000,,1
8253,0.278,0.4673,0.4466,0.0207,,1
8254,0.327,0.0000,0.0000,0.0000,,1
8255,0.276,0.0000,0.0000,0.0000,,1
8256,0.279,0.4801,0.4600,0.0202,,1
8257,0.273,0.0000,0.0000,0.0000,,1
8258,0.462,0.0000,0.0000,0.0000,,1
8259,0.492,0.4803,0.4587,0.0216,,1
8260,0.521,0.0000,0.0000,0.0000,,1
8261,0.508,0.0000,0.0000,0.0000,,1
8262,0.508,0.4811,0.4592,0.0219,,1
8263,0.591,0.0000,0.0000,0.0000,,1
8264,0.461,0.0000,0.0000,0.0000,,1
8265,0.410,0.4687,0.4506,0.0181,,1
8266,0.391,0.0000,0.0000,0.0000,,1
8267,0.469,0.0000,0.0000,0.0000,,1
8268,0.428,0.4837,0.4588,0.0249,,1
8269,0.426,0.0000,0.0000,0.0000,,1
8270,0.548,0.0000,0.0000,0.0000,,1
8271,0.621,0.4797,0.4642,0.0155,,1
8272,0.616,0.0000,0.0000,0.0000,,1
8273,0.619,0.0000,0.0000,0.0000,,1
8274,0.613,0.4789,0.4566,0.0223,,1
8275,0.570,0.0000,0.0000,0.0000,,1
8276,0.527,0.0000,0.0000,0.0000,,1
8277,0.535,0.4797,0.4566,0.0230,,1
8278,0.464,0.0000,0.0000,0.0000,,1
8279,0.395,0.0000,0.0000,0.0000,,1
8280,0.381,0.4811,0.4607,0.0204,,1
8281,0.492,0.0000,0.0000,0.0000,,1
8282,0.461,0.0000,0.0000,0.0000,,1
8283,0.449,0.4832,0.4603,0.0229,,1
8284,0.407,0.0000,0.0000,0.0000,,1
8285,0.441,0.0000,0.0000,0.0000,,1
8286,0.327,0.4796,0.4556,0.0239,,1
8287,0.482,0.0000,0.0000,0.0000,,1
8288,0.565,0.0000,0.0000,0.0000,,1
8289,0.409,0.4797,0.4589,0.0208,,1
8290,0.421,0.0000,0.0000,0.0000,,1
8291,0.432,0.0000,0.0000,0.0000,,1
8292,0.420,0.4789,0.4508,0.0282,,1
8293,0.378,0.0000,0.0000,0.0000,,1
8294,0.480,0.0000,0.0000,0.0000,,1
8295,0.364,0.4829,0.4494,0.0335,,1
8296,0.319,0.0000,0.0000,0.0000,,1
8297,0.264,0.0000,0.0000,0.0000,,1
8298,0.382,0.4637,0.4421,0.0216,,1
8299,0.383,0.0000,0.0000,0.0000,,1
8300,0.280,0.0000,0.0000,0.0000,,1
8302,0.269,0.0000,0.0000,0.0000,,1
8303,0.410,0.0000,0.0000,0.0000,,1
8304,0.593,0.4602,0.4536,0.0066,,1
8305,0.549,0.0000,0.0000,0.0000,,1
8306,0.424,0.0000,0.0000,0.0000,,1
8307,0.395,0.4620,0.4481,0.0140,,1
8308,0.365,0.0000,0.0000,0.0000,,1
8312,0.288,0.0000,0.0000,0.0000,,1
8313,0.288,0.4664,0.4466,0.0198,,1
8314,0.279,0.0000,0.0000,0.0000,,1
8326,0.255,0.0000,0.0000,0.0000,,1
8327,0.255,0.0000,0.0000,0.0000,,1
8332,0.278,0.0000,0.0000,0.0000,,1
8367,0.267,0.4570,0.4325,0.0244,,1
8385,0.287,0.4454,0.4254,0.0200,,1
8386,0.380,0.0000,0.0000,0.0000,,1
8387,0.367,0.0000,0.0000,0.0000,,1
8388,0.275,0.4332,0.4152,0.0180,,1
8389,0.333,0.0000,0.0000,0.0000,,1
8390,0.344,0.0000,0.0000,0.0000,,1
8391,0.295,0.4674,0.4465,0.0209,,1
8392,0.314,0.0000,0.0000,0.0000,,1
8393,0.272,0.0000,0.0000,0.0000,,1
8394,0.254,0.4615,0.4533,0.0082,,1
8395,0.340,0.0000,0.0000,0.0000,,1
8396,0.377,0.0000,0.0000,0.0000,,1
8397,0.500,0.4534,0.4411,0.0122,,1
8398,0.584,0.0000,0.0000,0.0000,,1
8399,0.427,0.0000,0.0000,0.0000,,1
8400,0.349,0.4513,0.4328,0.0185,,1
8401,0.342,0.0000,0.0000,0.0000,,1
8402,0.515,0.0000,0.0000,0.0000,,1
8403,0.383,0.4554,0.4375,0.0179,,1
8404,0.313,0.0000,0.0000,0.0000,,1
8405,0.378,0.0000,0.0000,0.0000,,1
8406,0.349,0.4690,0.4534,0.0157,,1
8407,0.380,0.0000,0.0000,0.0000,,1
8408,0.351,0.0000,0.0000,0.0000,,1
8409,0.444,0.4654,0.4443,0.0211,,1
8410,0.363,0.0000,0.0000,0.0000,,1
8411,0.448,0.0000,0.0000,0.0000,,1
8412,0.443,0.4643,0.4447,0.0196,,1
8413,0.388,0.0000,0.0000,0.0000,,1
8414,0.420,0.0000,0.0000,0.0000,,1
8415,0.270,0.4839,0.4598,0.0241,,1
8416,0.258,0.0000,0.0000,0.0000,,1
8417,0.338,0.0000,0.0000,0.0000,,1
8418,0.375,0.4684,0.4477,0.0207,,1
8420,0.401,0.0000,0.0000,0.0000,,1
8421,0.496,0.4711,0.4528,0.0183,,1
8422,0.410,0.0000,0.0000,0.0000,,1
8423,0.451,0.0000,0.0000,0.0000,,1
8424,0.527,0.4758,0.4644,0.0114,,1
8425,0.512,0.0000,0.0000,0.0000,,1
8426,0.373,0.0000,0.0000,0.0000,,1
8427,0.415,0.4695,0.4486,0.0210,,1
8428,0.369,0.0000,0.0000,0.0000,,1
8429,0.453,0.0000,0.0000,0.0000,,1
8430,0.390,0.4582,0.4410,0.0171,,1
8431,0.462,0.0000,0.0000,0.0000,,1
8436,0.338,0.4692,0.4510,0.0183,,1
8437,0.374,0.0000,0.0000,0.0000,,1
8438,0.287,0.0000,0.0000,0.0000,,1
8439,0.304,0.4794,0.4549,0.0245,,1
8441,0.346,0.0000,0.0000,0.0000,,1
8442,0.375,0.4758,0.4545,0.0214,,1
8443,0.472,0.0000,0.0000,0.0000,,1
8444,0.467,0.0000,0.0000,0.0000,,1
8445,0.372,0.4699,0.4523,0.0176,,1
8446,0.464,0.0000,0.0000,0.0000,,1
8447,0.493,0.0000,0.0000,0.0000,,1
8448,0.499,0.4766,0.4622,0.0144,,1
8449,0.502,0.0000,0.0000,0.0000,,1
8450,0.573,0.0000,0.0000,0.0000,,1
8451,0.525,0.4519,0.4387,0.0132,,1
8452,0.519,0.0000,0.0000,0.0000,,1
8453,0.608,0.0000,0.0000,0.0000,,1
8454,0.621,0.4764,0.4520,0.0244,,1
8455,0.515,0.0000,0.0000,0.0000,,1
8456,0.578,0.0000,0.0000,0.0000,,1
8457,0.674,0.4721,0.4533,0.0188,,1
8458,0.636,0.0000,0.0000,0.0000,,1
8459,0.479,0.0000,0.0000,0.0000,,1
8461,0.261,0.0000,0.0000,0.0000,,1
8462,0.373,0.0000,0.0000,0.0000,,1
8463,0.369,0.4614,0.4396,0.0218,,1
8464,0.328,0.0000,0.0000,0.0000,,1
8467,0.291,0.0000,0.0000,0.0000,,1
8468,0.277,0.0000,0.0000,0.0000,,1
8469,0.357,0.4564,0.4437,0.0127,,1
8470,0.255,0.0000,0.0000,0.0000,,1
8474,0.262,0.0000,0.0000,0.0000,,1
8475,0.266,0.4708,0.4565,0.0144,,1
8476,0.296,0.0000,0.0000,0.0000,,1
8477,0.457,0.0000,0.0000,0.0000,,1
8478,0.367,0.4680,0.4512,0.0168,,1
8479,0.297,0.0000,0.0000,0.0000,,1
8481,0.389,0.4754,0.4573,0.0181,,1
8482,0.412,0.0000,0.0000,0.0000,,1
8483,0.428,0.0000,0.0000,0.0000,,1
8484,0.289,0.4826,0.4615,0.0212,,1
8486,0.375,0.0000,0.0000,0.0000,,1
8487,0.382,0.4794,0.4576,0.0219,,1
8488,0.308,0.0000,0.0000,0.0000,,1
8493,0.279,0.4706,0.4496,0.0210,,1
8494,0.304,0.0000,0.0000,0.0000,,1
8497,0.312,0.0000,0.0000,0.0000,,1
8499,0.301,0.4674,0.4542,0.0131,,1
8500,0.312,0.0000,0.0000,0.0000,,1
8501,0.378,0.0000,0.0000,0.0000,,1
8502,0.295,0.4700,0.4581,0.0119,,1
8503,0.304,0.0000,0.0000,0.0000,,1
8504,0.276,0.0000,0.0000,0.0000,,1
8505,0.327,0.4800,0.4578,0.0221,,1
8512,0.313,0.0000,0.0000,0.0000,,1
8515,0.255,0.0000,0.0000,0.0000,,1
8516,0.261,0.0000,0.0000,0.0000,,1
8517,0.256,0.4609,0.4442,0.0167,,1
8524,0.297,0.0000,0.0000,0.0000,,1
8530,0.515,0.0000,0.0000,0.0000,,1
8531,0.548,0.0000,0.0000,0.0000,,1
8532,0.504,0.4716,0.4538,0.0178,,1
8533,0.486,0.0000,0.0000,0.0000,,1
8534,0.574,0.0000,0.0000,0.0000,,1
8535,0.517,0.4736,0.4563,0.0173,,1
8536,0.514,0.0000,0.0000,0.0000,,1
8537,0.544,0.0000,0.0000,0.0000,,1
8538,0.530,0.4732,0.4534,0.0198,,1
8539,0.471,0.0000,0.0000,0.0000,,1
8540,0.383,0.0000,0.0000,0.0000,,1
8541,0.444,0.4780,0.4608,0.0172,,1
8542,0.426,0.0000,0.0000,0.0000,,1
8543,0.593,0.0000,0.0000,0.0000,,1
8544,0.521,0.4753,0.4558,0.0196,,1
8545,0.499,0.0000,0.0000,0.0000,,1
8546,0.500,0.0000,0.0000,0.0000,,1
8547,0.536,0.4722,0.4570,0.0151,,1
8548,0.489,0.0000,0.0000,0.0000,,1
8549,0.575,0.0000,0.0000,0.0000,,1
8550,0.451,0.4711,0.4466,0.0245,,1
8551,0.622,0.0000,0.0000,0.0000,,1
8552,0.341,0.0000,0.0000,0.0000,,1
8553,0.373,0.4726,0.4581,0.0145,,1
8554,0.366,0.0000,0.0000,0.0000,,1
8555,0.319,0.0000,0.0000,0.0000,,1
8556,0.391,0.4773,0.4593,0.0180,,1
8557,0.345,0.0000,0.0000,0.0000,,1
8558,0.346,0.0000,0.0000,0.0000,,1
8559,0.460,0.4693,0.4514,0.0179,,1
8560,0.428,0.0000,0.0000,0.0000,,1
8561,0.372,0.0000,0.0000,0.0000,,1
8562,0.353,0.4683,0.4516,0.0167,,1
8563,0.423,0.0000,0.0000,0.0000,,1
8564,0.419,0.0000,0.0000,0.0000,,1
8565,0.410,0.4786,0.4577,0.0210,,1
8566,0.311,0.0000,0.0000,0.0000,,1
8570,0.262,0.0000,0.0000,0.0000,,1
8571,0.414,0.4682,0.4511,0.0171,,1
8576,0.250,0.0000,0.0000,0.0000,,1
8577,0.269,0.4768,0.4562,0.0206,,1
8617,0.256,0.0000,0.0000,0.0000,,1
8619,0.261,0.4558,0.4384,0.0174,,1
8638,0.312,0.0000,0.0000,0.0000,,1
8639,0.391,0.0000,0.0000,0.0000,,1
8640,0.340,0.4781,0.4603,0.0177,,1
8641,0.328,0.0000,0.0000,0.0000,,1
8645,0.264,0.0000,0.0000,0.0000,,1
8646,0.455,0.4848,0.4609,0.0240,,1
8647,0.604,0.0000,0.0000,0.0000,,1
8648,0.456,0.0000,0.0000,0.0000,,1
8649,0.569,0.4879,0.4648,0.0230,,1
8650,0.482,0.0000,0.0000,0.0000,,1
8651,0.614,0.0000,0.0000,0.0000,,1
8652,0.614,0.4673,0.4438,0.0236,,1
8653,0.701,0.0000,0.0000,0.0000,,1
8654,0.596,0.0000,0.0000,0.0000,,1
8655,0.427,0.4670,0.4405,0.0264,,1
8656,0.354,0.0000,0.0000,0.0000,,1
8657,0.250,0.0000,0.0000,0.0000,,1
8658,0.298,0.4715,0.4486,0.0229,,1
8659,0.281,0.0000,0.0000,0.0000,,1
8660,0.323,0.0000,0.0000,0.0000,,1
8663,0.338,0.0000,0.0000,0.0000,,1
8664,0.326,0.4753,0.4535,0.0217,,1
8667,0.325,0.4678,0.4379,0.0300,,1
8669,0.394,0.0000,0.0000,0.0000,,1
8670,0.449,0.4675,0.4539,0.0136,,1
8671,0.426,0.0000,0.0000,0.0000,,1
8672,0.443,0.0000,0.0000,0.0000,,1
8673,0.474,0.4799,0.4607,0.0192,,1
8674,0.507,0.0000,0.0000,0.0000,,1
8675,0.477,0.0000,0.0000,0.0000,,1
8676,0.461,0.4759,0.4569,0.0190,,1
8677,0.481,0.0000,0.0000,0.0000,,1
8678,0.597,0.0000,0.0000,0.0000,,1
8679,0.619,0.4730,0.4518,0.0212,,1
8680,0.582,0.0000,0.0000,0.0000,,1
8681,0.638,0.0000,0.0000,0.0000,,1
8682,0.579,0.4696,0.4527,0.0169,,1
8683,0.605,0.0000,0.0000,0.0000,,1
8684,0.535,0.0000,0.0000,0.0000,,1
8685,0.593,0.4833,0.4629,0.0203,,1
8686,0.507,0.0000,0.0000,0.0000,,1
8687,0.578,0.0000,0.0000,0.0000,,1
8688,0.472,0.4737,0.4539,0.0198,,1
8689,0.475,0.0000,0.0000,0.0000,,1
8690,0.576,0.0000,0.0000,0.0000,,1
8691,0.598,0.4497,0.4408,0.0089,,1
8692,0.612,0.0000,0.0000,0.0000,,1
8693,0.593,0.0000,0.0000,0.0000,,1
8694,0.607,0.4837,0.4659,0.0178,,1
8695,0.598,0.0000,0.0000,0.0000,,1
8696,0.589,0.0000,0.0000,0.0000,,1
8697,0.636,0.4827,0.4652,0.0175,,1
8698,0.504,0.0000,0.0000,0.0000,,1
8699,0.514,0.0000,0.0000,0.0000,,1
8700,0.522,0.4669,0.4577,0.0092,,1
8701,0.554,0.0000,0.0000,0.0000,,1
8702,0.612,0.0000,0.0000,0.0000,,1
8703,0.634,0.4822,0.4645,0.0177,,1
8704,0.500,0.0000,0.0000,0.0000,,1
8705,0.292,0.0000,0.0000,0.0000,,1
8706,0.358,0.4778,0.4589,0.0189,,1
8707,0.354,0.0000,0.0000,0.0000,,1
8708,0.389,0.0000,0.0000,0.0000,,1
8709,0.494,0.4835,0.4565,0.0270,,1
8710,0.440,0.0000,0.0000,0.0000,,1
8711,0.579,0.0000,0.0000,0.0000,,1
8712,0.563,0.4810,0.4562,0.0247,,1
8713,0.517,0.0000,0.0000,0.0000,,1
8714,0.636,0.0000,0.0000,0.0000,,1
8715,0.667,0.4808,0.4543,0.0265,,1
8716,0.533,0.0000,0.0000,0.0000,,1
8717,0.418,0.0000,0.0000,0.0000,,1
8718,0.294,0.4786,0.4578,0.0207,,1
8723,0.281,0.0000,0.0000,0.0000,,1
8724,0.252,0.4628,0.4479,0.0148,,1
8726,0.412,0.0000,0.0000,0.0000,,1
8727,0.465,0.4627,0.4462,0.0165,,1
8728,0.334,0.0000,0.0000,0.0000,,1
8737,0.303,0.0000,0.0000,0.0000,,1
8754,0.299,0.4582,0.4440,0.0142,,1
8755,0.258,0.0000,0.0000,0.0000,,1
8757,0.320,0.4442,0.4323,0.0119,,1
8759,0.455,0.0000,0.0000,0.0000,,1
8760,0.327,0.4464,0.4228,0.0236,,1
8761,0.304,0.0000,0.0000,0.0000,,1
8762,0.416,0.0000,0.0000,0.0000,,1
8763,0.369,0.4592,0.4390,0.0202,,1
8764,0.406,0.0000,0.0000,0.0000,,1
8765,0.325,0.0000,0.0000,0.0000,,1
8766,0.334,0.4779,0.4600,0.0179,,1
8767,0.261,0.0000,0.0000,0.0000,,1
8769,0.260,0.4701,0.4554,0.0147,,1
8783,0.280,0.0000,0.0000,0.0000,,1
8784,0.505,0.4735,0.4564,0.0170,,1
8785,0.432,0.0000,0.0000,0.0000,,1
8786,0.427,0.0000,0.0000,0.0000,,1
8787,0.295,0.4817,0.4587,0.0229,,1
8803,0.280,0.0000,0.0000,0.0000,,1
8804,0.356,0.0000,0.0000,0.0000,,1
8805,0.371,0.4746,0.4627,0.0119,,1
8809,0.403,0.0000,0.0000,0.0000,,1
8810,0.351,0.0000,0.0000,0.0000,,1
8811,0.382,0.4445,0.4407,0.0037,,1
8812,0.394,0.0000,0.0000,0.0000,,1
8840,0.285,0.0000,0.0000,0.0000,,1
8841,0.254,0.4670,0.4629,0.0041,,1
8843,0.390,0.0000,0.0000,0.0000,,1
8844,0.473,0.4634,0.4444,0.0190,,1
8845,0.491,0.0000,0.0000,0.0000,,1
8846,0.595,0.0000,0.0000,0.0000,,1
8847,0.462,0.4498,0.4385,0.0114,,1
8848,0.496,0.0000,0.0000,0.0000,,1
8849,0.500,0.0000,0.0000,0.0000,,1
8850,0.413,0.4540,0.4384,0.0156,,1
8851,0.478,0.0000,0.0000,0.0000,,1
8852,0.412,0.0000,0.0000,0.0000,,1
8853,0.315,0.4550,0.4428,0.0122,,1
8854,0.387,0.0000,0.0000,0.0000,,1
8855,0.401,0.0000,0.0000,0.0000,,1
8856,0.338,0.4744,0.4601,0.0143,,1
8857,0.399,0.0000,0.0000,0.0000,,1
8858,0.341,0.0000,0.0000,0.0000,,1
8859,0.370,0.4631,0.4489,0.0142,,1
8860,0.409,0.0000,0.0000,0.0000,,1
8862,0.261,0.4497,0.4375,0.0122,,1
8864,0.281,0.0000,0.0000,0.0000,,1
8865,0.482,0.4855,0.4635,0.0220,,1
8866,0.578,0.0000,0.0000,0.0000,,1
8867,0.431,0.0000,0.0000,0.0000,,1
8868,0.563,0.4627,0.4485,0.0142,,1
8869,0.521,0.0000,0.0000,0.0000,,1
8870,0.416,0.0000,0.0000,0.0000,,1
8871,0.375,0.4724,0.4533,0.0191,,1
8872,0.385,0.0000,0.0000,0.0000,,1
8873,0.524,0.0000,0.0000,0.0000,,1
8874,0.433,0.4680,0.4501,0.0179,,1
8875,0.344,0.0000,0.0000,0.0000,,1
8876,0.366,0.0000,0.0000,0.0000,,1
8877,0.303,0.4641,0.4494,0.0147,,1
8878,0.311,0.0000,0.0000,0.0000,,1
8879,0.283,0.0000,0.0000,0.0000,,1
8880,0.388,0.4718,0.4530,0.0188,,1
8881,0.378,0.0000,0.0000,0.0000,,1
8882,0.363,0.0000,0.0000,0.0000,,1
8883,0.251,0.4637,0.4388,0.0249,,1
8884,0.256,0.0000,0.0000,0.0000,,1
8892,0.299,0.4724,0.4496,0.0227,,1
8893,0.361,0.0000,0.0000,0.0000,,1
8913,0.289,0.4612,0.4380,0.0232,,1
8916,0.263,0.4458,0.4332,0.0126,,1
8926,0.250,0.0000,0.0000,0.0000,,1
8928,0.290,0.4649,0.4432,0.0218,,1
8929,0.287,0.0000,0.0000,0.0000,,1
8930,0.327,0.0000,0.0000,0.0000,,1
8931,0.346,0.4615,0.4400,0.0215,,1
8932,0.313,0.0000,0.0000,0.0000,,1
8933,0.376,0.0000,0.0000,0.0000,,1
8934,0.426,0.4505,0.4306,0.0199,,1
8935,0.430,0.0000,0.0000,0.0000,,1
8954,0.305,0.0000,0.0000,0.0000,,1
8955,0.317,0.4784,0.4681,0.0102,,1
8956,0.295,0.0000,0.0000,0.0000,,1
8960,0.256,0.0000,0.0000,0.0000,,1
8962,0.451,0.0000,0.0000,0.0000,,1
8963,0.495,0.0000,0.0000,0.0000,,1
8964,0.494,0.4923,0.4722,0.0201,,1
8965,0.334,0.0000,0.0000,0.0000,,1
8978,0.308,0.0000,0.0000,0.0000,,1
8980,0.270,0.0000,0.0000,0.0000,,1
8981,0.397,0.0000,0.0000,0.0000,,1
8982,0.282,0.4788,0.4588,0.0199,,1
8983,0.261,0.0000,0.0000,0.0000,,1
8984,0.406,0.0000,0.0000,0.0000,,1
8985,0.477,0.4748,0.4513,0.0235,,1
8986,0.416,0.0000,0.0000,0.0000,,1
8987,0.438,0.0000,0.0000,0.0000,,1
8988,0.335,0.4612,0.4355,0.0257,,1
8991,0.291,0.4739,0.4532,0.0207,,1
8992,0.447,0.0000,0.0000,0.0000,,1
8993,0.442,0.0000,0.0000,0.0000,,1
8994,0.542,0.4788,0.4604,0.0184,,1
8995,0.544,0.0000,0.0000,0.0000,,1
8999,0.260,0.0000,0.0000,0.0000,,1
9002,0.305,0.0000,0.0000,0.0000,,1
9003,0.302,0.4749,0.4560,0.0190,,1
9004,0.329,0.0000,0.0000,0.0000,,1
9005,0.345,0.0000,0.0000,0.0000,,1
9008,0.309,0.0000,0.0000,0.0000,,1
9009,0.408,0.4793,0.4574,0.0218,,1
9010,0.287,0.0000,0.0000,0.0000,,1
9011,0.335,0.0000,0.0000,0.0000,,1
9012,0.440,0.4650,0.4519,0.0131,,1
9013,0.402,0.0000,0.0000,0.0000,,1
9014,0.589,0.0000,0.0000,0.0000,,1
9015,0.449,0.4629,0.4377,0.0252,,1
9016,0.329,0.0000,0.0000,0.0000,,1
9017,0.307,0.0000,0.0000,0.0000,,1
9021,0.259,0.4672,0.4465,0.0207,,1
9022,0.253,0.0000,0.0000,0.0000,,1
9029,0.251,0.0000,0.0000,0.0000,,1
9030,0.258,0.4754,0.4529,0.0224,,1
9031,0.366,0.0000,0.0000,0.0000,,1
9032,0.350,0.0000,0.0000,0.0000,,1
9033,0.289,0.4668,0.4463,0.0205,,1
9034,0.371,0.0000,0.0000,0.0000,,1
9035,0.317,0.0000,0.0000,0.0000,,1
9036,0.587,0.4710,0.4498,0.0212,,1
9037,0.566,0.0000,0.0000,0.0000,,1
9038,0.630,0.0000,0.0000,0.0000,,1
9039,0.684,0.4662,0.4423,0.0239,,1
9040,0.547,0.0000,0.0000,0.0000,,1
9041,0.455,0.0000,0.0000,0.0000,,1
9042,0.431,0.4713,0.4490,0.0223,,1
9043,0.323,0.0000,0.0000,0.0000,,1
9051,0.288,0.4591,0.4392,0.0199,,1
9053,0.334,0.0000,0.0000,0.0000,,1
9056,0.362,0.0000,0.0000,0.0000,,1
9057,0.389,0.4514,0.4407,0.0107,,1
9058,0.466,0.0000,0.0000,0.0000,,1
9059,0.447,0.0000,0.0000,0.0000,,1
9060,0.546,0.4616,0.4471,0.0145,,1
9061,0.551,0.0000,0.0000,0.0000,,1
9062,0.476,0.0000,0.0000,0.0000,,1
9063,0.415,0.4560,0.4443,0.0117,,1
9064,0.409,0.0000,0.0000,0.0000,,1
9065,0.660,0.0000,0.0000,0.0000,,1
9066,0.639,0.4667,0.4506,0.0161,,1
9067,0.601,0.0000,0.0000,0.0000,,1
9068,0.467,0.0000,0.0000,0.0000,,1
9069,0.494,0.4640,0.4345,0.0294,,1
9070,0.490,0.0000,0.0000,0.0000,,1
9071,0.426,0.0000,0.0000,0.0000,,1
9072,0.523,0.4590,0.4324,0.0266,,1
9073,0.589,0.0000,0.0000,0.0000,,1
9074,0.574,0.0000,0.0000,0.0000,,1
9075,0.593,0.4703,0.4494,0.0209,,1
9076,0.511,0.0000,0.0000,0.0000,,1
9095,0.363,0.0000,0.0000,0.0000,,1
9097,0.301,0.0000,0.0000,0.0000,,1
9098,0.404,0.0000,0.0000,0.0000,,1
9099,0.335,0.4550,0.4330,0.0220,,1
9100,0.251,0.0000,0.0000,0.0000,,1
9101,0.496,0.0000,0.0000,0.0000,,1
9102,0.549,0.4429,0.4205,0.0224,,1
9103,0.353,0.0000,0.0000,0.0000,,1
9104,0.546,0.0000,0.0000,0.0000,,1
9105,0.663,0.4519,0.4373,0.0146,,1
9106,0.600,0.0000,0.0000,0.0000,,1
9107,0.444,0.0000,0.0000,0.0000,,1
9109,0.323,0.0000,0.0000,0.0000,,1
9110,0.578,0.0000,0.0000,0.0000,,1
9111,0.505,0.4652,0.4502,0.0150,,1
9125,0.252,0.0000,0.0000,0.0000,,1
9126,0.412,0.4595,0.4457,0.0137,,1
9127,0.394,0.0000,0.0000,0.0000,,1
9128,0.260,0.0000,0.0000,0.0000,,1
9129,0.312,0.4790,0.4540,0.0250,,1
9130,0.302,0.0000,0.0000,0.0000,,1
9131,0.330,0.0000,0.0000,0.0000,,1
9132,0.320,0.4424,0.4282,0.0143,,1
9133,0.322,0.0000,0.0000,0.0000,,1
9144,0.257,0.4563,0.4372,0.0192,,1
9204,0.351,0.4552,0.4461,0.0091,,1
9205,0.456,0.0000,0.0000,0.0000,,1
9206,0.448,0.0000,0.0000,0.0000,,1
9207,0.525,0.4621,0.4479,0.0143,,1
9208,0.450,0.0000,0.0000,0.0000,,1
9209,0.648,0.0000,0.0000,0.0000,,1
9210,0.699,0.4711,0.4530,0.0181,,1
9211,0.741,0.0000,0.0000,0.0000,,1
9212,0.800,0.0000,0.0000,0.0000,,1
9213,0.634,0.4671,0.4516,0.0155,,1
9214,0.625,0.0000,0.0000,0.0000,,1
9215,0.623,0.0000,0.0000,0.0000,,1
9216,0.701,0.4600,0.4354,0.0246,,1
9217,0.502,0.0000,0.0000,0.0000,,1
9218,0.283,0.0000,0.0000,0.0000,,1
9231,0.332,0.4369,0.4148,0.0221,,1
9233,0.359,0.0000,0.0000,0.0000,,1
9234,0.297,0.4271,0.4113,0.0158,,1
9235,0.351,0.0000,0.0000,0.0000,,1
9236,0.349,0.0000,0.0000,0.0000,,1
9240,0.286,0.4631,0.4515,0.0116,,1
9241,0.415,0.0000,0.0000,0.0000,,1
9242,0.481,0.0000,0.0000,0.0000,,1
9243,0.307,0.4583,0.4493,0.0090,,1
9259,0.345,0.0000,0.0000,0.0000,,1
9260,0.303,0.0000,0.0000,0.0000,,1
9261,0.293,0.4353,0.4175,0.0178,,1
9262,0.348,0.0000,0.0000,0.0000,,1
9264,0.374,0.4669,0.4454,0.0215,,1
9265,0.420,0.0000,0.0000,0.0000,,1
9266,0.396,0.0000,0.0000,0.0000,,1
9267,0.447,0.4629,0.4409,0.0221,,1
9268,0.552,0.0000,0.0000,0.0000,,1
9269,0.457,0.0000,0.0000,0.0000,,1
9270,0.406,0.4520,0.4314,0.0206,,1
9271,0.562,0.0000,0.0000,0.0000,,1
9272,0.288,0.0000,0.0000,0.0000,,1
9283,0.520,0.0000,0.0000,0.0000,,1
9284,0.592,0.0000,0.0000,0.0000,,1
9285,0.446,0.4456,0.4342,0.0114,,1
9286,0.356,0.0000,0.0000,0.0000,,1
9289,0.257,0.0000,0.0000,0.0000,,1
9290,0.295,0.0000,0.0000,0.0000,,1
9291,0.334,0.4282,0.4211,0.0071,,1
9293,0.257,0.0000,0.0000,0.0000,,1
9294,0.421,0.4638,0.4497,0.0141,,1
9295,0.279,0.0000,0.0000,0.0000,,1
9302,0.263,0.0000,0.0000,0.0000,,1
9303,0.259,0.4536,0.4358,0.0178,,1
9307,0.275,0.0000,0.0000,0.0000,,1
9314,0.251,0.0000,0.0000,0.0000,,1
9315,0.358,0.4729,0.4570,0.0159,,1
9316,0.353,0.0000,0.0000,0.0000,,1
9317,0.289,0.0000,0.0000,0.0000,,1
9318,0.285,0.4402,0.4298,0.0104,,1
9324,0.386,0.4691,0.4553,0.0138,,1
9325,0.283,0.0000,0.0000,0.0000,,1
9326,0.314,0.0000,0.0000,0.0000,,1
9327,0.366,0.4558,0.4382,0.0177,,1
9328,0.466,0.0000,0.0000,0.0000,,1
9330,0.415,0.4437,0.4226,0.0211,,1
9331,0.318,0.0000,0.0000,0.0000,,1
9333,0.253,0.4475,0.4363,0.0111,,1
9338,0.254,0.0000,0.0000,0.0000,,1
9339,0.327,0.4254,0.4165,0.0090,,1
9340,0.418,0.0000,0.0000,0.0000,,1
9341,0.488,0.0000,0.0000,0.0000,,1
9342,0.404,0.4603,0.4407,0.0197,,1
9343,0.478,0.0000,0.0000,0.0000,,1
9344,0.435,0.0000,0.0000,0.0000,,1
9345,0.373,0.4344,0.4239,0.0105,,1
9346,0.275,0.0000,0.0000,0.0000,,1
9347,0.297,0.0000,0.0000,0.0000,,1
9348,0.332,0.4689,0.4497,0.0191,,1
9349,0.463,0.0000,0.0000,0.0000,,1
9350,0.413,0.0000,0.0000,0.0000,,1
9351,0.373,0.4685,0.4497,0.0187,,1
9352,0.419,0.0000,0.0000,0.0000,,1
9353,0.393,0.0000,0.0000,0.0000,,1
9354,0.351,0.4598,0.4431,0.0168,,1
9355,0.542,0.0000,0.0000,0.0000,,1
9356,0.257,0.0000,0.0000,0.0000,,1
9357,0.381,0.4737,0.4532,0.0205,,1
9367,0.318,0.0000,0.0000,0.0000,,1
9372,0.278,0.4553,0.4310,0.0243,,1
9373,0.318,0.0000,0.0000,0.0000,,1
9374,0.539,0.0000,0.0000,0.0000,,1
9375,0.543,0.4545,0.4324,0.0221,,1
9376,0.448,0.0000,0.0000,0.0000,,1
9377,0.454,0.0000,0.0000,0.0000,,1
9378,0.436,0.4561,0.4377,0.0184,,1
9379,0.304,0.0000,0.0000,0.0000,,1
9380,0.319,0.0000,0.0000,0.0000,,1
9388,0.334,0.0000,0.0000,0.0000,,1
9394,0.276,0.0000,0.0000,0.0000,,1
9395,0.284,0.0000,0.0000,0.0000,,1
9398,0.280,0.0000,0.0000,0.0000,,1
9399,0.294,0.4631,0.4413,0.0218,,1
9409,0.273,0.0000,0.0000,0.0000,,1
9414,0.288,0.4655,0.4427,0.0228,,1
9420,0.298,0.4635,0.4480,0.0155,,1
9518,0.411,0.0000,0.0000,0.0000,,1
9519,0.331,0.4624,0.4527,0.0097,,1
9521,0.622,0.0000,0.0000,0.0000,,1
9522,0.545,0.4809,0.4602,0.0207,,1
9523,0.396,0.0000,0.0000,0.0000,,1
9556,0.267,0.0000,0.0000,0.0000,,1
9623,0.326,0.0000,0.0000,0.0000,,1
9624,0.315,0.4412,0.4234,0.0178,,1
9628,0.292,0.0000,0.0000,0.0000,,1
9629,0.329,0.0000,0.0000,0.0000,,1
9630,0.323,0.4604,0.4442,0.0162,,1
9631,0.345,0.0000,0.0000,0.0000,,1
9632,0.356,0.0000,0.0000,0.0000,,1
9639,0.286,0.4632,0.4393,0.0239,,1
9646,0.275,0.0000,0.0000,0.0000,,1
9650,0.255,0.0000,0.0000,0.0000,,1
9651,0.318,0.4582,0.4361,0.0221,,1
9652,0.343,0.0000,0.0000,0.0000,,1
9653,0.317,0.0000,0.0000,0.0000,,1
9654,0.316,0.4426,0.4184,0.0242,,1
9655,0.279,0.0000,0.0000,0.0000,,1
9657,0.298,0.4573,0.4364,0.0208,,1
9688,0.271,0.0000,0.0000,0.0000,,1
9802,0.269,0.0000,0.0000,0.0000,,1
9818,0.307,0.0000,0.0000,0.0000,,1
9819,0.322,0.4594,0.4410,0.0184,,1
10279,0.256,0.0000,0.0000,0.0000,,1
10280,0.265,0.0000,0.0000,0.0000,,1
10281,0.290,0.4581,0.4379,0.0202,,1
10367,0.280,0.0000,0.0000,0.0000,,1
10371,0.268,0.4564,0.4210,0.0353,,1
10372,0.338,0.0000,0.0000,0.0000,,1
10373,0.297,0.0000,0.0000,0.0000,,1
10374,0.398,0.4715,0.4480,0.0235,,1
10376,0.279,0.0000,0.0000,0.0000,,1
10378,0.365,0.0000,0.0000,0.0000,,1
10379,0.356,0.0000,0.0000,0.0000,,1
10380,0.439,0.4374,0.4344,0.0030,,1
10381,0.348,0.0000,0.0000,0.0000,,1
10383,0.253,0.4726,0.4473,0.0253,,1
10397,0.305,0.0000,0.0000,0.0000,,1
10399,0.321,0.0000,0.0000,0.0000,,1
10400,0.359,0.0000,0.0000,0.0000,,1
10401,0.569,0.4234,0.4166,0.0069,,1
10402,0.365,0.0000,0.0000,0.0000,,1
10404,0.266,0.4316,0.4254,0.0062,,1
10406,0.274,0.0000,0.0000,0.0000,,1
10410,0.338,0.4486,0.4339,0.0147,,1
10412,0.307,0.0000,0.0000,0.0000,,1
10413,0.332,0.4338,0.4161,0.0177,,1
10414,0.267,0.0000,0.0000,0.0000,,1
10439,0.263,0.0000,0.0000,0.0000,,1
10441,0.257,0.0000,0.0000,0.0000,,1
10447,0.268,0.0000,0.0000,0.0000,,1
11130,0.253,0.4473,0.4259,0.0214,,1
11137,0.265,0.0000,0.0000,0.0000,,1
11147,0.262,0.0000,0.0000,0.0000,,1
11149,0.287,0.0000,0.0000,0.0000,,1
11150,0.328,0.0000,0.0000,0.0000,,1
11151,0.252,0.4587,0.4377,0.0210,,1
11152,0.261,0.0000,0.0000,0.0000,,1
11156,0.255,0.0000,0.0000,0.0000,,1
11157,0.254,0.4767,0.4487,0.0280,,1
11158,0.394,0.0000,0.0000,0.0000,,1
11159,0.305,0.0000,0.0000,0.0000,,1
11213,0.305,0.0000,0.0000,0.0000,,1
11216,0.447,0.0000,0.0000,0.0000,,1
11217,0.399,0.4736,0.4407,0.0328,,1
11218,0.475,0.0000,0.0000,0.0000,,1
11219,0.515,0.0000,0.0000,0.0000,,1
11220,0.624,0.4873,0.4582,0.0291,,1
11221,0.541,0.0000,0.0000,0.0000,,1
11222,0.252,0.0000,0.0000,0.0000,,1
11259,0.305,0.4817,0.4546,0.0272,,1
11260,0.252,0.0000,0.0000,0.0000,,1
11265,0.360,0.4902,0.4617,0.0284,,1
11266,0.330,0.0000,0.0000,0.0000,,1
11267,0.358,0.0000,0.0000,0.0000,,1
11268,0.366,0.4853,0.4593,0.0259,,1
11269,0.348,0.0000,0.0000,0.0000,,1
11270,0.479,0.0000,0.0000,0.0000,,1
11271,0.489,0.4761,0.4560,0.0202,,1
11272,0.478,0.0000,0.0000,0.0000,,1
11273,0.514,0.0000,0.0000,0.0000,,1
11274,0.650,0.4796,0.4519,0.0278,,1
11275,0.537,0.0000,0.0000,0.0000,,1
11276,0.271,0.0000,0.0000,0.0000,,1
11278,0.316,0.0000,0.0000,0.0000,,1
11450,0.302,0.0000,0.0000,0.0000,,1
11451,0.458,0.4690,0.4539,0.0152,,1
11452,0.701,0.0000,0.0000,0.0000,,1
11453,0.603,0.0000,0.0000,0.0000,,1
11454,0.374,0.4616,0.4431,0.0185,,1
11614,0.299,0.0000,0.0000,0.0000,,1
11615,0.419,0.0000,0.0000,0.0000,,1
11616,0.321,0.4753,0.4532,0.0220,,1
11618,0.344,0.0000,0.0000,0.0000,,1
11619,0.512,0.4620,0.4438,0.0182,,1
11620,0.598,0.0000,0.0000,0.0000,,1
11621,0.629,0.0000,0.0000,0.0000,,1
11622,0.666,0.4643,0.4427,0.0216,,1
11623,0.664,0.0000,0.0000,0.0000,,1
11624,0.667,0.0000,0.0000,0.0000,,1
11625,0.663,0.4772,0.4528,0.0244,,1
11626,0.528,0.0000,0.0000,0.0000,,1
11627,0.450,0.0000,0.0000,0.0000,,1
11628,0.483,0.4823,0.4552,0.0270,,1
11629,0.429,0.0000,0.0000,0.0000,,1
11630,0.303,0.0000,0.0000,0.0000,,1
11631,0.414,0.4785,0.4515,0.0269,,1
11632,0.285,0.0000,0.0000,0.0000,,1
11633,0.306,0.0000,0.0000,0.0000,,1
11635,0.296,0.0000,0.0000,0.0000,,1
11636,0.420,0.0000,0.0000,0.0000,,1
11637,0.386,0.4793,0.4484,0.0310,,1
11638,0.353,0.0000,0.0000,0.0000,,1
11639,0.399,0.0000,0.0000,0.0000,,1
11640,0.429,0.4660,0.4419,0.0242,,1
11641,0.376,0.0000,0.0000,0.0000,,1
11642,0.404,0.0000,0.0000,0.0000,,1
11643,0.445,0.4695,0.4416,0.0279,,1
11644,0.320,0.0000,0.0000,0.0000,,1
11645,0.366,0.0000,0.0000,0.0000,,1
11647,0.294,0.0000,0.0000,0.0000,,1
11648,0.354,0.0000,0.0000,0.0000,,1
11649,0.288,0.4687,0.4418,0.0269,,1
11650,0.387,0.0000,0.0000,0.0000,,1
11651,0.343,0.0000,0.0000,0.0000,,1
11652,0.411,0.4778,0.4478,0.0300,,1
11653,0.373,0.0000,0.0000,0.0000,,1
11654,0.324,0.0000,0.0000,0.0000,,1
11655,0.297,0.4747,0.4442,0.0306,,1
11656,0.286,0.0000,0.0000,0.0000,,1
11657,0.390,0.0000,0.0000,0.0000,,1
11658,0.345,0.4823,0.4567,0.0256,,1
11659,0.440,0.0000,0.0000,0.0000,,1
11660,0.506,0.0000,0.0000,0.0000,,1
11661,0.554,0.4735,0.4420,0.0315,,1
11662,0.534,0.0000,0.0000,0.0000,,1
11663,0.577,0.0000,0.0000,0.0000,,1
11664,0.619,0.4715,0.4524,0.0191,,1
11665,0.634,0.0000,0.0000,0.0000,,1
11666,0.520,0.0000,0.0000,0.0000,,1
11667,0.504,0.4736,0.4467,0.0268,,1
11668,0.517,0.0000,0.0000,0.0000,,1
11669,0.511,0.0000,0.0000,0.0000,,1
11670,0.499,0.4764,0.4521,0.0242,,1
11671,0.459,0.0000,0.0000,0.0000,,1
11672,0.485,0.0000,0.0000,0.0000,,1
11673,0.525,0.4750,0.4506,0.0243,,1
11674,0.603,0.0000,0.0000,0.0000,,1
11675,0.441,0.0000,0.0000,0.0000,,1
11676,0.467,0.4790,0.4532,0.0258,,1
11677,0.486,0.0000,0.0000,0.0000,,1
11678,0.379,0.0000,0.0000,0.0000,,1
11679,0.475,0.4731,0.4497,0.0234,,1
11680,0.465,0.0000,0.0000,0.0000,,1
11681,0.403,0.0000,0.0000,0.0000,,1
11682,0.386,0.4731,0.4488,0.0243,,1
11683,0.355,0.0000,0.0000,0.0000,,1
11684,0.421,0.0000,0.0000,0.0000,,1
11685,0.533,0.4742,0.4485,0.0257,,1
11686,0.478,0.0000,0.0000,0.0000,,1
11687,0.609,0.0000,0.0000,0.0000,,1
11688,0.590,0.4540,0.4398,0.0142,,1
11689,0.511,0.0000,0.0000,0.0000,,1
11690,0.554,0.0000,0.0000,0.0000,,1
11691,0.532,0.4774,0.4484,0.0289,,1
11692,0.551,0.0000,0.0000,0.0000,,1
11693,0.515,0.0000,0.0000,0.0000,,1
11694,0.440,0.4788,0.4493,0.0295,,1
11695,0.451,0.0000,0.0000,0.0000,,1
11696,0.425,0.0000,0.0000,0.0000,,1
11697,0.406,0.4688,0.4421,0.0267,,1
11698,0.410,0.0000,0.0000,0.0000,,1
11699,0.468,0.0000,0.0000,0.0000,,1
11700,0.499,0.4657,0.4353,0.0304,,1
11701,0.482,0.0000,0.0000,0.0000,,1
11702,0.429,0.0000,0.0000,0.0000,,1
11703,0.348,0.4854,0.4570,0.0284,,1
11704,0.422,0.0000,0.0000,0.0000,,1
11705,0.562,0.0000,0.0000,0.0000,,1
11706,0.520,0.4767,0.4489,0.0278,,1
11707,0.446,0.0000,0.0000,0.0000,,1
11708,0.535,0.0000,0.0000,0.0000,,1
11709,0.587,0.4754,0.4559,0.0194,,1
11710,0.453,0.0000,0.0000,0.0000,,1
11719,0.378,0.0000,0.0000,0.0000,,1
11720,0.356,0.0000,0.0000,0.0000,,1
11721,0.370,0.4760,0.4543,0.0217,,1
11723,0.362,0.0000,0.0000,0.0000,,1
11724,0.417,0.4837,0.4658,0.0180,,1
11725,0.466,0.0000,0.0000,0.0000,,1
11726,0.384,0.0000,0.0000,0.0000,,1
11727,0.527,0.4819,0.4611,0.0209,,1
11728,0.442,0.0000,0.0000,0.0000,,1
11729,0.547,0.0000,0.0000,0.0000,,1
11730,0.344,0.4500,0.4397,0.0102,,1
11731,0.391,0.0000,0.0000,0.0000,,1
11732,0.306,0.0000,0.0000,0.0000,,1
11733,0.297,0.4548,0.4429,0.0119,,1
11734,0.261,0.0000,0.0000,0.0000,,1
11735,0.335,0.0000,0.0000,0.0000,,1
11736,0.388,0.4490,0.4316,0.0173,,1
11737,0.300,0.0000,0.0000,0.0000,,1
11738,0.403,0.0000,0.0000,0.0000,,1
11739,0.462,0.4673,0.4470,0.0203,,1
11740,0.491,0.0000,0.0000,0.0000,,1
11741,0.384,0.0000,0.0000,0.0000,,1
11742,0.438,0.4689,0.4440,0.0249,,1
11743,0.419,0.0000,0.0000,0.0000,,1
11744,0.367,0.0000,0.0000,0.0000,,1
11745,0.460,0.4660,0.4433,0.0228,,1
11746,0.487,0.0000,0.0000,0.0000,,1
11814,0.263,0.4727,0.4434,0.0293,,1
11817,0.256,0.4692,0.4421,0.0271,,1
11818,0.307,0.0000,0.0000,0.0000,,1
11820,0.252,0.4709,0.4391,0.0317,,1
11834,0.275,0.0000,0.0000,0.0000,,1
11836,0.272,0.0000,0.0000,0.0000,,1
11837,0.340,0.0000,0.0000,0.0000,,1
11838,0.271,0.4794,0.4493,0.0302,,1
11839,0.337,0.0000,0.0000,0.0000,,1
11840,0.309,0.0000,0.0000,0.0000,,1
11841,0.271,0.4460,0.4309,0.0151,,1
11852,0.320,0.0000,0.0000,0.0000,,1
11871,0.259,0.4473,0.4381,0.0092,,1
11875,0.292,0.0000,0.0000,0.0000,,1
11876,0.332,0.0000,0.0000,0.0000,,1
11877,0.329,0.4598,0.4435,0.0163,,1
11878,0.336,0.0000,0.0000,0.0000,,1
11879,0.406,0.0000,0.0000,0.0000,,1
11880,0.485,0.4665,0.4478,0.0187,,1
11881,0.535,0.0000,0.0000,0.0000,,1
11882,0.569,0.0000,0.0000,0.0000,,1
11883,0.524,0.4608,0.4408,0.0200,,1
11884,0.536,0.0000,0.0000,0.0000,,1
11885,0.421,0.0000,0.0000,0.0000,,1
11886,0.330,0.4570,0.4295,0.0275,,1
11887,0.375,0.0000,0.0000,0.0000,,1
11888,0.386,0.0000,0.0000,0.0000,,1
11889,0.484,0.4701,0.4498,0.0203,,1
11890,0.412,0.0000,0.0000,0.0000,,1
11891,0.354,0.0000,0.0000,0.0000,,1
12031,0.259,0.0000,0.0000,0.0000,,1
12032,0.265,0.0000,0.0000,0.0000,,1
12035,0.273,0.0000,0.0000,0.0000,,1
12037,0.285,0.0000,0.0000,0.0000,,1
12038,0.275,0.0000,0.0000,0.0000,,1
12039,0.391,0.4763,0.4541,0.0222,,1
12040,0.441,0.0000,0.0000,0.0000,,1
12041,0.292,0.0000,0.0000,0.0000,,1
12043,0.292,0.0000,0.0000,0.0000,,1
12044,0.252,0.0000,0.0000,0.0000,,1
12046,0.351,0.0000,0.0000,0.0000,,1
12047,0.347,0.0000,0.0000,0.0000,,1
12048,0.274,0.4632,0.4407,0.0225,,1
12050,0.358,0.0000,0.0000,0.0000,,1
12051,0.269,0.4764,0.4573,0.0191,,1
12052,0.319,0.0000,0.0000,0.0000,,1
12054,0.345,0.4598,0.4394,0.0204,,1
12055,0.347,0.0000,0.0000,0.0000,,1
12056,0.392,0.0000,0.0000,0.0000,,1
12057,0.323,0.4662,0.4389,0.0273,,1
12058,0.441,0.0000,0.0000,0.0000,,1
12059,0.378,0.0000,0.0000,0.0000,,1
12060,0.402,0.4625,0.4346,0.0278,,1
12061,0.310,0.0000,0.0000,0.0000,,1
12062,0.275,0.0000,0.0000,0.0000,,1
12063,0.255,0.4634,0.4331,0.0303,,1
12064,0.293,0.0000,0.0000,0.0000,,1
12143,0.252,0.0000,0.0000,0.0000,,1
12149,0.373,0.0000,0.0000,0.0000,,1
12153,0.297,0.4743,0.4541,0.0202,,1
12154,0.438,0.0000,0.0000,0.0000,,1
12155,0.430,0.0000,0.0000,0.0000,,1
12156,0.311,0.4792,0.4502,0.0291,,1
12157,0.464,0.0000,0.0000,0.0000,,1
12158,0.252,0.0000,0.0000,0.0000,,1
12161,0.372,0.0000,0.0000,0.0000,,1
12162,0.303,0.4843,0.4542,0.0301,,1
12163,0.387,0.0000,0.0000,0.0000,,1
12164,0.326,0.0000,0.0000,0.0000,,1
12165,0.385,0.4533,0.4353,0.0180,,1
12166,0.343,0.0000,0.0000,0.0000,,1
12287,0.349,0.0000,0.0000,0.0000,,1
12419,0.351,0.0000,0.0000,0.0000,,1
12420,0.551,0.4922,0.4637,0.0286,,1
12421,0.551,0.0000,0.0000,0.0000,,1
12425,0.267,0.0000,0.0000,0.0000,,1
12445,0.303,0.0000,0.0000,0.0000,,1
12446,0.260,0.0000,0.0000,0.0000,,1
12448,0.284,0.0000,0.0000,0.0000,,1
12450,0.278,0.4799,0.4498,0.0301,,1
12451,0.289,0.0000,0.0000,0.0000,,1
12454,0.316,0.0000,0.0000,0.0000,,1
12455,0.493,0.0000,0.0000,0.0000,,1
12456,0.518,0.4448,0.4349,0.0100,,1
12457,0.628,0.0000,0.0000,0.0000,,1
12458,0.572,0.0000,0.0000,0.0000,,1
12459,0.762,0.4531,0.4414,0.0116,,1
12460,0.777,0.0000,0.0000,0.0000,,1
12461,0.807,0.0000,0.0000,0.0000,,1
12462,0.801,0.4597,0.4442,0.0155,,1
12463,0.799,0.0000,0.0000,0.0000,,1
12464,0.734,0.0000,0.0000,0.0000,,1
12465,0.759,0.4651,0.4402,0.0249,,1
12466,0.769,0.0000,0.0000,0.0000,,1
12467,0.788,0.0000,0.0000,0.0000,,1
12468,0.774,0.4718,0.4549,0.0169,,1
12469,0.745,0.0000,0.0000,0.0000,,1
12470,0.825,0.0000,0.0000,0.0000,,1
12471,0.825,0.4781,0.4622,0.0159,,1
12472,0.821,0.0000,0.0000,0.0000,,1
12473,0.799,0.0000,0.0000,0.0000,,1
12474,0.769,0.4767,0.4565,0.0202,,1
12475,0.782,0.0000,0.0000,0.0000,,1
12476,0.808,0.0000,0.0000,0.0000,,1
12477,0.757,0.4791,0.4578,0.0212,,1
12478,0.588,0.0000,0.0000,0.0000,,1
12479,0.614,0.0000,0.0000,0.0000,,1
12480,0.460,0.4390,0.4319,0.0071,,1
12481,0.332,0.0000,0.0000,0.0000,,1
12482,0.281,0.0000,0.0000,0.0000,,1
12484,0.305,0.0000,0.0000,0.0000,,1
12485,0.328,0.0000,0.0000,0.0000,,1
12486,0.312,0.4444,0.4308,0.0136,,1
12487,0.257,0.0000,0.0000,0.0000,,1
12488,0.430,0.0000,0.0000,0.0000,,1
12489,0.267,0.4452,0.4301,0.0151,,1
12490,0.269,0.0000,0.0000,0.0000,,1
12496,0.255,0.0000,0.0000,0.0000,,1
12499,0.253,0.0000,0.0000,0.0000,,1
12500,0.254,0.0000,0.0000,0.0000,,1
12501,0.270,0.4750,0.4550,0.0201,,1
12502,0.322,0.0000,0.0000,0.0000,,1
12503,0.284,0.0000,0.0000,0.0000,,1
12504,0.278,0.4417,0.4380,0.0037,,1
12672,0.350,0.4965,0.4730,0.0235,,1
12673,0.457,0.0000,0.0000,0.0000,,1
12677,0.256,0.0000,0.0000,0.0000,,1
12686,0.251,0.0000,0.0000,0.0000,,1
12700,0.266,0.0000,0.0000,0.0000,,1
12701,0.427,0.0000,0.0000,0.0000,,1
12702,0.267,0.4671,0.4407,0.0264,,1
12797,0.471,0.0000,0.0000,0.0000,,1
12798,0.399,0.4567,0.4279,0.0288,,1
12799,0.377,0.0000,0.0000,0.0000,,1
12800,0.552,0.0000,0.0000,0.0000,,1
12801,0.557,0.4786,0.4481,0.0305,,1
12997,0.253,0.0000,0.0000,0.0000,,1
13034,0.280,0.0000,0.0000,0.0000,,1
13069,0.256,0.0000,0.0000,0.0000,,1
13132,0.329,0.0000,0.0000,0.0000,,1
13810,0.508,0.0000,0.0000,0.0000,,1
14124,0.251,0.4228,0.4076,0.0152,,1
14126,0.356,0.0000,0.0000,0.0000,,1
14127,0.388,0.4475,0.4252,0.0223,,1
14128,0.475,0.0000,0.0000,0.0000,,1
14129,0.306,0.0000,0.0000,0.0000,,1
14130,0.269,0.4548,0.4277,0.0271,,1
14132,0.335,0.0000,0.0000,0.0000,,1
14133,0.278,0.4522,0.4266,0.0256,,1
14137,0.332,0.0000,0.0000,0.0000,,1
14138,0.272,0.0000,0.0000,0.0000,,1
14140,0.268,0.0000,0.0000,0.0000,,1
14142,0.337,0.4513,0.4394,0.0119,,1
14143,0.364,0.0000,0.0000,0.0000,,1
14144,0.284,0.0000,0.0000,0.0000,,1
14146,0.257,0.0000,0.0000,0.0000,,1
14147,0.418,0.0000,0.0000,0.0000,,1
14148,0.371,0.4668,0.4440,0.0228,,1
14149,0.365,0.0000,0.0000,0.0000,,1
14150,0.416,0.0000,0.0000,0.0000,,1
14182,0.251,0.0000,0.0000,0.0000,,1
14183,0.271,0.0000,0.0000,0.0000,,1
14186,0.308,0.0000,0.0000,0.0000,,1
14187,0.311,0.4610,0.4403,0.0207,,1
14189,0.323,0.0000,0.0000,0.0000,,1
14190,0.376,0.4523,0.4343,0.0180,,1
14192,0.295,0.0000,0.0000,0.0000,,1
14193,0.351,0.4430,0.4276,0.0154,,1
14196,0.266,0.4597,0.4384,0.0212,,1
14197,0.380,0.0000,0.0000,0.0000,,1
14198,0.318,0.0000,0.0000,0.0000,,1
14199,0.255,0.4717,0.4489,0.0229,,1
14200,0.262,0.0000,0.0000,0.0000,,1
14203,0.282,0.0000,0.0000,0.0000,,1
14204,0.292,0.0000,0.0000,0.0000,,1
14214,0.285,0.4449,0.4303,0.0146,,1
14215,0.264,0.0000,0.0000,0.0000,,1
14233,0.314,0.0000,0.0000,0.0000,,1
14234,0.299,0.0000,0.0000,0.0000,,1
14235,0.305,0.4602,0.4368,0.0234,,1
14236,0.286,0.0000,0.0000,0.0000,,1
14239,0.288,0.0000,0.0000,0.0000,,1
14241,0.277,0.4511,0.4277,0.0234,,1
14242,0.279,0.0000,0.0000,0.0000,,1
14284,0.317,0.0000,0.0000,0.0000,,1
14285,0.324,0.0000,0.0000,0.0000,,1
14286,0.395,0.4670,0.4510,0.0160,,1
14287,0.306,0.0000,0.0000,0.0000,,1
14288,0.343,0.0000,0.0000,0.0000,,1
14289,0.379,0.4676,0.4495,0.0181,,1
14290,0.321,0.0000,0.0000,0.0000,,1
14292,0.266,0.4445,0.4369,0.0076,,1
14295,0.288,0.4622,0.4437,0.0186,,1
14296,0.344,0.0000,0.0000,0.0000,,1
14297,0.281,0.0000,0.0000,0.0000,,1
14299,0.269,0.0000,0.0000,0.0000,,1
14300,0.353,0.0000,0.0000,0.0000,,1
14301,0.387,0.4678,0.4455,0.0223,,1
14302,0.363,0.0000,0.0000,0.0000,,1
14303,0.357,0.0000,0.0000,0.0000,,1
14304,0.489,0.4789,0.4544,0.0245,,1
14305,0.271,0.0000,0.0000,0.0000,,1
14306,0.276,0.0000,0.0000,0.0000,,1
14307,0.329,0.4643,0.4438,0.0205,,1
14308,0.304,0.0000,0.0000,0.0000,,1
14312,0.280,0.0000,0.0000,0.0000,,1
14313,0.298,0.4632,0.4415,0.0217,,1
14314,0.260,0.0000,0.0000,0.0000,,1
14315,0.322,0.0000,0.0000,0.0000,,1
14316,0.311,0.4707,0.4514,0.0193,,1
14319,0.272,0.4442,0.4302,0.0140,,1
14320,0.275,0.0000,0.0000,0.0000,,1
14321,0.314,0.0000,0.0000,0.0000,,1
14323,0.300,0.0000,0.0000,0.0000,,1
14324,0.262,0.0000,0.0000,0.0000,,1
14338,0.254,0.0000,0.0000,0.0000,,1
14339,0.251,0.0000,0.0000,0.0000,,1
14340,0.278,0.4575,0.4410,0.0165,,1
14342,0.309,0.0000,0.0000,0.0000,,1
14344,0.260,0.0000,0.0000,0.0000,,1
14350,0.297,0.0000,0.0000,0.0000,,1
14373,0.290,0.4362,0.4213,0.0149,,1
14374,0.341,0.0000,0.0000,0.0000,,1
14375,0.316,0.0000,0.0000,0.0000,,1
14376,0.402,0.4765,0.4533,0.0232,,1
14422,0.411,0.0000,0.0000,0.0000,,1
14423,0.462,0.0000,0.0000,0.0000,,1
14424,0.422,0.4406,0.4270,0.0136,,1
14425,0.468,0.0000,0.0000,0.0000,,1
14428,0.350,0.0000,0.0000,0.0000,,1
14433,0.314,0.4700,0.4464,0.0236,,1
14434,0.282,0.0000,0.0000,0.0000,,1
14435,0.504,0.0000,0.0000,0.0000,,1
14436,0.409,0.4569,0.4404,0.0165,,1
14437,0.367,0.0000,0.0000,0.0000,,1
14438,0.369,0.0000,0.0000,0.0000,,1
14439,0.400,0.4647,0.4464,0.0183,,1
14440,0.374,0.0000,0.0000,0.0000,,1
14441,0.299,0.0000,0.0000,0.0000,,1
14443,0.338,0.0000,0.0000,0.0000,,1
14444,0.357,0.0000,0.0000,0.0000,,1
14446,0.282,0.0000,0.0000,0.0000,,1
14447,0.288,0.0000,0.0000,0.0000,,1
14448,0.272,0.4484,0.4287,0.0197,,1
14449,0.313,0.0000,0.0000,0.0000,,1
14450,0.283,0.0000,0.0000,0.0000,,1
14457,0.297,0.4577,0.4433,0.0144,,1
14458,0.254,0.0000,0.0000,0.0000,,1
14464,0.277,0.0000,0.0000,0.0000,,1
14492,0.264,0.0000,0.0000,0.0000,,1
14493,0.283,0.4664,0.4409,0.0254,,1
14497,0.286,0.0000,0.0000,0.0000,,1
14498,0.287,0.0000,0.0000,0.0000,,1
14499,0.288,0.4560,0.4320,0.0241,,1
14502,0.297,0.4535,0.4338,0.0197,,1
14503,0.254,0.0000,0.0000,0.0000,,1
14504,0.370,0.0000,0.0000,0.0000,,1
14505,0.332,0.4612,0.4405,0.0207,,1
14506,0.275,0.0000,0.0000,0.0000,,1
14511,0.419,0.4522,0.4319,0.0203,,1
14523,0.293,0.4588,0.4418,0.0170,,1
14524,0.266,0.0000,0.0000,0.0000,,1
14525,0.304,0.0000,0.0000,0.0000,,1
14526,0.400,0.4568,0.4412,0.0156,,1
14527,0.464,0.0000,0.0000,0.0000,,1
14528,0.547,0.0000,0.0000,0.0000,,1
14529,0.534,0.4652,0.4478,0.0174,,1
14530,0.476,0.0000,0.0000,0.0000,,1
14531,0.357,0.0000,0.0000,0.0000,,1
14532,0.315,0.4185,0.4099,0.0086,,1
14535,0.285,0.4729,0.4476,0.0252,,1
14536,0.425,0.0000,0.0000,0.0000,,1
14538,0.283,0.4686,0.4572,0.0115,,1
14539,0.355,0.0000,0.0000,0.0000,,1
14540,0.380,0.0000,0.0000,0.0000,,1
14548,0.265,0.0000,0.0000,0.0000,,1
14549,0.281,0.0000,0.0000,0.0000,,1
14555,0.287,0.0000,0.0000,0.0000,,1
14556,0.384,0.4380,0.4299,0.0081,,1
14557,0.288,0.0000,0.0000,0.0000,,1
14578,0.277,0.0000,0.0000,0.0000,,1
14579,0.418,0.0000,0.0000,0.0000,,1
14580,0.312,0.4492,0.4320,0.0172,,1
14582,0.321,0.0000,0.0000,0.0000,,1
14584,0.267,0.0000,0.0000,0.0000,,1
14585,0.355,0.0000,0.0000,0.0000,,1
14590,0.262,0.0000,0.0000,0.0000,,1
14591,0.300,0.0000,0.0000,0.0000,,1
14594,0.276,0.0000,0.0000,0.0000,,1
14595,0.283,0.4340,0.4158,0.0182,,1
14600,0.289,0.0000,0.0000,0.0000,,1
14601,0.304,0.4587,0.4410,0.0177,,1
14602,0.322,0.0000,0.0000,0.0000,,1
14603,0.311,0.0000,0.0000,0.0000,,1
14604,0.329,0.4508,0.4297,0.0211,,1
14605,0.387,0.0000,0.0000,0.0000,,1
14606,0.280,0.0000,0.0000,0.0000,,1
14607,0.401,0.4549,0.4349,0.0200,,1
14608,0.320,0.0000,0.0000,0.0000,,1
14609,0.257,0.0000,0.0000,0.0000,,1
14610,0.305,0.4662,0.4458,0.0205,,1
14611,0.391,0.0000,0.0000,0.0000,,1
14613,0.355,0.4617,0.4421,0.0196,,1
14614,0.313,0.0000,0.0000,0.0000,,1
14640,0.277,0.4722,0.4499,0.0223,,1
14641,0.253,0.0000,0.0000,0.0000,,1
14642,0.345,0.0000,0.0000,0.0000,,1
14644,0.336,0.0000,0.0000,0.0000,,1
14645,0.290,0.0000,0.0000,0.0000,,1
14646,0.346,0.4479,0.4327,0.0152,,1
14647,0.378,0.0000,0.0000,0.0000,,1
14648,0.293,0.0000,0.0000,0.0000,,1
14649,0.294,0.4420,0.4307,0.0112,,1
14650,0.490,0.0000,0.0000,0.0000,,1
14651,0.269,0.0000,0.0000,0.0000,,1
14653,0.415,0.0000,0.0000,0.0000,,1
14654,0.438,0.0000,0.0000,0.0000,,1
14655,0.407,0.4634,0.4420,0.0214,,1
14656,0.352,0.0000,0.0000,0.0000,,1
14657,0.458,0.0000,0.0000,0.0000,,1
14658,0.446,0.4741,0.4540,0.0201,,1
14659,0.462,0.0000,0.0000,0.0000,,1
14660,0.393,0.0000,0.0000,0.0000,,1
14661,0.276,0.4582,0.4372,0.0210,,1
14662,0.414,0.0000,0.0000,0.0000,,1
14663,0.294,0.0000,0.0000,0.0000,,1
14664,0.316,0.4607,0.4395,0.0212,,1
14665,0.357,0.0000,0.0000,0.0000,,1
14666,0.300,0.0000,0.0000,0.0000,,1
14667,0.326,0.4496,0.4309,0.0187,,1
14668,0.326,0.0000,0.0000,0.0000,,1
14669,0.496,0.0000,0.0000,0.0000,,1
14670,0.403,0.4638,0.4473,0.0165,,1
14671,0.401,0.0000,0.0000,0.0000,,1
14673,0.409,0.4424,0.4229,0.0194,,1
14674,0.310,0.0000,0.0000,0.0000,,1
14681,0.343,0.0000,0.0000,0.0000,,1
14682,0.297,0.4596,0.4414,0.0182,,1
14683,0.318,0.0000,0.0000,0.0000,,1
14684,0.322,0.0000,0.0000,0.0000,,1
14685,0.322,0.4689,0.4488,0.0200,,1
14686,0.280,0.0000,0.0000,0.0000,,1
14696,0.299,0.0000,0.0000,0.0000,,1
14704,0.343,0.0000,0.0000,0.0000,,1
14711,0.264,0.0000,0.0000,0.0000,,1
14714,0.363,0.0000,0.0000,0.0000,,1
14715,0.583,0.4561,0.4383,0.0178,,1
14716,0.434,0.0000,0.0000,0.0000,,1
14722,0.321,0.0000,0.0000,0.0000,,1
14723,0.480,0.0000,0.0000,0.0000,,1
14724,0.355,0.4734,0.4522,0.0212,,1
14725,0.345,0.0000,0.0000,0.0000,,1
14726,0.320,0.0000,0.0000,0.0000,,1
14727,0.289,0.4810,0.4584,0.0226,,1
14728,0.422,0.0000,0.0000,0.0000,,1
14733,0.327,0.4485,0.4309,0.0176,,1
14734,0.417,0.0000,0.0000,0.0000,,1
14735,0.323,0.0000,0.0000,0.0000,,1
14736,0.364,0.4544,0.4337,0.0207,,1
14737,0.380,0.0000,0.0000,0.0000,,1
14738,0.468,0.0000,0.0000,0.0000,,1
14739,0.438,0.4490,0.4317,0.0174,,1
14740,0.419,0.0000,0.0000,0.0000,,1
14741,0.372,0.0000,0.0000,0.0000,,1
14742,0.447,0.4754,0.4605,0.0148,,1
14743,0.387,0.0000,0.0000,0.0000,,1
14744,0.440,0.0000,0.0000,0.0000,,1
14745,0.335,0.4731,0.4539,0.0192,,1
14746,0.284,0.0000,0.0000,0.0000,,1
14747,0.354,0.0000,0.0000,0.0000,,1
14748,0.488,0.4563,0.4353,0.0210,,1
14749,0.420,0.0000,0.0000,0.0000,,1
14750,0.555,0.0000,0.0000,0.0000,,1
14751,0.460,0.4625,0.4420,0.0205,,1
14752,0.276,0.0000,0.0000,0.0000,,1
14754,0.373,0.4583,0.4395,0.0189,,1
14755,0.398,0.0000,0.0000,0.0000,,1
14756,0.309,0.0000,0.0000,0.0000,,1
14757,0.270,0.4554,0.4355,0.0200,,1
14758,0.367,0.0000,0.0000,0.0000,,1
14759,0.457,0.0000,0.0000,0.0000,,1
14760,0.484,0.4511,0.4297,0.0214,,1
14761,0.412,0.0000,0.0000,0.0000,,1
14762,0.428,0.0000,0.0000,0.0000,,1
14763,0.349,0.4558,0.4377,0.0181,,1
14764,0.531,0.0000,0.0000,0.0000,,1
14765,0.440,0.0000,0.0000,0.0000,,1
14766,0.411,0.4724,0.4533,0.0190,,1
14767,0.377,0.0000,0.0000,0.0000,,1
14768,0.362,0.0000,0.0000,0.0000,,1
14769,0.336,0.4587,0.4375,0.0213,,1
14770,0.351,0.0000,0.0000,0.0000,,1
14774,0.276,0.0000,0.0000,0.0000,,1
14775,0.261,0.4557,0.4354,0.0203,,1
14776,0.301,0.0000,0.0000,0.0000,,1
14777,0.499,0.0000,0.0000,0.0000,,1
14778,0.332,0.4476,0.4336,0.0140,,1
14779,0.329,0.0000,0.0000,0.0000,,1
14780,0.582,0.0000,0.0000,0.0000,,1
14781,0.504,0.4748,0.4559,0.0189,,1
14782,0.527,0.0000,0.0000,0.0000,,1
14783,0.422,0.0000,0.0000,0.0000,,1
14784,0.313,0.4835,0.4657,0.0179,,1
14785,0.367,0.0000,0.0000,0.0000,,1
14786,0.530,0.0000,0.0000,0.0000,,1
14787,0.434,0.4749,0.4572,0.0177,,1
14788,0.411,0.0000,0.0000,0.0000,,1
14789,0.358,0.0000,0.0000,0.0000,,1
14790,0.368,0.4654,0.4460,0.0194,,1
14791,0.304,0.0000,0.0000,0.0000,,1
14792,0.274,0.0000,0.0000,0.0000,,1
14793,0.366,0.4455,0.4321,0.0134,,1
14794,0.425,0.0000,0.0000,0.0000,,1
14795,0.435,0.0000,0.0000,0.0000,,1
14796,0.395,0.4643,0.4518,0.0125,,1
14797,0.468,0.0000,0.0000,0.0000,,1
14798,0.446,0.0000,0.0000,0.0000,,1
14799,0.451,0.4514,0.4295,0.0219,,1
14800,0.486,0.0000,0.0000,0.0000,,1
14801,0.337,0.0000,0.0000,0.0000,,1
14803,0.262,0.0000,0.0000,0.0000,,1
14804,0.296,0.0000,0.0000,0.0000,,1
14805,0.287,0.4316,0.4227,0.0089,,1
14806,0.272,0.0000,0.0000,0.0000,,1
14807,0.339,0.0000,0.0000,0.0000,,1
14808,0.297,0.4425,0.4204,0.0221,,1
14810,0.279,0.0000,0.0000,0.0000,,1
14811,0.313,0.4763,0.4534,0.0229,,1
14812,0.314,0.0000,0.0000,0.0000,,1
14832,0.250,0.4700,0.4431,0.0268,,1
14833,0.256,0.0000,0.0000,0.0000,,1
14834,0.265,0.0000,0.0000,0.0000,,1
14835,0.355,0.4709,0.4497,0.0213,,1
14836,0.257,0.0000,0.0000,0.0000,,1
14854,0.299,0.0000,0.0000,0.0000,,1
14855,0.438,0.0000,0.0000,0.0000,,1
14856,0.420,0.4731,0.4477,0.0254,,1
14857,0.389,0.0000,0.0000,0.0000,,1
14858,0.251,0.0000,0.0000,0.0000,,1
14876,0.255,0.0000,0.0000,0.0000,,1
14878,0.279,0.0000,0.0000,0.0000,,1
14879,0.251,0.0000,0.0000,0.0000,,1
14883,0.255,0.4658,0.4519,0.0138,,1
14894,0.310,0.0000,0.0000,0.0000,,1
14895,0.352,0.4605,0.4374,0.0230,,1
14920,0.269,0.0000,0.0000,0.0000,,1
14952,0.257,0.4204,0.4052,0.0152,,1
15135,0.347,0.4594,0.4410,0.0184,,1
15137,0.585,0.0000,0.0000,0.0000,,1
15138,0.442,0.4643,0.4445,0.0197,,1
15139,0.338,0.0000,0.0000,0.0000,,1
15142,0.275,0.0000,0.0000,0.0000,,1
15185,0.258,0.0000,0.0000,0.0000,,1
15188,0.262,0.0000,0.0000,0.0000,,1
15189,0.266,0.4732,0.4532,0.0200,,1
15191,0.295,0.0000,0.0000,0.0000,,1
15194,0.251,0.0000,0.0000,0.0000,,1
15198,0.251,0.4598,0.4375,0.0223,,1
15199,0.261,0.0000,0.0000,0.0000,,1
15206,0.321,0.0000,0.0000,0.0000,,1
15207,0.277,0.4693,0.4493,0.0200,,1
15209,0.305,0.0000,0.0000,0.0000,,1
15210,0.303,0.4598,0.4340,0.0258,,1
15211,0.304,0.0000,0.0000,0.0000,,1
15225,0.260,0.4689,0.4469,0.0220,,1
15269,0.540,0.0000,0.0000,0.0000,,1
15270,0.388,0.4662,0.4479,0.0183,,1
15271,0.471,0.0000,0.0000,0.0000,,1
15272,0.393,0.0000,0.0000,0.0000,,1
15273,0.326,0.4697,0.4476,0.0221,,1
15280,0.300,0.0000,0.0000,0.0000,,1
15299,0.310,0.0000,0.0000,0.0000,,1
15300,0.308,0.4716,0.4468,0.0249,,1
15301,0.291,0.0000,0.0000,0.0000,,1
15302,0.352,0.0000,0.0000,0.0000,,1
15303,0.361,0.4756,0.4525,0.0231,,1
15304,0.331,0.0000,0.0000,0.0000,,1
15305,0.281,0.0000,0.0000,0.0000,,1
15306,0.350,0.4632,0.4395,0.0237,,1
15307,0.331,0.0000,0.0000,0.0000,,1
15311,0.281,0.0000,0.0000,0.0000,,1
15313,0.297,0.0000,0.0000,0.0000,,1
15321,0.267,0.4670,0.4426,0.0244,,1
15324,0.252,0.4424,0.4231,0.0194,,1
15325,0.287,0.0000,0.0000,0.0000,,1
15326,0.282,0.0000,0.0000,0.0000,,1
15327,0.293,0.4444,0.4252,0.0192,,1
15328,0.371,0.0000,0.0000,0.0000,,1
15329,0.285,0.0000,0.0000,0.0000,,1
15332,0.253,0.0000,0.0000,0.0000,,1
15333,0.296,0.4672,0.4495,0.0177,,1
15335,0.273,0.0000,0.0000,0.0000,,1
15336,0.346,0.4657,0.4466,0.0191,,1
15337,0.384,0.0000,0.0000,0.0000,,1
15342,0.278,0.4660,0.4467,0.0193,,1
15343,0.256,0.0000,0.0000,0.0000,,1
15345,0.262,0.4564,0.4389,0.0175,,1
15346,0.268,0.0000,0.0000,0.0000,,1
15347,0.278,0.0000,0.0000,0.0000,,1
15348,0.298,0.4686,0.4511,0.0175,,1
15349,0.290,0.0000,0.0000,0.0000,,1
15350,0.285,0.0000,0.0000,0.0000,,1
15351,0.367,0.4567,0.4311,0.0256,,1
15352,0.281,0.0000,0.0000,0.0000,,1
15353,0.264,0.0000,0.0000,0.0000,,1
15354,0.304,0.4433,0.4271,0.0162,,1
15355,0.260,0.0000,0.0000,0.0000,,1
15358,0.343,0.0000,0.0000,0.0000,,1
15359,0.265,0.0000,0.0000,0.0000,,1
15360,0.372,0.4729,0.4496,0.0233,,1
15361,0.335,0.0000,0.0000,0.0000,,1
15363,0.266,0.4530,0.4359,0.0171,,1
15364,0.329,0.0000,0.0000,0.0000,,1
15365,0.279,0.0000,0.0000,0.0000,,1
15367,0.347,0.0000,0.0000,0.0000,,1
15368,0.251,0.0000,0.0000,0.0000,,1
15369,0.349,0.4688,0.4507,0.0182,,1
15370,0.278,0.0000,0.0000,0.0000,,1
15373,0.339,0.0000,0.0000,0.0000,,1
15374,0.344,0.0000,0.0000,0.0000,,1
15379,0.256,0.0000,0.0000,0.0000,,1
15381,0.258,0.4773,0.4569,0.0204,,1
15382,0.373,0.0000,0.0000,0.0000,,1
15383,0.267,0.0000,0.0000,0.0000,,1
15384,0.387,0.4695,0.4489,0.0206,,1
15413,0.278,0.0000,0.0000,0.0000,,1
15414,0.281,0.4494,0.4298,0.0196,,1
15415,0.323,0.0000,0.0000,0.0000,,1
15418,0.258,0.0000,0.0000,0.0000,,1
15419,0.302,0.0000,0.0000,0.0000,,1
15420,0.337,0.4433,0.4282,0.0151,,1
15421,0.338,0.0000,0.0000,0.0000,,1
15422,0.313,0.0000,0.0000,0.0000,,1
15423,0.253,0.4431,0.4355,0.0076,,1
15424,0.296,0.0000,0.0000,0.0000,,1
15425,0.405,0.0000,0.0000,0.0000,,1
15426,0.357,0.4475,0.4285,0.0190,,1
15427,0.398,0.0000,0.0000,0.0000,,1
15428,0.297,0.0000,0.0000,0.0000,,1
15429,0.415,0.4345,0.4239,0.0106,,1
15430,0.386,0.0000,0.0000,0.0000,,1
15431,0.322,0.0000,0.0000,0.0000,,1
15434,0.351,0.0000,0.0000,0.0000,,1
15435,0.299,0.4624,0.4459,0.0165,,1
15448,0.256,0.0000,0.0000,0.0000,,1
15450,0.327,0.4505,0.4389,0.0116,,1
15451,0.374,0.0000,0.0000,0.0000,,1
15452,0.331,0.0000,0.0000,0.0000,,1
15453,0.335,0.4526,0.4375,0.0151,,1
15454,0.309,0.0000,0.0000,0.0000,,1
15455,0.257,0.0000,0.0000,0.0000,,1
15458,0.309,0.0000,0.0000,0.0000,,1
15459,0.342,0.4612,0.4415,0.0196,,1
15515,0.268,0.0000,0.0000,0.0000,,1
15516,0.289,0.4633,0.4457,0.0175,,1
15517,0.309,0.0000,0.0000,0.0000,,1
15519,0.360,0.4629,0.4435,0.0195,,1
15520,0.334,0.0000,0.0000,0.0000,,1
15521,0.296,0.0000,0.0000,0.0000,,1
15537,0.274,0.4470,0.4222,0.0248,,1
15539,0.258,0.0000,0.0000,0.0000,,1
15540,0.294,0.4347,0.4134,0.0213,,1
15544,0.412,0.0000,0.0000,0.0000,,1
15545,0.402,0.0000,0.0000,0.0000,,1
15546,0.377,0.4729,0.4493,0.0236,,1
15547,0.342,0.0000,0.0000,0.0000,,1
15548,0.250,0.0000,0.0000,0.0000,,1
15549,0.294,0.4600,0.4353,0.0246,,1
15699,0.254,0.4668,0.4349,0.0318,,1
15709,0.284,0.0000,0.0000,0.0000,,1
15710,0.353,0.0000,0.0000,0.0000,,1
15711,0.263,0.4515,0.4259,0.0256,,1
15712,0.270,0.0000,0.0000,0.0000,,1
15719,0.319,0.0000,0.0000,0.0000,,1
15720,0.278,0.4416,0.4246,0.0170,,1
15722,0.253,0.0000,0.0000,0.0000,,1
15723,0.319,0.4580,0.4334,0.0246,,1
15724,0.451,0.0000,0.0000,0.0000,,1
15725,0.329,0.0000,0.0000,0.0000,,1
15726,0.279,0.4502,0.4256,0.0246,,1
15728,0.283,0.0000,0.0000,0.0000,,1
15729,0.292,0.4628,0.4403,0.0225,,1
15730,0.282,0.0000,0.0000,0.0000,,1
15731,0.305,0.0000,0.0000,0.0000,,1
15750,0.266,0.4352,0.4192,0.0160,,1
15753,0.255,0.4234,0.4072,0.0163,,1
15761,0.270,0.0000,0.0000,0.0000,,1
15772,0.250,0.0000,0.0000,0.0000,,1
15773,0.284,0.0000,0.0000,0.0000,,1
15775,0.264,0.0000,0.0000,0.0000,,1
15780,0.276,0.4524,0.4336,0.0188,,1
15781,0.308,0.0000,0.0000,0.0000,,1
15782,0.288,0.0000,0.0000,0.0000,,1
15855,0.264,0.4495,0.4371,0.0124,,1
15856,0.319,0.0000,0.0000,0.0000,,1
15857,0.341,0.0000,0.0000,0.0000,,1
15858,0.251,0.4539,0.4335,0.0204,,1
15864,0.271,0.4614,0.4471,0.0143,,1
15865,0.252,0.0000,0.0000,0.0000,,1
15867,0.326,0.4613,0.4387,0.0225,,1
15868,0.279,0.0000,0.0000,0.0000,,1
15933,0.397,0.4543,0.4325,0.0218,,1
15934,0.445,0.0000,0.0000,0.0000,,1
15935,0.516,0.0000,0.0000,0.0000,,1
15936,0.449,0.4717,0.4460,0.0257,,1
15937,0.372,0.0000,0.0000,0.0000,,1
15938,0.635,0.0000,0.0000,0.0000,,1
15939,0.458,0.4620,0.4462,0.0158,,1
15988,0.288,0.0000,0.0000,0.0000,,1
15989,0.252,0.0000,0.0000,0.0000,,1
16136,0.285,0.0000,0.0000,0.0000,,1
16143,0.298,0.4599,0.4394,0.0205,,1
16302,0.464,0.4647,0.4519,0.0128,,1
16303,0.526,0.0000,0.0000,0.0000,,1
16307,0.273,0.0000,0.0000,0.0000,,1
16316,0.253,0.0000,0.0000,0.0000,,1
16317,0.345,0.4570,0.4409,0.0161,,1
16327,0.269,0.0000,0.0000,0.0000,,1
16342,0.261,0.0000,0.0000,0.0000,,1
16343,0.270,0.0000,0.0000,0.0000,,1
16354,0.289,0.0000,0.0000,0.0000,,1
16355,0.309,0.0000,0.0000,0.0000,,1
16356,0.298,0.4508,0.4326,0.0182,,1
16357,0.263,0.0000,0.0000,0.0000,,1
16377,0.354,0.4387,0.4206,0.0181,,1
16378,0.255,0.0000,0.0000,0.0000,,1
16493,0.394,0.0000,0.0000,0.0000,,1
16494,0.368,0.4607,0.4478,0.0129,,1
16495,0.320,0.0000,0.0000,0.0000,,1
16496,0.299,0.0000,0.0000,0.0000,,1
16498,0.309,0.0000,0.0000,0.0000,,1
16499,0.331,0.0000,0.0000,0.0000,,1
16500,0.341,0.4556,0.4369,0.0187,,1
16501,0.410,0.0000,0.0000,0.0000,,1
16502,0.272,0.0000,0.0000,0.0000,,1
16503,0.283,0.4697,0.4482,0.0215,,1
16504,0.322,0.0000,0.0000,0.0000,,1
16505,0.254,0.0000,0.0000,0.0000,,1
16506,0.255,0.4650,0.4418,0.0232,,1
16579,0.259,0.0000,0.0000,0.0000,,1
16581,0.327,0.4719,0.4527,0.0192,,1
16582,0.349,0.0000,0.0000,0.0000,,1
16583,0.489,0.0000,0.0000,0.0000,,1
16584,0.461,0.4775,0.4607,0.0168,,1
16585,0.368,0.0000,0.0000,0.0000,,1
16604,0.315,0.0000,0.0000,0.0000,,1
16605,0.266,0.4791,0.4593,0.0198,,1
16606,0.284,0.0000,0.0000,0.0000,,1
16610,0.281,0.0000,0.0000,0.0000,,1
16696,0.262,0.0000,0.0000,0.0000,,1
16697,0.295,0.0000,0.0000,0.0000,,1
16698,0.317,0.4615,0.4469,0.0147,,1
16699,0.392,0.0000,0.0000,0.0000,,1
16700,0.382,0.0000,0.0000,0.0000,,1
16701,0.347,0.4536,0.4399,0.0137,,1
16702,0.293,0.0000,0.0000,0.0000,,1
16704,0.364,0.4596,0.4416,0.0180,,1
16705,0.349,0.0000,0.0000,0.0000,,1
16811,0.293,0.0000,0.0000,0.0000,,1
16814,0.275,0.0000,0.0000,0.0000,,1
16846,0.306,0.0000,0.0000,0.0000,,1
16847,0.289,0.0000,0.0000,0.0000,,1
16848,0.252,0.4627,0.4429,0.0198,,1
16856,0.252,0.0000,0.0000,0.0000,,1
16859,0.355,0.0000,0.0000,0.0000,,1
16860,0.406,0.4544,0.4354,0.0190,,1
16861,0.358,0.0000,0.0000,0.0000,,1
16862,0.318,0.0000,0.0000,0.0000,,1
16863,0.299,0.4640,0.4439,0.0201,,1
16864,0.424,0.0000,0.0000,0.0000,,1
16865,0.405,0.0000,0.0000,0.0000,,1
16866,0.461,0.4379,0.4262,0.0117,,1
16867,0.509,0.0000,0.0000,0.0000,,1
16868,0.615,0.0000,0.0000,0.0000,,1
16869,0.427,0.4729,0.4561,0.0168,,1
16870,0.475,0.0000,0.0000,0.0000,,1
16872,0.411,0.4688,0.4425,0.0263,,1
16997,0.263,0.0000,0.0000,0.0000,,1
16998,0.297,0.4510,0.4307,0.0204,,1
16999,0.256,0.0000,0.0000,0.0000,,1
17002,0.285,0.0000,0.0000,0.0000,,1
17003,0.251,0.0000,0.0000,0.0000,,1
17005,0.270,0.0000,0.0000,0.0000,,1
17006,0.267,0.0000,0.0000,0.0000,,1
17009,0.284,0.0000,0.0000,0.0000,,1
17010,0.273,0.4474,0.4278,0.0196,,1
17011,0.308,0.0000,0.0000,0.0000,,1
17013,0.268,0.4451,0.4240,0.0211,,1
17014,0.313,0.0000,0.0000,0.0000,,1
17054,0.270,0.0000,0.0000,0.0000,,1
17057,0.275,0.0000,0.0000,0.0000,,1
17058,0.301,0.4597,0.4444,0.0153,,1
17082,0.254,0.4463,0.4329,0.0135,,1
17083,0.315,0.0000,0.0000,0.0000,,1
17089,0.296,0.0000,0.0000,0.0000,,1
17090,0.308,0.0000,0.0000,0.0000,,1
17091,0.260,0.4675,0.4511,0.0163,,1
17097,0.299,0.4705,0.4526,0.0179,,1
17098,0.441,0.0000,0.0000,0.0000,,1
17100,0.302,0.4529,0.4387,0.0143,,1
17101,0.275,0.0000,0.0000,0.0000,,1
17102,0.372,0.0000,0.0000,0.0000,,1
17103,0.359,0.4682,0.4518,0.0164,,1
17104,0.340,0.0000,0.0000,0.0000,,1
17105,0.412,0.0000,0.0000,0.0000,,1
17106,0.332,0.4682,0.4490,0.0192,,1
17107,0.255,0.0000,0.0000,0.0000,,1
17359,0.334,0.0000,0.0000,0.0000,,1
17360,0.259,0.0000,0.0000,0.0000,,1
17366,0.303,0.0000,0.0000,0.0000,,1
17368,0.265,0.0000,0.0000,0.0000,,1
17371,0.254,0.0000,0.0000,0.0000,,1
17372,0.320,0.0000,0.0000,0.0000,,1
17384,0.304,0.0000,0.0000,0.0000,,1
17385,0.354,0.4548,0.4347,0.0202,,1
17386,0.459,0.0000,0.0000,0.0000,,1
17387,0.286,0.0000,0.0000,0.0000,,1
17388,0.508,0.4712,0.4548,0.0164,,1
17389,0.304,0.0000,0.0000,0.0000,,1
17399,0.279,0.0000,0.0000,0.0000,,1
17400,0.284,0.4557,0.4432,0.0125,,1
17401,0.329,0.0000,0.0000,0.0000,,1
17402,0.278,0.0000,0.0000,0.0000,,1
17404,0.349,0.0000,0.0000,0.0000,,1
17405,0.318,0.0000,0.0000,0.0000,,1
17408,0.372,0.0000,0.0000,0.0000,,1
17409,0.286,0.4570,0.4394,0.0175,,1
17410,0.444,0.0000,0.0000,0.0000,,1
17411,0.312,0.0000,0.0000,0.0000,,1
17412,0.257,0.4613,0.4422,0.0191,,1
17417,0.286,0.0000,0.0000,0.0000,,1
17430,0.258,0.4669,0.4468,0.0201,,1
17431,0.279,0.0000,0.0000,0.0000,,1
17432,0.264,0.0000,0.0000,0.0000,,1
17434,0.276,0.0000,0.0000,0.0000,,1
17435,0.321,0.0000,0.0000,0.0000,,1
17436,0.313,0.4368,0.4266,0.0102,,1
17437,0.293,0.0000,0.0000,0.0000,,1
17438,0.294,0.0000,0.0000,0.0000,,1
17439,0.348,0.4505,0.4306,0.0199,,1
17440,0.344,0.0000,0.0000,0.0000,,1
17441,0.256,0.0000,0.0000,0.0000,,1
17442,0.313,0.4540,0.4367,0.0173,,1
17443,0.311,0.0000,0.0000,0.0000,,1
17746,0.267,0.0000,0.0000,0.0000,,1
17747,0.293,0.0000,0.0000,0.0000,,1
17774,0.255,0.0000,0.0000,0.0000,,1
17775,0.286,0.4670,0.4560,0.0109,,1
17776,0.296,0.0000,0.0000,0.0000,,1
17794,0.325,0.0000,0.0000,0.0000,,1
17795,0.303,0.0000,0.0000,0.0000,,1
17843,0.545,0.0000,0.0000,0.0000,,1
17844,0.414,0.4453,0.4312,0.0141,,1
17845,0.358,0.0000,0.0000,0.0000,,1
17846,0.327,0.0000,0.0000,0.0000,,1
17856,0.280,0.4743,0.4574,0.0169,,1
17857,0.250,0.0000,0.0000,0.0000,,1
17958,0.302,0.4626,0.4469,0.0157,,1
17964,0.268,0.4381,0.4236,0.0145,,1
17965,0.286,0.0000,0.0000,0.0000,,1
17967,0.307,0.4566,0.4372,0.0194,,1
17968,0.301,0.0000,0.0000,0.0000,,1
17974,0.252,0.0000,0.0000,0.0000,,1
18010,0.295,0.0000,0.0000,0.0000,,1
18013,0.304,0.0000,0.0000,0.0000,,1
18014,0.287,0.0000,0.0000,0.0000,,1
18019,0.354,0.0000,0.0000,0.0000,,1
18020,0.303,0.0000,0.0000,0.0000,,1
18021,0.335,0.4512,0.4340,0.0172,,1
18022,0.323,0.0000,0.0000,0.0000,,1
18023,0.276,0.0000,0.0000,0.0000,,1
18024,0.318,0.4734,0.4546,0.0188,,1
18025,0.293,0.0000,0.0000,0.0000,,1
18027,0.282,0.4615,0.4462,0.0154,,1
18032,0.286,0.0000,0.0000,0.0000,,1
18033,0.300,0.4582,0.4372,0.0210,,1
18034,0.420,0.0000,0.0000,0.0000,,1
18035,0.433,0.0000,0.0000,0.0000,,1
18036,0.460,0.4784,0.4630,0.0154,,1
18037,0.487,0.0000,0.0000,0.0000,,1
18038,0.317,0.0000,0.0000,0.0000,,1
18039,0.351,0.4453,0.4316,0.0137,,1
18040,0.369,0.0000,0.0000,0.0000,,1
18041,0.405,0.0000,0.0000,0.0000,,1
18042,0.331,0.4576,0.4364,0.0212,,1
18043,0.337,0.0000,0.0000,0.0000,,1
18049,0.271,0.0000,0.0000,0.0000,,1
18050,0.342,0.0000,0.0000,0.0000,,1
18051,0.341,0.4400,0.4309,0.0091,,1
18052,0.305,0.0000,0.0000,0.0000,,1
18069,0.254,0.4656,0.4552,0.0104,,1
18070,0.319,0.0000,0.0000,0.0000,,1
18071,0.304,0.0000,0.0000,0.0000,,1
18072,0.357,0.4644,0.4522,0.0122,,1
18177,0.284,0.4459,0.4171,0.0289,,1
18180,0.265,0.4681,0.4483,0.0198,,1
18184,0.273,0.0000,0.0000,0.0000,,1
18218,0.265,0.0000,0.0000,0.0000,,1
18464,0.321,0.0000,0.0000,0.0000,,1
18465,0.325,0.4744,0.4570,0.0174,,1
18659,0.476,0.0000,0.0000,0.0000,,1
18672,0.273,0.4618,0.4345,0.0273,,1
20176,0.457,0.0000,0.0000,0.0000,,1
20177,0.714,0.0000,0.0000,0.0000,,1
20178,0.529,0.5820,0.5624,0.0196,,1
24382,0.252,0.0000,0.0000,0.0000,,1
24391,0.273,0.0000,0.0000,0.0000,,1
24393,0.255,0.5343,0.5313,0.0030,,1
58021,0.370,0.0000,0.0000,0.0000,,1
58022,0.367,0.0000,0.0000,0.0000,,1
62833,0.331,0.0000,0.0000,0.0000,,1
62837,0.252,0.0000,0.0000,0.0000,,1
62838,0.347,0.5697,0.5622,0.0075,,1
62921,0.280,0.0000,0.0000,0.0000,,1
62922,0.322,0.4783,0.4524,0.0260,,1
63219,0.254,0.4047,0.3857,0.0191,,1
63300,0.257,0.4731,0.4670,0.0061,,1
63301,0.256,0.0000,0.0000,0.0000,,1
63306,0.256,0.4739,0.4556,0.0183,,1
63335,0.281,0.0000,0.0000,0.0000,,1
63348,0.282,0.4657,0.4586,0.0072,,1
63639,0.279,0.4599,0.4433,0.0166,,1
3,0.263,0.4909,0.4850,0.0059,,1
5,0.513,0.0000,0.0000,0.0000,,1
6,0.448,0.5042,0.4817,0.0225,,1
7,0.543,0.0000,0.0000,0.0000,,1
8,0.455,0.0000,0.0000,0.0000,,1
9,0.527,0.4708,0.4502,0.0206,,1
10,0.330,0.0000,0.0000,0.0000,,1
11,0.306,0.0000,0.0000,0.0000,,1
12,0.304,0.4818,0.4594,0.0225,,1
13,0.290,0.0000,0.0000,0.0000,,1
15,0.274,0.4902,0.4676,0.0225,,1
16,0.260,0.0000,0.0000,0.0000,,1
17,0.385,0.0000,0.0000,0.0000,,1
18,0.286,0.4919,0.4715,0.0204,,1
22,0.378,0.0000,0.0000,0.0000,,1
23,0.385,0.0000,0.0000,0.0000,,1
26,0.260,0.0000,0.0000,0.0000,,1
27,0.346,0.4785,0.4658,0.0127,,1
36,0.321,0.4608,0.4507,0.0101,,1
41,0.253,0.0000,0.0000,0.0000,,1
42,0.354,0.4756,0.4595,0.0161,,1
43,0.258,0.0000,0.0000,0.0000,,1
58,0.452,0.0000,0.0000,0.0000,,1
63,0.855,0.8108,0.8062,0.0046,,1
63,0.382,0.7841,0.7665,0.0176,,1
64,0.835,0.0000,0.0000,0.0000,,1
65,0.787,0.0000,0.0000,0.0000,,1
66,0.955,0.8368,0.7863,0.0505,nike_dunk_low_purple_court,0
67,0.907,0.0000,0.0000,0.0000,nike_dunk_low_purple_court,0
67,0.482,0.0000,0.0000,0.0000,,1
68,0.920,0.0000,0.0000,0.0000,nike_dunk_low_purple_court,0
69,0.955,0.8197,0.8055,0.0142,nike_dunk_low_purple_court,0
70,0.967,0.0000,0.0000,0.0000,nike_dunk_low_purple_court,0
71,0.964,0.0000,0.0000,0.0000,nike_dunk_low_purple_court,0
72,0.978,0.8221,0.7822,0.0399,nike_dunk_low_purple_court,0
73,0.969,0.0000,0.0000,0.0000,nike_dunk_low_purple_court,0
74,0.973,0.0000,0.0000,0.0000,,1
75,0.968,0.8316,0.8015,0.0302,,1
76,0.969,0.0000,0.0000,0.0000,,1
77,0.972,0.0000,0.0000,0.0000,,1
78,0.972,0.8363,0.8090,0.0273,,1
79,0.974,0.0000,0.0000,0.0000,,1
80,0.970,0.0000,0.0000,0.0000,,1
81,0.983,0.8268,0.8001,0.0267,,1
82,0.976,0.0000,0.0000,0.0000,,1
83,0.972,0.0000,0.0000,0.0000,,1
84,0.969,0.8210,0.7813,0.0397,,1
85,0.967,0.0000,0.0000,0.0000,,1
86,0.972,0.0000,0.0000,0.0000,,1
87,0.978,0.8157,0.7769,0.0388,,1
88,0.979,0.0000,0.0000,0.0000,,1
89,0.979,0.0000,0.0000,0.0000,,1
90,0.972,0.8060,0.7735,0.0326,,1
91,0.978,0.0000,0.0000,0.0000,,1
92,0.966,0.0000,0.0000,0.0000,,1
93,0.965,0.8205,0.7893,0.0312,,1
94,0.954,0.0000,0.0000,0.0000,,1
95,0.957,0.0000,0.0000,0.0000,,1
96,0.956,0.8113,0.7568,0.0545,nike_dunk_low_purple_court,0
97,0.956,0.0000,0.0000,0.0000,nike_dunk_low_purple_court,0
98,0.962,0.0000,0.0000,0.0000,nike_dunk_low_purple_court,0
99,0.971,0.8156,0.7736,0.0420,nike_dunk_low_purple_court,0
100,0.967,0.0000,0.0000,0.0000,nike_dunk_low_purple_court,0
101,0.966,0.0000,0.0000,0.0000,nike_dunk_low_purple_court,0
102,0.964,0.8235,0.7843,0.0393,nike_dunk_low_purple_court,0
103,0.968,0.0000,0.0000,0.0000,nike_dunk_low_purple_court,0
104,0.964,0.0000,0.0000,0.0000,,1
105,0.966,0.8010,0.7688,0.0322,,1
106,0.964,0.0000,0.0000,0.0000,,1
107,0.956,0.0000,0.0000,0.0000,,1
108,0.968,0.8195,0.8046,0.0149,,1
109,0.967,0.0000,0.0000,0.0000,,1
110,0.971,0.0000,0.0000,0.0000,,1
111,0.972,0.8402,0.8152,0.0250,,1
112,0.973,0.0000,0.0000,0.0000,,1
113,0.971,0.0000,0.0000,0.0000,,1
114,0.972,0.8334,0.7825,0.0509,nike_dunk_low_purple_court,0
115,0.976,0.0000,0.0000,0.0000,nike_dunk_low_purple_court,0
116,0.967,0.0000,0.0000,0.0000,nike_dunk_low_purple_court,0
117,0.964,0.7938,0.7408,0.0529,nike_dunk_low_purple_court,0
118,0.959,0.0000,0.0000,0.0000,nike_dunk_low_purple_court,0
119,0.960,0.0000,0.0000,0.0000,nike_dunk_low_purple_court,0
120,0.963,0.8277,0.7751,0.0526,nike_dunk_low_purple_court,0
121,0.957,0.0000,0.0000,0.0000,nike_dunk_low_purple_court,0
122,0.953,0.0000,0.0000,0.0000,nike_dunk_low_purple_court,0
123,0.951,0.8234,0.7711,0.0523,nike_dunk_low_purple_court,0
124,0.949,0.0000,0.0000,0.0000,nike_dunk_low_purple_court,0
125,0.959,0.0000,0.0000,0.0000,nike_dunk_low_purple_court,0
126,0.954,0.8283,0.8054,0.0229,nike_dunk_low_purple_court,0
127,0.959,0.0000,0.0000,0.0000,nike_dunk_low_purple_court,0
128,0.957,0.0000,0.0000,0.0000,nike_dunk_low_purple_court,0
129,0.957,0.8222,0.7783,0.0439,nike_dunk_low_purple_court,0
130,0.963,0.0000,0.0000,0.0000,nike_dunk_low_purple_court,0
131,0.961,0.0000,0.0000,0.0000,,1
132,0.953,0.8213,0.7772,0.0441,,1
133,0.959,0.0000,0.0000,0.0000,,1
134,0.963,0.0000,0.0000,0.0000,,1
135,0.964,0.8470,0.7992,0.0478,,1
136,0.959,0.0000,0.0000,0.0000,,1
137,0.969,0.0000,0.0000,0.0000,,1
138,0.959,0.8444,0.7902,0.0542,nike_dunk_low_purple_court,0
139,0.964,0.0000,0.0000,0.0000,nike_dunk_low_purple_court,0
140,0.953,0.0000,0.0000,0.0000,nike_dunk_low_purple_court,0
141,0.967,0.8458,0.8161,0.0297,nike_dunk_low_purple_court,0
142,0.969,0.0000,0.0000,0.0000,nike_dunk_low_purple_court,0
143,0.977,0.0000,0.0000,0.0000,nike_dunk_low_purple_court,0
144,0.981,0.8423,0.8063,0.0360,nike_dunk_low_purple_court,0
145,0.977,0.0000,0.0000,0.0000,nike_dunk_low_purple_court,0
146,0.970,0.0000,0.0000,0.0000,,1
147,0.969,0.8402,0.7878,0.0523,nike_dunk_low_purple_court,0
148,0.964,0.0000,0.0000,0.0000,nike_dunk_low_purple_court,0
149,0.968,0.0000,0.0000,0.0000,nike_dunk_low_purple_court,0
150,0.970,0.8450,0.8172,0.0278,nike_dunk_low_purple_court,0
151,0.966,0.0000,0.0000,0.0000,nike_dunk_low_purple_court,0
152,0.960,0.0000,0.0000,0.0000,nike_dunk_low_purple_court,0
153,0.959,0.8314,0.7821,0.0493,nike_dunk_low_purple_court,0
154,0.940,0.0000,0.0000,0.0000,nike_dunk_low_purple_court,0
155,0.947,0.0000,0.0000,0.0000,,1
156,0.949,0.8498,0.8020,0.0478,,1
157,0.947,0.0000,0.0000,0.0000,,1
158,0.950,0.0000,0.0000,0.0000,,1
159,0.948,0.8239,0.7722,0.0517,nike_dunk_low_purple_court,0
160,0.948,0.0000,0.0000,0.0000,nike_dunk_low_purple_court,0
161,0.961,0.0000,0.0000,0.0000,nike_dunk_low_purple_court,0
162,0.942,0.8411,0.7978,0.0433,nike_dunk_low_purple_court,0
163,0.926,0.0000,0.0000,0.0000,nike_dunk_low_purple_court,0
164,0.915,0.0000,0.0000,0.0000,nike_dunk_low_purple_court,0
165,0.933,0.8503,0.8191,0.0311,nike_dunk_low_purple_court,0
166,0.935,0.0000,0.0000,0.0000,nike_dunk_low_purple_court,0
167,0.937,0.0000,0.0000,0.0000,,1
168,0.933,0.8320,0.7784,0.0536,nike_dunk_low_purple_court,0
169,0.937,0.0000,0.0000,0.0000,nike_dunk_low_purple_court,0
170,0.933,0.0000,0.0000,0.0000,nike_dunk_low_purple_court,0
171,0.920,0.8196,0.7609,0.0587,nike_dunk_low_purple_court,0
172,0.918,0.0000,0.0000,0.0000,nike_dunk_low_purple_court,0
173,0.940,0.0000,0.0000,0.0000,nike_dunk_low_purple_court,0
174,0.965,0.8187,0.7589,0.0598,nike_dunk_low_purple_court,0
175,0.944,0.0000,0.0000,0.0000,nike_dunk_low_purple_court,0
176,0.950,0.0000,0.0000,0.0000,nike_dunk_low_purple_court,0
177,0.947,0.8392,0.7772,0.0620,nike_dunk_low_purple_court,0
178,0.941,0.0000,0.0000,0.0000,nike_dunk_low_purple_court,0
179,0.937,0.0000,0.0000,0.0000,nike_dunk_low_purple_court,0
180,0.937,0.8371,0.7886,0.0486,nike_dunk_low_purple_court,0
181,0.945,0.0000,0.0000,0.0000,nike_dunk_low_purple_court,0
182,0.940,0.0000,0.0000,0.0000,nike_dunk_low_purple_court,0
183,0.940,0.8342,0.7979,0.0363,nike_dunk_low_purple_court,0
184,0.925,0.0000,0.0000,0.0000,nike_dunk_low_purple_court,0
185,0.931,0.0000,0.0000,0.0000,,1
186,0.932,0.8271,0.7949,0.0322,,1
187,0.928,0.0000,0.0000,0.0000,,1
188,0.921,0.0000,0.0000,0.0000,,1
189,0.938,0.8428,0.7916,0.0512,nike_dunk_low_purple_court,0
190,0.948,0.0000,0.0000,0.0000,nike_dunk_low_purple_court,0
191,0.942,0.0000,0.0000,0.0000,nike_dunk_low_purple_court,0
192,0.948,0.8613,0.8254,0.0359,nike_dunk_low_purple_court,0
193,0.947,0.0000,0.0000,0.0000,nike_dunk_low_purple_court,0
194,0.948,0.0000,0.0000,0.0000,nike_dunk_low_purple_court,0
195,0.941,0.8603,0.8267,0.0336,nike_dunk_low_purple_court,0
196,0.935,0.0000,0.0000,0.0000,nike_dunk_low_purple_court,0
197,0.929,0.0000,0.0000,0.0000,,1
198,0.910,0.8417,0.7985,0.0433,,1
199,0.918,0.0000,0.0000,0.0000,,1
200,0.914,0.0000,0.0000,0.0000,,1
201,0.921,0.8613,0.8254,0.0359,,1
202,0.925,0.0000,0.0000,0.0000,,1
203,0.919,0.0000,0.0000,0.0000,,1
204,0.916,0.8556,0.8225,0.0331,,1
205,0.931,0.0000,0.0000,0.0000,,1
206,0.937,0.0000,0.0000,0.0000,,1
207,0.959,0.8588,0.8342,0.0246,,1
208,0.958,0.0000,0.0000,0.0000,,1
209,0.954,0.0000,0.0000,0.0000,,1
210,0.948,0.8607,0.8325,0.0283,,1
211,0.967,0.0000,0.0000,0.0000,,1
212,0.961,0.0000,0.0000,0.0000,,1
213,0.923,0.8536,0.8211,0.0325,,1
214,0.685,0.0000,0.0000,0.0000,,1
215,0.841,0.0000,0.0000,0.0000,,1
216,0.847,0.8400,0.8047,0.0353,,1
217,0.914,0.0000,0.0000,0.0000,,1
218,0.937,0.0000,0.0000,0.0000,,1
219,0.902,0.8400,0.8064,0.0336,,1
220,0.933,0.0000,0.0000,0.0000,,1
221,0.958,0.0000,0.0000,0.0000,,1
222,0.944,0.8433,0.7947,0.0486,,1
223,0.931,0.0000,0.0000,0.0000,,1
224,0.987,0.0000,0.0000,0.0000,,1
225,0.988,0.8553,0.8165,0.0388,,1
226,0.986,0.0000,0.0000,0.0000,,1
227,0.980,0.0000,0.0000,0.0000,,1
228,0.987,0.8708,0.8173,0.0535,nike_dunk_low_purple_court,0
229,0.991,0.0000,0.0000,0.0000,nike_dunk_low_purple_court,0
230,0.993,0.0000,0.0000,0.0000,nike_dunk_low_purple_court,0
231,0.991,0.8607,0.8147,0.0460,nike_dunk_low_purple_court,0
232,0.988,0.0000,0.0000,0.0000,nike_dunk_low_purple_court,0
233,0.988,0.0000,0.0000,0.0000,nike_dunk_low_purple_court,0
234,0.987,0.8786,0.8308,0.0478,nike_dunk_low_purple_court,0
235,0.985,0.0000,0.0000,0.0000,nike_dunk_low_purple_court,0
236,0.985,0.0000,0.0000,0.0000,,1
237,0.988,0.8526,0.8008,0.0518,nike_dunk_low_purple_court,0
238,0.985,0.0000,0.0000,0.0000,nike_dunk_low_purple_court,0
239,0.987,0.0000,0.0000,0.0000,nike_dunk_low_purple_court,0
240,0.985,0.8445,0.8123,0.0321,nike_dunk_low_purple_court,0
241,0.986,0.0000,0.0000,0.0000,nike_dunk_low_purple_court,0
242,0.986,0.0000,0.0000,0.0000,nike_dunk_low_purple_court,0
243,0.987,0.8511,0.7853,0.0658,nike_dunk_low_purple_court,0
244,0.983,0.0000,0.0000,0.0000,nike_dunk_low_purple_court,0
245,0.985,0.0000,0.0000,0.0000,nike_dunk_low_purple_court,0
246,0.987,0.8402,0.7738,0.0664,nike_dunk_low_purple_court,0
247,0.985,0.0000,0.0000,0.0000,nike_dunk_low_purple_court,0
248,0.989,0.0000,0.0000,0.0000,nike_dunk_low_purple_court,0
249,0.988,0.8614,0.7823,0.0791,nike_dunk_low_purple_court,0
250,0.988,0.0000,0.0000,0.0000,nike_dunk_low_purple_court,0
251,0.988,0.0000,0.0000,0.0000,nike_dunk_low_purple_court,0
252,0.987,0.8528,0.7946,0.0582,nike_dunk_low_purple_court,0
253,0.988,0.0000,0.0000,0.0000,nike_dunk_low_purple_court,0
254,0.988,0.0000,0.0000,0.0000,nike_dunk_low_purple_court,0
255,0.989,0.8500,0.7947,0.0552,nike_dunk_low_purple_court,0
256,0.987,0.0000,0.0000,0.0000,nike_dunk_low_purple_court,0
257,0.987,0.0000,0.0000,0.0000,nike_dunk_low_purple_court,0
258,0.988,0.8513,0.7950,0.0563,nike_dunk_low_purple_court,0
259,0.985,0.0000,0.0000,0.0000,nike_dunk_low_purple_court,0
260,0.988,0.0000,0.0000,0.0000,nike_dunk_low_purple_court,0
261,0.990,0.8368,0.7831,0.0537,nike_dunk_low_purple_court,0
262,0.991,0.0000,0.0000,0.0000,nike_dunk_low_purple_court,0
263,0.992,0.0000,0.0000,0.0000,nike_dunk_low_purple_court,0
264,0.989,0.8461,0.7828,0.0632,nike_dunk_low_purple_court,0
265,0.988,0.0000,0.0000,0.0000,nike_dunk_low_purple_court,0
266,0.987,0.0000,0.0000,0.0000,nike_dunk_low_purple_court,0
267,0.989,0.8455,0.7764,0.0690,nike_dunk_low_purple_court,0
268,0.989,0.0000,0.0000,0.0000,nike_dunk_low_purple_court,0
269,0.986,0.0000,0.0000,0.0000,nike_dunk_low_purple_court,0
270,0.987,0.8490,0.7963,0.0528,nike_dunk_low_purple_court,0
271,0.988,0.0000,0.0000,0.0000,nike_dunk_low_purple_court,0
272,0.987,0.0000,0.0000,0.0000,nike_dunk_low_purple_court,0
273,0.988,0.8517,0.8006,0.0510,nike_dunk_low_purple_court,0
274,0.985,0.0000,0.0000,0.0000,nike_dunk_low_purple_court,0
275,0.988,0.0000,0.0000,0.0000,nike_dunk_low_purple_court,0
276,0.989,0.8456,0.7934,0.0521,nike_dunk_low_purple_court,0
277,0.989,0.0000,0.0000,0.0000,nike_dunk_low_purple_court,0
278,0.991,0.0000,0.0000,0.0000,nike_dunk_low_purple_court,0
279,0.989,0.8412,0.7868,0.0544,nike_dunk_low_purple_court,0
280,0.990,0.0000,0.0000,0.0000,nike_dunk_low_purple_court,0
281,0.991,0.0000,0.0000,0.0000,nike_dunk_low_purple_court,0
282,0.991,0.8550,0.8040,0.0510,nike_dunk_low_purple_court,0
283,0.990,0.0000,0.0000,0.0000,nike_dunk_low_purple_court,0
284,0.989,0.0000,0.0000,0.0000,nike_dunk_low_purple_court,0
285,0.990,0.8511,0.7942,0.0570,nike_dunk_low_purple_court,0
286,0.991,0.0000,0.0000,0.0000,nike_dunk_low_purple_court,0
287,0.992,0.0000,0.0000,0.0000,nike_dunk_low_purple_court,0
288,0.992,0.8533,0.7976,0.0557,nike_dunk_low_purple_court,0
289,0.992,0.0000,0.0000,0.0000,nike_dunk_low_purple_court,0
290,0.992,0.0000,0.0000,0.0000,nike_dunk_low_purple_court,0
291,0.985,0.8556,0.8148,0.0408,nike_dunk_low_purple_court,0
292,0.988,0.0000,0.0000,0.0000,nike_dunk_low_purple_court,0
293,0.984,0.0000,0.0000,0.0000,nike_dunk_low_purple_court,0
294,0.986,0.8549,0.8075,0.0474,nike_dunk_low_purple_court,0
295,0.988,0.0000,0.0000,0.0000,nike_dunk_low_purple_court,0
296,0.976,0.0000,0.0000,0.0000,,1
297,0.972,0.8517,0.7944,0.0572,nike_dunk_low_purple_court,0
298,0.976,0.0000,0.0000,0.0000,nike_dunk_low_purple_court,0
299,0.971,0.0000,0.0000,0.0000,nike_dunk_low_purple_court,0
300,0.966,0.8496,0.7914,0.0582,nike_dunk_low_purple_court,0
301,0.964,0.0000,0.0000,0.0000,nike_dunk_low_purple_court,0
302,0.964,0.0000,0.0000,0.0000,nike_dunk_low_purple_court,0
303,0.969,0.8614,0.8036,0.0577,nike_dunk_low_purple_court,0
304,0.984,0.0000,0.0000,0.0000,nike_dunk_low_purple_court,0
305,0.987,0.0000,0.0000,0.0000,nike_dunk_low_purple_court,0
306,0.984,0.8673,0.8114,0.0559,nike_dunk_low_purple_court,0
307,0.985,0.0000,0.0000,0.0000,nike_dunk_low_purple_court,0
308,0.988,0.0000,0.0000,0.0000,nike_dunk_low_purple_court,0
309,0.990,0.8688,0.8053,0.0635,nike_dunk_low_purple_court,0
310,0.988,0.0000,0.0000,0.0000,nike_dunk_low_purple_court,0
311,0.989,0.0000,0.0000,0.0000,nike_dunk_low_purple_court,0
312,0.990,0.8537,0.8151,0.0387,nike_dunk_low_purple_court,0
313,0.988,0.0000,0.0000,0.0000,nike_dunk_low_purple_court,0
314,0.990,0.0000,0.0000,0.0000,nike_dunk_low_purple_court,0
315,0.992,0.8710,0.8216,0.0494,nike_dunk_low_purple_court,0
316,0.991,0.0000,0.0000,0.0000,nike_dunk_low_purple_court,0
317,0.990,0.0000,0.0000,0.0000,,1
318,0.991,0.8654,0.8235,0.0419,,1
319,0.992,0.0000,0.0000,0.0000,,1
320,0.992,0.0000,0.0000,0.0000,,1
321,0.992,0.8501,0.7976,0.0525,nike_dunk_low_purple_court,0
322,0.992,0.0000,0.0000,0.0000,nike_dunk_low_purple_court,0
323,0.990,0.0000,0.0000,0.0000,nike_dunk_low_purple_court,0
324,0.990,0.8539,0.8019,0.0520,nike_dunk_low_purple_court,0
325,0.990,0.0000,0.0000,0.0000,nike_dunk_low_purple_court,0
326,0.992,0.0000,0.0000,0.0000,nike_dunk_low_purple_court,0
327,0.989,0.8667,0.8179,0.0488,nike_dunk_low_purple_court,0
328,0.992,0.0000,0.0000,0.0000,nike_dunk_low_purple_court,0
329,0.990,0.0000,0.0000,0.0000,nike_dunk_low_purple_court,0
330,0.989,0.8421,0.7995,0.0426,nike_dunk_low_purple_court,0
331,0.992,0.0000,0.0000,0.0000,nike_dunk_low_purple_court,0
332,0.990,0.0000,0.0000,0.0000,,1
333,0.990,0.8537,0.8087,0.0450,,1
334,0.990,0.0000,0.0000,0.0000,,1
335,0.990,0.0000,0.0000,0.0000,,1
336,0.992,0.8319,0.7847,0.0472,,1
337,0.991,0.0000,0.0000,0.0000,,1
338,0.990,0.0000,0.0000,0.0000,,1
339,0.989,0.8232,0.7795,0.0438,,1
340,0.987,0.0000,0.0000,0.0000,,1
341,0.990,0.0000,0.0000,0.0000,,1
342,0.991,0.8230,0.7744,0.0486,,1
343,0.990,0.0000,0.0000,0.0000,,1
344,0.991,0.0000,0.0000,0.0000,,1
345,0.991,0.8512,0.8006,0.0506,nike_dunk_low_purple_court,0
346,0.990,0.0000,0.0000,0.0000,nike_dunk_low_purple_court,0
347,0.990,0.0000,0.0000,0.0000,nike_dunk_low_purple_court,0
348,0.991,0.8507,0.7933,0.0574,nike_dunk_low_purple_court,0
349,0.991,0.0000,0.0000,0.0000,nike_dunk_low_purple_court,0
350,0.992,0.0000,0.0000,0.0000,nike_dunk_low_purple_court,0
351,0.991,0.8547,0.8115,0.0432,nike_dunk_low_purple_court,0
352,0.991,0.0000,0.0000,0.0000,nike_dunk_low_purple_court,0
353,0.990,0.0000,0.0000,0.0000,nike_dunk_low_purple_court,0
354,0.991,0.8421,0.7949,0.0471,nike_dunk_low_purple_court,0
355,0.991,0.0000,0.0000,0.0000,nike_dunk_low_purple_court,0
356,0.992,0.0000,0.0000,0.0000,,1
357,0.992,0.8502,0.8066,0.0436,,1
358,0.988,0.0000,0.0000,0.0000,,1
359,0.988,0.0000,0.0000,0.0000,,1
360,0.987,0.8516,0.8134,0.0382,,1
361,0.989,0.0000,0.0000,0.0000,,1
362,0.989,0.0000,0.0000,0.0000,,1
363,0.990,0.8175,0.7699,0.0476,,1
364,0.990,0.0000,0.0000,0.0000,,1
365,0.990,0.0000,0.0000,0.0000,,1
366,0.990,0.8389,0.7979,0.0409,,1
367,0.990,0.0000,0.0000,0.0000,,1
368,0.987,0.0000,0.0000,0.0000,,1
369,0.986,0.8667,0.8363,0.0304,,1
370,0.989,0.0000,0.0000,0.0000,,1
371,0.989,0.0000,0.0000,0.0000,,1
372,0.991,0.8385,0.7933,0.0451,,1
373,0.989,0.0000,0.0000,0.0000,,1
374,0.990,0.0000,0.0000,0.0000,,1
375,0.993,0.8383,0.8186,0.0198,,1
376,0.993,0.0000,0.0000,0.0000,,1
377,0.993,0.0000,0.0000,0.0000,,1
378,0.992,0.8224,0.7962,0.0262,,1
379,0.990,0.0000,0.0000,0.0000,,1
380,0.992,0.0000,0.0000,0.0000,,1
381,0.992,0.8484,0.8438,0.0047,,1
382,0.990,0.0000,0.0000,0.0000,,1
383,0.990,0.0000,0.0000,0.0000,,1
384,0.990,0.8465,0.8208,0.0257,,1
385,0.989,0.0000,0.0000,0.0000,,1
386,0.992,0.0000,0.0000,0.0000,,1
387,0.993,0.8422,0.8113,0.0309,,1
388,0.993,0.0000,0.0000,0.0000,,1
389,0.992,0.0000,0.0000,0.0000,,1
390,0.994,0.8208,0.7961,0.0247,,1
391,0.993,0.0000,0.0000,0.0000,,1
392,0.993,0.0000,0.0000,0.0000,,1
393,0.994,0.8620,0.8164,0.0456,,1
394,0.995,0.0000,0.0000,0.0000,,1
395,0.993,0.0000,0.0000,0.0000,,1
396,0.993,0.8420,0.8090,0.0331,,1
397,0.993,0.0000,0.0000,0.0000,,1
398,0.993,0.0000,0.0000,0.0000,,1
399,0.991,0.8457,0.7949,0.0508,nike_dunk_low_purple_court,0
400,0.993,0.0000,0.0000,0.0000,nike_dunk_low_purple_court,0
401,0.991,0.0000,0.0000,0.0000,nike_dunk_low_purple_court,0
402,0.992,0.8494,0.8247,0.0247,nike_dunk_low_purple_court,0
403,0.993,0.0000,0.0000,0.0000,nike_dunk_low_purple_court,0
404,0.993,0.0000,0.0000,0.0000,nike_dunk_low_purple_court,0
405,0.990,0.8659,0.8176,0.0483,nike_dunk_low_purple_court,0
406,0.990,0.0000,0.0000,0.0000,nike_dunk_low_purple_court,0
407,0.990,0.0000,0.0000,0.0000,,1
408,0.990,0.8563,0.8118,0.0445,,1
409,0.990,0.0000,0.0000,0.0000,,1
410,0.989,0.0000,0.0000,0.0000,,1
411,0.987,0.8404,0.7889,0.0515,nike_dunk_low_purple_court,0
412,0.987,0.0000,0.0000,0.0000,nike_dunk_low_purple_court,0
413,0.983,0.0000,0.0000,0.0000,nike_dunk_low_purple_court,0
414,0.987,0.8441,0.8045,0.0395,nike_dunk_low_purple_court,0
415,0.984,0.0000,0.0000,0.0000,nike_dunk_low_purple_court,0
416,0.980,0.0000,0.0000,0.0000,nike_dunk_low_purple_court,0
417,0.988,0.8582,0.8111,0.0472,nike_dunk_low_purple_court,0
418,0.989,0.0000,0.0000,0.0000,nike_dunk_low_purple_court,0
419,0.989,0.0000,0.0000,0.0000,,1
420,0.986,0.8533,0.8122,0.0411,,1
421,0.986,0.0000,0.0000,0.0000,,1
422,0.990,0.0000,0.0000,0.0000,,1
423,0.989,0.8458,0.7948,0.0509,nike_dunk_low_purple_court,0
424,0.990,0.0000,0.0000,0.0000,nike_dunk_low_purple_court,0
425,0.989,0.0000,0.0000,0.0000,nike_dunk_low_purple_court,0
426,0.989,0.8462,0.7995,0.0466,nike_dunk_low_purple_court,0
427,0.988,0.0000,0.0000,0.0000,nike_dunk_low_purple_court,0
428,0.990,0.0000,0.0000,0.0000,nike_dunk_low_purple_court,0
429,0.985,0.8289,0.7781,0.0508,nike_dunk_low_purple_court,0
430,0.987,0.0000,0.0000,0.0000,nike_dunk_low_purple_court,0
431,0.988,0.0000,0.0000,0.0000,nike_dunk_low_purple_court,0
432,0.988,0.8488,0.8040,0.0449,nike_dunk_low_purple_court,0
433,0.988,0.0000,0.0000,0.0000,nike_dunk_low_purple_court,0
434,0.990,0.0000,0.0000,0.0000,nike_dunk_low_purple_court,0
435,0.989,0.8168,0.7874,0.0294,nike_dunk_low_purple_court,0
436,0.988,0.0000,0.0000,0.0000,nike_dunk_low_purple_court,0
437,0.986,0.0000,0.0000,0.0000,,1
438,0.985,0.8225,0.7969,0.0256,,1
439,0.985,0.0000,0.0000,0.0000,,1
440,0.986,0.0000,0.0000,0.0000,,1
441,0.987,0.8307,0.7978,0.0328,,1
442,0.987,0.0000,0.0000,0.0000,,1
443,0.990,0.0000,0.0000,0.0000,,1
444,0.986,0.8265,0.7779,0.0486,,1
445,0.988,0.0000,0.0000,0.0000,,1
446,0.986,0.0000,0.0000,0.0000,,1
447,0.988,0.8354,0.8060,0.0294,,1
448,0.988,0.0000,0.0000,0.0000,,1
449,0.990,0.0000,0.0000,0.0000,,1
450,0.990,0.8328,0.8037,0.0291,,1
451,0.990,0.0000,0.0000,0.0000,,1
452,0.989,0.0000,0.0000,0.0000,,1
453,0.990,0.8450,0.8214,0.0236,,1
454,0.990,0.0000,0.0000,0.0000,,1
455,0.990,0.0000,0.0000,0.0000,,1
456,0.990,0.8377,0.8107,0.0271,,1
457,0.989,0.0000,0.0000,0.0000,,1
458,0.989,0.0000,0.0000,0.0000,,1
459,0.991,0.8466,0.8057,0.0409,,1
460,0.991,0.0000,0.0000,0.0000,,1
461,0.990,0.0000,0.0000,0.0000,,1
462,0.992,0.8396,0.8015,0.0381,,1
463,0.992,0.0000,0.0000,0.0000,,1
464,0.993,0.0000,0.0000,0.0000,,1
465,0.990,0.8537,0.8133,0.0404,,1
466,0.992,0.0000,0.0000,0.0000,,1
467,0.993,0.0000,0.0000,0.0000,,1
468,0.993,0.8101,0.7452,0.0648,nike_dunk_low_purple_court,0
469,0.992,0.0000,0.0000,0.0000,nike_dunk_low_purple_court,0
470,0.992,0.0000,0.0000,0.0000,nike_dunk_low_purple_court,0
471,0.993,0.8326,0.7671,0.0654,nike_dunk_low_purple_court,0
472,0.992,0.0000,0.0000,0.0000,nike_dunk_low_purple_court,0
473,0.992,0.0000,0.0000,0.0000,nike_dunk_low_purple_court,0
474,0.991,0.8546,0.8099,0.0447,nike_dunk_low_purple_court,0
475,0.992,0.0000,0.0000,0.0000,nike_dunk_low_purple_court,0
476,0.992,0.0000,0.0000,0.0000,nike_dunk_low_purple_court,0
477,0.991,0.8487,0.8113,0.0373,nike_dunk_low_purple_court,0
478,0.990,0.0000,0.0000,0.0000,nike_dunk_low_purple_court,0
479,0.990,0.0000,0.0000,0.0000,,1
480,0.990,0.8211,0.7854,0.0357,,1
481,0.990,0.0000,0.0000,0.0000,,1
482,0.991,0.0000,0.0000,0.0000,,1
483,0.991,0.8513,0.7943,0.0570,nike_dunk_low_purple_court,0
484,0.990,0.0000,0.0000,0.0000,nike_dunk_low_purple_court,0
485,0.988,0.0000,0.0000,0.0000,nike_dunk_low_purple_court,0
486,0.990,0.8405,0.7976,0.0429,nike_dunk_low_purple_court,0
487,0.990,0.0000,0.0000,0.0000,nike_dunk_low_purple_court,0
488,0.990,0.0000,0.0000,0.0000,nike_dunk_low_purple_court,0
489,0.991,0.8552,0.8252,0.0299,nike_dunk_low_purple_court,0
490,0.990,0.0000,0.0000,0.0000,nike_dunk_low_purple_court,0
491,0.990,0.0000,0.0000,0.0000,,1
492,0.989,0.8478,0.8073,0.0405,,1
493,0.990,0.0000,0.0000,0.0000,,1
494,0.992,0.0000,0.0000,0.0000,,1
495,0.993,0.8401,0.8045,0.0356,,1
496,0.992,0.0000,0.0000,0.0000,,1
497,0.992,0.0000,0.0000,0.0000,,1
498,0.993,0.8465,0.8170,0.0295,,1
499,0.992,0.0000,0.0000,0.0000,,1
500,0.993,0.0000,0.0000,0.0000,,1
501,0.993,0.8533,0.8255,0.0278,,1
502,0.993,0.0000,0.0000,0.0000,,1
503,0.993,0.0000,0.0000,0.0000,,1
504,0.992,0.8464,0.8162,0.0301,,1
505,0.991,0.0000,0.0000,0.0000,,1
506,0.992,0.0000,0.0000,0.0000,,1
507,0.991,0.8548,0.8200,0.0348,,1
508,0.990,0.0000,0.0000,0.0000,,1
509,0.992,0.0000,0.0000,0.0000,,1
510,0.990,0.8715,0.8468,0.0247,,1
511,0.992,0.0000,0.0000,0.0000,,1
512,0.990,0.0000,0.0000,0.0000,,1
513,0.991,0.8489,0.8052,0.0437,,1
514,0.991,0.0000,0.0000,0.0000,,1
515,0.990,0.0000,0.0000,0.0000,,1
516,0.990,0.8281,0.7872,0.0409,,1
517,0.989,0.0000,0.0000,0.0000,,1
518,0.990,0.0000,0.0000,0.0000,,1
519,0.991,0.8127,0.7587,0.0540,nike_dunk_low_purple_court,0
520,0.990,0.0000,0.0000,0.0000,nike_dunk_low_purple_court,0
521,0.991,0.0000,0.0000,0.0000,nike_dunk_low_purple_court,0
522,0.993,0.8179,0.7725,0.0454,nike_dunk_low_purple_court,0
523,0.993,0.0000,0.0000,0.0000,nike_dunk_low_purple_court,0
524,0.993,0.0000,0.0000,0.0000,nike_dunk_low_purple_court,0
525,0.993,0.8376,0.8012,0.0364,nike_dunk_low_purple_court,0
526,0.993,0.0000,0.0000,0.0000,nike_dunk_low_purple_court,0
527,0.994,0.0000,0.0000,0.0000,,1
528,0.994,0.8041,0.7716,0.0325,,1
529,0.995,0.0000,0.0000,0.0000,,1
530,0.994,0.0000,0.0000,0.0000,,1
531,0.994,0.8350,0.7934,0.0415,,1
532,0.994,0.0000,0.0000,0.0000,,1
533,0.994,0.0000,0.0000,0.0000,,1
534,0.995,0.8154,0.7687,0.0467,,1
535,0.993,0.0000,0.0000,0.0000,,1
536,0.994,0.0000,0.0000,0.0000,,1
537,0.993,0.8430,0.8073,0.0357,,1
538,0.993,0.0000,0.0000,0.0000,,1
539,0.995,0.0000,0.0000,0.0000,,1
540,0.995,0.8240,0.7813,0.0427,,1
541,0.995,0.0000,0.0000,0.0000,,1
542,0.995,0.0000,0.0000,0.0000,,1
543,0.994,0.8352,0.8011,0.0341,,1
544,0.994,0.0000,0.0000,0.0000,,1
545,0.995,0.0000,0.0000,0.0000,,1
546,0.995,0.8222,0.7834,0.0388,,1
547,0.994,0.0000,0.0000,0.0000,,1
548,0.995,0.0000,0.0000,0.0000,,1
549,0.995,0.8310,0.7890,0.0420,,1
550,0.994,0.0000,0.0000,0.0000,,1
551,0.995,0.0000,0.0000,0.0000,,1
552,0.994,0.8202,0.7834,0.0368,,1
553,0.994,0.0000,0.0000,0.0000,,1
554,0.994,0.0000,0.0000,0.0000,,1
555,0.994,0.8347,0.7932,0.0415,,1
556,0.993,0.0000,0.0000,0.0000,,1
557,0.993,0.0000,0.0000,0.0000,,1
558,0.994,0.8064,0.7527,0.0537,nike_dunk_low_purple_court,0
559,0.994,0.0000,0.0000,0.0000,nike_dunk_low_purple_court,0
560,0.994,0.0000,0.0000,0.0000,nike_dunk_low_purple_court,0
561,0.995,0.8009,0.7469,0.0540,nike_dunk_low_purple_court,0
562,0.995,0.0000,0.0000,0.0000,nike_dunk_low_purple_court,0
563,0.995,0.0000,0.0000,0.0000,nike_dunk_low_purple_court,0
564,0.994,0.7999,0.7541,0.0458,nike_dunk_low_purple_court,0
565,0.994,0.0000,0.0000,0.0000,nike_dunk_low_purple_court,0
566,0.994,0.0000,0.0000,0.0000,nike_dunk_low_purple_court,0
567,0.994,0.7909,0.7416,0.0493,nike_dunk_low_purple_court,0
568,0.993,0.0000,0.0000,0.0000,nike_dunk_low_purple_court,0
569,0.993,0.0000,0.0000,0.0000,,1
570,0.995,0.8280,0.7991,0.0289,,1
571,0.995,0.0000,0.0000,0.0000,,1
572,0.994,0.0000,0.0000,0.0000,,1
573,0.994,0.8239,0.7898,0.0341,,1
574,0.994,0.0000,0.0000,0.0000,,1
575,0.994,0.0000,0.0000,0.0000,,1
576,0.995,0.8269,0.8021,0.0248,,1
577,0.994,0.0000,0.0000,0.0000,,1
578,0.994,0.0000,0.0000,0.0000,,1
579,0.994,0.8183,0.7810,0.0374,,1
580,0.995,0.0000,0.0000,0.0000,,1
581,0.995,0.0000,0.0000,0.0000,,1
582,0.994,0.8360,0.7871,0.0489,,1
583,0.993,0.0000,0.0000,0.0000,,1
584,0.994,0.0000,0.0000,0.0000,,1
585,0.993,0.8250,0.7808,0.0442,,1
586,0.995,0.0000,0.0000,0.0000,,1
587,0.994,0.0000,0.0000,0.0000,,1
588,0.994,0.8359,0.8030,0.0329,,1
589,0.994,0.0000,0.0000,0.0000,,1
590,0.993,0.0000,0.0000,0.0000,,1
591,0.992,0.7841,0.7508,0.0333,,1
592,0.991,0.0000,0.0000,0.0000,,1
593,0.990,0.0000,0.0000,0.0000,,1
594,0.991,0.7895,0.7623,0.0272,,1
595,0.989,0.0000,0.0000,0.0000,,1
596,0.989,0.0000,0.0000,0.0000,,1
597,0.990,0.8052,0.7707,0.0345,,1
598,0.991,0.0000,0.0000,0.0000,,1
599,0.989,0.0000,0.0000,0.0000,,1
600,0.991,0.8248,0.7816,0.0432,,1
601,0.991,0.0000,0.0000,0.0000,,1
602,0.991,0.0000,0.0000,0.0000,,1
603,0.990,0.8284,0.7732,0.0552,nike_dunk_low_purple_court,0
604,0.989,0.0000,0.0000,0.0000,nike_dunk_low_purple_court,0
605,0.989,0.0000,0.0000,0.0000,nike_dunk_low_purple_court,0
606,0.989,0.8349,0.7798,0.0552,nike_dunk_low_purple_court,0
607,0.988,0.0000,0.0000,0.0000,nike_dunk_low_purple_court,0
608,0.990,0.0000,0.0000,0.0000,nike_dunk_low_purple_court,0
609,0.990,0.7976,0.7484,0.0492,nike_dunk_low_purple_court,0
610,0.991,0.0000,0.0000,0.0000,nike_dunk_low_purple_court,0
611,0.990,0.0000,0.0000,0.0000,nike_dunk_low_purple_court,0
612,0.989,0.7998,0.7457,0.0541,nike_dunk_low_purple_court,0
613,0.989,0.0000,0.0000,0.0000,nike_dunk_low_purple_court,0
614,0.990,0.0000,0.0000,0.0000,nike_dunk_low_purple_court,0
615,0.990,0.8057,0.7449,0.0607,nike_dunk_low_purple_court,0
616,0.990,0.0000,0.0000,0.0000,nike_dunk_low_purple_court,0
617,0.991,0.0000,0.0000,0.0000,nike_dunk_low_purple_court,0
618,0.991,0.8225,0.7738,0.0487,nike_dunk_low_purple_court,0
619,0.991,0.0000,0.0000,0.0000,nike_dunk_low_purple_court,0
620,0.990,0.0000,0.0000,0.0000,nike_dunk_low_purple_court,0
621,0.990,0.8266,0.7779,0.0487,nike_dunk_low_purple_court,0
622,0.989,0.0000,0.0000,0.0000,nike_dunk_low_purple_court,0
623,0.990,0.0000,0.0000,0.0000,,1
624,0.990,0.8223,0.7548,0.0675,nike_dunk_low_purple_court,0
625,0.990,0.0000,0.0000,0.0000,nike_dunk_low_purple_court,0
626,0.990,0.0000,0.0000,0.0000,nike_dunk_low_purple_court,0
627,0.990,0.8152,0.7576,0.0576,nike_dunk_low_purple_court,0
628,0.990,0.0000,0.0000,0.0000,nike_dunk_low_purple_court,0
629,0.991,0.0000,0.0000,0.0000,nike_dunk_low_purple_court,0
630,0.990,0.8117,0.7629,0.0488,nike_dunk_low_purple_court,0
631,0.992,0.0000,0.0000,0.0000,nike_dunk_low_purple_court,0
632,0.991,0.0000,0.0000,0.0000,nike_dunk_low_purple_court,0
633,0.991,0.8074,0.7715,0.0359,nike_dunk_low_purple_court,0
634,0.992,0.0000,0.0000,0.0000,nike_dunk_low_purple_court,0
635,0.992,0.0000,0.0000,0.0000,,1
636,0.992,0.8064,0.7602,0.0463,,1
637,0.992,0.0000,0.0000,0.0000,,1
638,0.993,0.0000,0.0000,0.0000,,1
639,0.992,0.7953,0.7511,0.0442,,1
640,0.992,0.0000,0.0000,0.0000,,1
641,0.992,0.0000,0.0000,0.0000,,1
642,0.991,0.7971,0.7410,0.0560,nike_dunk_low_purple_court,0
643,0.991,0.0000,0.0000,0.0000,nike_dunk_low_purple_court,0
644,0.992,0.0000,0.0000,0.0000,nike_dunk_low_purple_court,0
645,0.992,0.8184,0.7658,0.0526,nike_dunk_low_purple_court,0
646,0.992,0.0000,0.0000,0.0000,nike_dunk_low_purple_court,0
647,0.992,0.0000,0.0000,0.0000,nike_dunk_low_purple_court,0
648,0.993,0.7942,0.7420,0.0523,nike_dunk_low_purple_court,0
649,0.990,0.0000,0.0000,0.0000,nike_dunk_low_purple_court,0
650,0.990,0.0000,0.0000,0.0000,nike_dunk_low_purple_court,0
651,0.993,0.8388,0.8068,0.0320,nike_dunk_low_purple_court,0
652,0.992,0.0000,0.0000,0.0000,nike_dunk_low_purple_court,0
653,0.987,0.0000,0.0000,0.0000,nike_dunk_low_purple_court,0
654,0.992,0.8245,0.7703,0.0542,nike_dunk_low_purple_court,0
655,0.993,0.0000,0.0000,0.0000,nike_dunk_low_purple_court,0
656,0.991,0.0000,0.0000,0.0000,nike_dunk_low_purple_court,0
657,0.993,0.8244,0.7730,0.0515,nike_dunk_low_purple_court,0
658,0.992,0.0000,0.0000,0.0000,nike_dunk_low_purple_court,0
659,0.992,0.0000,0.0000,0.0000,nike_dunk_low_purple_court,0
660,0.992,0.8202,0.7720,0.0482,nike_dunk_low_purple_court,0
661,0.992,0.0000,0.0000,0.0000,nike_dunk_low_purple_court,0
662,0.991,0.0000,0.0000,0.0000,nike_dunk_low_purple_court,0
663,0.993,0.8240,0.7757,0.0483,nike_dunk_low_purple_court,0
664,0.993,0.0000,0.0000,0.0000,nike_dunk_low_purple_court,0
665,0.994,0.0000,0.0000,0.0000,,1
666,0.993,0.8188,0.7768,0.0420,,1
667,0.994,0.0000,0.0000,0.0000,,1
668,0.995,0.0000,0.0000,0.0000,,1
669,0.995,0.8150,0.7798,0.0352,,1
670,0.994,0.0000,0.0000,0.0000,,1
671,0.993,0.0000,0.0000,0.0000,,1
672,0.994,0.8468,0.8056,0.0411,,1
673,0.994,0.0000,0.0000,0.0000,,1
674,0.993,0.0000,0.0000,0.0000,,1
675,0.994,0.8241,0.7927,0.0314,,1
676,0.995,0.0000,0.0000,0.0000,,1
677,0.988,0.0000,0.0000,0.0000,,1
678,0.995,0.8394,0.7976,0.0418,,1
679,0.996,0.0000,0.0000,0.0000,,1
680,0.998,0.0000,0.0000,0.0000,,1
681,0.998,0.8120,0.7655,0.0465,,1
682,0.996,0.0000,0.0000,0.0000,,1
683,0.995,0.0000,0.0000,0.0000,,1
684,0.990,0.8106,0.7846,0.0259,,1
685,0.984,0.0000,0.0000,0.0000,,1
686,0.990,0.0000,0.0000,0.0000,,1
687,0.990,0.8142,0.7865,0.0277,,1
688,0.989,0.0000,0.0000,0.0000,,1
689,0.986,0.0000,0.0000,0.0000,,1
690,0.990,0.8351,0.8000,0.0350,,1
691,0.985,0.0000,0.0000,0.0000,,1
692,0.991,0.0000,0.0000,0.0000,,1
693,0.991,0.8052,0.7629,0.0423,,1
694,0.989,0.0000,0.0000,0.0000,,1
695,0.987,0.0000,0.0000,0.0000,,1
696,0.992,0.7913,0.7432,0.0482,,1
697,0.990,0.0000,0.0000,0.0000,,1
698,0.990,0.0000,0.0000,0.0000,,1
699,0.991,0.8028,0.7446,0.0582,nike_dunk_low_purple_court,0
700,0.990,0.0000,0.0000,0.0000,nike_dunk_low_purple_court,0
701,0.991,0.0000,0.0000,0.0000,nike_dunk_low_purple_court,0
702,0.986,0.8221,0.7804,0.0417,nike_dunk_low_purple_court,0
703,0.989,0.0000,0.0000,0.0000,nike_dunk_low_purple_court,0
704,0.990,0.0000,0.0000,0.0000,nike_dunk_low_purple_court,0
705,0.989,0.8133,0.7794,0.0338,nike_dunk_low_purple_court,0
706,0.991,0.0000,0.0000,0.0000,nike_dunk_low_purple_court,0
707,0.984,0.0000,0.0000,0.0000,,1
708,0.985,0.8037,0.7588,0.0449,,1
709,0.990,0.0000,0.0000,0.0000,,1
710,0.990,0.0000,0.0000,0.0000,,1
711,0.990,0.7981,0.7603,0.0379,,1
712,0.985,0.0000,0.0000,0.0000,,1
713,0.978,0.0000,0.0000,0.0000,,1
714,0.985,0.7811,0.7410,0.0401,,1
715,0.991,0.0000,0.0000,0.0000,,1
716,0.988,0.0000,0.0000,0.0000,,1
717,0.988,0.7823,0.7365,0.0458,,1
718,0.989,0.0000,0.0000,0.0000,,1
719,0.992,0.0000,0.0000,0.0000,,1
720,0.992,0.7734,0.7307,0.0427,,1
721,0.989,0.0000,0.0000,0.0000,,1
722,0.992,0.0000,0.0000,0.0000,,1
723,0.991,0.7925,0.7581,0.0344,,1
724,0.994,0.0000,0.0000,0.0000,,1
725,0.992,0.0000,0.0000,0.0000,,1
726,0.993,0.7911,0.7442,0.0469,,1
727,0.991,0.0000,0.0000,0.0000,,1
728,0.993,0.0000,0.0000,0.0000,,1
729,0.989,0.7803,0.7388,0.0415,,1
730,0.992,0.0000,0.0000,0.0000,,1
731,0.992,0.0000,0.0000,0.0000,,1
732,0.992,0.8126,0.7544,0.0582,nike_dunk_low_purple_court,0
733,0.993,0.0000,0.0000,0.0000,nike_dunk_low_purple_court,0
734,0.995,0.0000,0.0000,0.0000,nike_dunk_low_purple_court,0
735,0.994,0.8053,0.7519,0.0534,nike_dunk_low_purple_court,0
736,0.995,0.0000,0.0000,0.0000,nike_dunk_low_purple_court,0
737,0.995,0.0000,0.0000,0.0000,nike_dunk_low_purple_court,0
738,0.995,0.8094,0.7529,0.0566,nike_dunk_low_purple_court,0
739,0.995,0.0000,0.0000,0.0000,nike_dunk_low_purple_court,0
740,0.994,0.0000,0.0000,0.0000,nike_dunk_low_purple_court,0
741,0.996,0.8080,0.7584,0.0496,nike_dunk_low_purple_court,0
742,0.996,0.0000,0.0000,0.0000,nike_dunk_low_purple_court,0
743,0.994,0.0000,0.0000,0.0000,nike_dunk_low_purple_court,0
744,0.994,0.8232,0.7739,0.0493,nike_dunk_low_purple_court,0
745,0.995,0.0000,0.0000,0.0000,nike_dunk_low_purple_court,0
746,0.996,0.0000,0.0000,0.0000,,1
747,0.995,0.8025,0.7535,0.0490,,1
748,0.995,0.0000,0.0000,0.0000,,1
749,0.994,0.0000,0.0000,0.0000,,1
750,0.995,0.8104,0.7589,0.0515,nike_dunk_low_purple_court,0
751,0.995,0.0000,0.0000,0.0000,nike_dunk_low_purple_court,0
752,0.995,0.0000,0.0000,0.0000,nike_dunk_low_purple_court,0
753,0.994,0.8119,0.7642,0.0477,nike_dunk_low_purple_court,0
754,0.994,0.0000,0.0000,0.0000,nike_dunk_low_purple_court,0
755,0.993,0.0000,0.0000,0.0000,nike_dunk_low_purple_court,0
756,0.994,0.8053,0.7551,0.0503,nike_dunk_low_purple_court,0
757,0.995,0.0000,0.0000,0.0000,nike_dunk_low_purple_court,0
758,0.995,0.0000,0.0000,0.0000,nike_dunk_low_purple_court,0
759,0.994,0.8179,0.7643,0.0537,nike_dunk_low_purple_court,0
760,0.994,0.0000,0.0000,0.0000,nike_dunk_low_purple_court,0
761,0.993,0.0000,0.0000,0.0000,nike_dunk_low_purple_court,0
762,0.993,0.8067,0.7470,0.0597,nike_dunk_low_purple_court,0
763,0.992,0.0000,0.0000,0.0000,nike_dunk_low_purple_court,0
764,0.990,0.0000,0.0000,0.0000,nike_dunk_low_purple_court,0
765,0.987,0.8174,0.7733,0.0441,nike_dunk_low_purple_court,0
766,0.991,0.0000,0.0000,0.0000,nike_dunk_low_purple_court,0
767,0.989,0.0000,0.0000,0.0000,nike_dunk_low_purple_court,0
768,0.985,0.7817,0.7301,0.0517,nike_dunk_low_purple_court,0
769,0.987,0.0000,0.0000,0.0000,nike_dunk_low_purple_court,0
770,0.988,0.0000,0.0000,0.0000,nike_dunk_low_purple_court,0
771,0.990,0.7744,0.7236,0.0509,nike_dunk_low_purple_court,0
772,0.989,0.0000,0.0000,0.0000,nike_dunk_low_purple_court,0
773,0.989,0.0000,0.0000,0.0000,nike_dunk_low_purple_court,0
774,0.986,0.8146,0.7727,0.0419,nike_dunk_low_purple_court,0
775,0.987,0.0000,0.0000,0.0000,nike_dunk_low_purple_court,0
776,0.985,0.0000,0.0000,0.0000,nike_dunk_low_purple_court,0
777,0.984,0.8190,0.7775,0.0415,nike_dunk_low_purple_court,0
778,0.983,0.0000,0.0000,0.0000,nike_dunk_low_purple_court,0
779,0.983,0.0000,0.0000,0.0000,,1
780,0.985,0.8038,0.7495,0.0543,nike_dunk_low_purple_court,0
781,0.986,0.0000,0.0000,0.0000,nike_dunk_low_purple_court,0
782,0.986,0.0000,0.0000,0.0000,nike_dunk_low_purple_court,0
783,0.983,0.8320,0.7956,0.0364,nike_dunk_low_purple_court,0
784,0.983,0.0000,0.0000,0.0000,nike_dunk_low_purple_court,0
785,0.980,0.0000,0.0000,0.0000,nike_dunk_low_purple_court,0
786,0.978,0.8222,0.7790,0.0432,nike_dunk_low_purple_court,0
787,0.980,0.0000,0.0000,0.0000,nike_dunk_low_purple_court,0
788,0.979,0.0000,0.0000,0.0000,,1
789,0.984,0.8211,0.7782,0.0429,,1
790,0.986,0.0000,0.0000,0.0000,,1
791,0.982,0.0000,0.0000,0.0000,,1
792,0.983,0.8145,0.7704,0.0440,,1
793,0.980,0.0000,0.0000,0.0000,,1
794,0.984,0.0000,0.0000,0.0000,,1
795,0.985,0.8020,0.7461,0.0559,nike_dunk_low_purple_court,0
796,0.980,0.0000,0.0000,0.0000,nike_dunk_low_purple_court,0
797,0.984,0.0000,0.0000,0.0000,nike_dunk_low_purple_court,0
798,0.985,0.7903,0.7257,0.0646,nike_dunk_low_purple_court,0
799,0.987,0.0000,0.0000,0.0000,nike_dunk_low_purple_court,0
800,0.983,0.0000,0.0000,0.0000,nike_dunk_low_purple_court,0
801,0.986,0.8195,0.7652,0.0544,nike_dunk_low_purple_court,0
802,0.984,0.0000,0.0000,0.0000,nike_dunk_low_purple_court,0
803,0.986,0.0000,0.0000,0.0000,nike_dunk_low_purple_court,0
804,0.985,0.8141,0.7765,0.0376,nike_dunk_low_purple_court,0
805,0.983,0.0000,0.0000,0.0000,nike_dunk_low_purple_court,0
806,0.983,0.0000,0.0000,0.0000,nike_dunk_low_purple_court,0
807,0.985,0.8285,0.7853,0.0432,nike_dunk_low_purple_court,0
808,0.983,0.0000,0.0000,0.0000,nike_dunk_low_purple_court,0
809,0.985,0.0000,0.0000,0.0000,,1
810,0.989,0.8289,0.7697,0.0592,nike_dunk_low_purple_court,0
811,0.988,0.0000,0.0000,0.0000,nike_dunk_low_purple_court,0
812,0.987,0.0000,0.0000,0.0000,nike_dunk_low_purple_court,0
813,0.989,0.8076,0.7586,0.0490,nike_dunk_low_purple_court,0
814,0.990,0.0000,0.0000,0.0000,nike_dunk_low_purple_court,0
815,0.989,0.0000,0.0000,0.0000,nike_dunk_low_purple_court,0
816,0.985,0.8127,0.7720,0.0408,nike_dunk_low_purple_court,0
817,0.984,0.0000,0.0000,0.0000,nike_dunk_low_purple_court,0
818,0.983,0.0000,0.0000,0.0000,,1
819,0.988,0.8094,0.7573,0.0522,nike_dunk_low_purple_court,0
820,0.987,0.0000,0.0000,0.0000,nike_dunk_low_purple_court,0
821,0.987,0.0000,0.0000,0.0000,nike_dunk_low_purple_court,0
822,0.988,0.8151,0.7685,0.0466,nike_dunk_low_purple_court,0
823,0.985,0.0000,0.0000,0.0000,nike_dunk_low_purple_court,0
824,0.987,0.0000,0.0000,0.0000,nike_dunk_low_purple_court,0
825,0.987,0.8158,0.7576,0.0582,nike_dunk_low_purple_court,0
826,0.988,0.0000,0.0000,0.0000,nike_dunk_low_purple_court,0
827,0.987,0.0000,0.0000,0.0000,nike_dunk_low_purple_court,0
828,0.984,0.8059,0.7530,0.0529,nike_dunk_low_purple_court,0
829,0.984,0.0000,0.0000,0.0000,nike_dunk_low_purple_court,0
830,0.988,0.0000,0.0000,0.0000,nike_dunk_low_purple_court,0
831,0.988,0.7931,0.7463,0.0468,nike_dunk_low_purple_court,0
832,0.981,0.0000,0.0000,0.0000,nike_dunk_low_purple_court,0
833,0.981,0.0000,0.0000,0.0000,nike_dunk_low_purple_court,0
834,0.986,0.8030,0.7546,0.0484,nike_dunk_low_purple_court,0
835,0.988,0.0000,0.0000,0.0000,nike_dunk_low_purple_court,0
836,0.986,0.0000,0.0000,0.0000,,1
837,0.986,0.8046,0.7500,0.0546,nike_dunk_low_purple_court,0
838,0.986,0.0000,0.0000,0.0000,nike_dunk_low_purple_court,0
839,0.986,0.0000,0.0000,0.0000,nike_dunk_low_purple_court,0
840,0.988,0.8010,0.7419,0.0591,nike_dunk_low_purple_court,0
841,0.990,0.0000,0.0000,0.0000,nike_dunk_low_purple_court,0
842,0.990,0.0000,0.0000,0.0000,nike_dunk_low_purple_court,0
843,0.988,0.8096,0.7599,0.0497,nike_dunk_low_purple_court,0
844,0.987,0.0000,0.0000,0.0000,nike_dunk_low_purple_court,0
845,0.990,0.0000,0.0000,0.0000,nike_dunk_low_purple_court,0
846,0.989,0.7822,0.7306,0.0516,nike_dunk_low_purple_court,0
847,0.990,0.0000,0.0000,0.0000,nike_dunk_low_purple_court,0
848,0.989,0.0000,0.0000,0.0000,nike_dunk_low_purple_court,0
849,0.989,0.7863,0.7347,0.0516,nike_dunk_low_purple_court,0
850,0.990,0.0000,0.0000,0.0000,nike_dunk_low_purple_court,0
851,0.990,0.0000,0.0000,0.0000,nike_dunk_low_purple_court,0
852,0.989,0.7875,0.7399,0.0476,nike_dunk_low_purple_court,0
853,0.990,0.0000,0.0000,0.0000,nike_dunk_low_purple_court,0
854,0.989,0.0000,0.0000,0.0000,nike_dunk_low_purple_court,0
855,0.987,0.7959,0.7449,0.0509,nike_dunk_low_purple_court,0
856,0.988,0.0000,0.0000,0.0000,nike_dunk_low_purple_court,0
857,0.988,0.0000,0.0000,0.0000,nike_dunk_low_purple_court,0
858,0.987,0.7843,0.7338,0.0504,nike_dunk_low_purple_court,0
859,0.990,0.0000,0.0000,0.0000,nike_dunk_low_purple_court,0
860,0.989,0.0000,0.0000,0.0000,nike_dunk_low_purple_court,0
861,0.988,0.7863,0.7384,0.0479,nike_dunk_low_purple_court,0
862,0.989,0.0000,0.0000,0.0000,nike_dunk_low_purple_court,0
863,0.990,0.0000,0.0000,0.0000,nike_dunk_low_purple_court,0
864,0.992,0.7917,0.7455,0.0462,nike_dunk_low_purple_court,0
865,0.991,0.0000,0.0000,0.0000,nike_dunk_low_purple_court,0
866,0.991,0.0000,0.0000,0.0000,,1
867,0.990,0.8257,0.7730,0.0526,nike_dunk_low_purple_court,0
868,0.989,0.0000,0.0000,0.0000,nike_dunk_low_purple_court,0
869,0.987,0.0000,0.0000,0.0000,nike_dunk_low_purple_court,0
870,0.990,0.7971,0.7375,0.0596,nike_dunk_low_purple_court,0
871,0.991,0.0000,0.0000,0.0000,nike_dunk_low_purple_court,0
872,0.991,0.0000,0.0000,0.0000,nike_dunk_low_purple_court,0
873,0.990,0.8275,0.7787,0.0488,nike_dunk_low_purple_court,0
874,0.989,0.0000,0.0000,0.0000,nike_dunk_low_purple_court,0
875,0.988,0.0000,0.0000,0.0000,nike_dunk_low_purple_court,0
876,0.989,0.8208,0.7740,0.0468,nike_dunk_low_purple_court,0
877,0.985,0.0000,0.0000,0.0000,nike_dunk_low_purple_court,0
878,0.984,0.0000,0.0000,0.0000,,1
879,0.984,0.8161,0.7715,0.0446,,1
880,0.984,0.0000,0.0000,0.0000,,1
881,0.988,0.0000,0.0000,0.0000,,1
882,0.987,0.8233,0.7852,0.0381,,1
883,0.984,0.0000,0.0000,0.0000,,1
884,0.989,0.0000,0.0000,0.0000,,1
885,0.987,0.8031,0.7415,0.0616,nike_dunk_low_purple_court,0
886,0.990,0.0000,0.0000,0.0000,nike_dunk_low_purple_court,0
887,0.990,0.0000,0.0000,0.0000,nike_dunk_low_purple_court,0
888,0.988,0.8042,0.7523,0.0519,nike_dunk_low_purple_court,0
889,0.988,0.0000,0.0000,0.0000,nike_dunk_low_purple_court,0
890,0.988,0.0000,0.0000,0.0000,nike_dunk_low_purple_court,0
891,0.990,0.7974,0.7480,0.0494,nike_dunk_low_purple_court,0
892,0.989,0.0000,0.0000,0.0000,nike_dunk_low_purple_court,0
893,0.987,0.0000,0.0000,0.0000,nike_dunk_low_purple_court,0
894,0.989,0.8221,0.7889,0.0332,nike_dunk_low_purple_court,0
895,0.987,0.0000,0.0000,0.0000,nike_dunk_low_purple_court,0
896,0.988,0.0000,0.0000,0.0000,,1
897,0.987,0.8183,0.7801,0.0382,,1
898,0.990,0.0000,0.0000,0.0000,,1
899,0.990,0.0000,0.0000,0.0000,,1
900,0.988,0.7852,0.7434,0.0418,,1
901,0.988,0.0000,0.0000,0.0000,,1
902,0.989,0.0000,0.0000,0.0000,,1
903,0.990,0.7981,0.7589,0.0392,,1
904,0.989,0.0000,0.0000,0.0000,,1
905,0.990,0.0000,0.0000,0.0000,,1
906,0.988,0.8019,0.7582,0.0437,,1
907,0.989,0.0000,0.0000,0.0000,,1
908,0.991,0.0000,0.0000,0.0000,,1
909,0.991,0.7827,0.7209,0.0618,nike_dunk_low_purple_court,0
910,0.995,0.0000,0.0000,0.0000,nike_dunk_low_purple_court,0
911,0.995,0.0000,0.0000,0.0000,nike_dunk_low_purple_court,0
912,0.997,0.8144,0.7633,0.0510,nike_dunk_low_purple_court,0
913,0.996,0.0000,0.0000,0.0000,nike_dunk_low_purple_court,0
914,0.990,0.0000,0.0000,0.0000,nike_dunk_low_purple_court,0
915,0.992,0.7991,0.7707,0.0283,nike_dunk_low_purple_court,0
916,0.992,0.0000,0.0000,0.0000,nike_dunk_low_purple_court,0
917,0.990,0.0000,0.0000,0.0000,nike_dunk_low_purple_court,0
918,0.977,0.8185,0.7730,0.0455,nike_dunk_low_purple_court,0
919,0.968,0.0000,0.0000,0.0000,nike_dunk_low_purple_court,0
920,0.789,0.0000,0.0000,0.0000,,1
920,0.755,0.0000,0.0000,0.0000,,1
921,0.944,0.7753,0.7733,0.0020,,1
922,0.826,0.0000,0.0000,0.0000,,1
923,0.792,0.0000,0.0000,0.0000,,1
924,0.464,0.7505,0.7485,0.0020,,1
925,0.515,0.0000,0.0000,0.0000,,1
935,0.268,0.0000,0.0000,0.0000,,1
936,0.274,0.4739,0.4473,0.0266,,1
937,0.265,0.0000,0.0000,0.0000,,1
940,0.408,0.0000,0.0000,0.0000,,1
941,0.546,0.0000,0.0000,0.0000,,1
942,0.384,0.6791,0.6773,0.0018,,1
942,0.328,0.5111,0.5057,0.0054,,1
943,0.446,0.0000,0.0000,0.0000,,1
944,0.562,0.0000,0.0000,0.0000,,1
945,0.686,0.4696,0.4599,0.0097,,1
946,0.564,0.0000,0.0000,0.0000,,1
947,0.511,0.0000,0.0000,0.0000,,1
948,0.324,0.7402,0.7393,0.0009,,1
951,0.473,0.7643,0.7568,0.0076,,1
952,0.256,0.0000,0.0000,0.0000,,1
953,0.832,0.0000,0.0000,0.0000,,1
954,0.925,0.7655,0.7447,0.0208,,1
955,0.779,0.0000,0.0000,0.0000,,1
956,0.726,0.0000,0.0000,0.0000,,1
957,0.777,0.7600,0.7566,0.0034,,1
958,0.640,0.0000,0.0000,0.0000,,1
959,0.577,0.0000,0.0000,0.0000,,1
960,0.843,0.8124,0.7859,0.0264,,1
961,0.783,0.0000,0.0000,0.0000,,1
962,0.894,0.0000,0.0000,0.0000,,1
963,0.790,0.7489,0.7189,0.0299,,1
964,0.631,0.0000,0.0000,0.0000,,1
965,0.746,0.0000,0.0000,0.0000,,1
966,0.874,0.7827,0.7494,0.0332,,1
967,0.879,0.0000,0.0000,0.0000,,1
968,0.854,0.0000,0.0000,0.0000,,1
969,0.890,0.7771,0.7582,0.0190,,1
970,0.891,0.0000,0.0000,0.0000,,1
971,0.894,0.0000,0.0000,0.0000,,1
972,0.901,0.7453,0.7251,0.0202,,1
973,0.809,0.0000,0.0000,0.0000,,1
974,0.840,0.0000,0.0000,0.0000,,1
975,0.808,0.7869,0.7690,0.0180,,1
976,0.863,0.0000,0.0000,0.0000,,1
977,0.885,0.0000,0.0000,0.0000,,1
978,0.849,0.7481,0.7379,0.0102,,1
979,0.854,0.0000,0.0000,0.0000,,1
980,0.909,0.0000,0.0000,0.0000,,1
981,0.912,0.7417,0.7385,0.0032,,1
982,0.906,0.0000,0.0000,0.0000,,1
983,0.889,0.0000,0.0000,0.0000,,1
984,0.898,0.7430,0.7334,0.0096,,1
985,0.902,0.0000,0.0000,0.0000,,1
986,0.845,0.0000,0.0000,0.0000,,1
987,0.864,0.7678,0.7076,0.0603,nike_dunk_low_purple_court,0
988,0.909,0.0000,0.0000,0.0000,nike_dunk_low_purple_court,0
989,0.891,0.0000,0.0000,0.0000,nike_dunk_low_purple_court,0
990,0.928,0.7641,0.7095,0.0546,nike_dunk_low_purple_court,0
991,0.944,0.0000,0.0000,0.0000,nike_dunk_low_purple_court,0
992,0.968,0.0000,0.0000,0.0000,nike_dunk_low_purple_court,0
993,0.936,0.8157,0.7544,0.0613,nike_dunk_low_purple_court,0
994,0.956,0.0000,0.0000,0.0000,nike_dunk_low_purple_court,0
995,0.954,0.0000,0.0000,0.0000,nike_dunk_low_purple_court,0
996,0.924,0.7749,0.7300,0.0449,nike_dunk_low_purple_court,0
997,0.913,0.0000,0.0000,0.0000,nike_dunk_low_purple_court,0
998,0.913,0.0000,0.0000,0.0000,nike_dunk_low_purple_court,0
999,0.873,0.7833,0.7408,0.0425,nike_dunk_low_purple_court,0
1000,0.939,0.0000,0.0000,0.0000,nike_dunk_low_purple_court,0
1001,0.967,0.0000,0.0000,0.0000,,1
1002,0.966,0.8132,0.7673,0.0458,,1
1003,0.956,0.0000,0.0000,0.0000,,1
1004,0.959,0.0000,0.0000,0.0000,,1
1005,0.954,0.8163,0.7792,0.0371,,1
1006,0.960,0.0000,0.0000,0.0000,,1
1007,0.961,0.0000,0.0000,0.0000,,1
1008,0.964,0.7948,0.7587,0.0361,,1
1009,0.967,0.0000,0.0000,0.0000,,1
1010,0.967,0.0000,0.0000,0.0000,,1
1011,0.961,0.8079,0.7743,0.0335,,1
1012,0.968,0.0000,0.0000,0.0000,,1
1013,0.969,0.0000,0.0000,0.0000,,1
1014,0.959,0.8121,0.7633,0.0488,,1
1015,0.952,0.0000,0.0000,0.0000,,1
1016,0.959,0.0000,0.0000,0.0000,,1
1017,0.969,0.8342,0.7828,0.0514,nike_dunk_low_purple_court,0
1018,0.964,0.0000,0.0000,0.0000,nike_dunk_low_purple_court,0
1019,0.926,0.0000,0.0000,0.0000,nike_dunk_low_purple_court,0
1020,0.914,0.7835,0.7445,0.0390,nike_dunk_low_purple_court,0
1021,0.877,0.0000,0.0000,0.0000,nike_dunk_low_purple_court,0
1022,0.872,0.0000,0.0000,0.0000,nike_dunk_low_purple_court,0
1023,0.860,0.8498,0.8202,0.0296,nike_dunk_low_purple_court,0
1024,0.889,0.0000,0.0000,0.0000,nike_dunk_low_purple_court,0
1025,0.913,0.0000,0.0000,0.0000,,1
1026,0.885,0.8224,0.7854,0.0369,,1
1027,0.948,0.0000,0.0000,0.0000,,1
1028,0.976,0.0000,0.0000,0.0000,,1
1029,0.977,0.8171,0.7749,0.0423,,1
1030,0.987,0.0000,0.0000,0.0000,,1
1031,0.988,0.0000,0.0000,0.0000,,1
1032,0.981,0.8291,0.7825,0.0466,,1
1033,0.985,0.0000,0.0000,0.0000,,1
1034,0.983,0.0000,0.0000,0.0000,,1
1035,0.987,0.8050,0.7320,0.0730,nike_dunk_low_purple_court,0
1036,0.989,0.0000,0.0000,0.0000,nike_dunk_low_purple_court,0
1037,0.979,0.0000,0.0000,0.0000,nike_dunk_low_purple_court,0
1038,0.987,0.8007,0.7378,0.0628,nike_dunk_low_purple_court,0
1039,0.988,0.0000,0.0000,0.0000,nike_dunk_low_purple_court,0
1040,0.991,0.0000,0.0000,0.0000,nike_dunk_low_purple_court,0
1041,0.992,0.8183,0.7557,0.0627,nike_dunk_low_purple_court,0
1042,0.992,0.0000,0.0000,0.0000,nike_dunk_low_purple_court,0
1043,0.992,0.0000,0.0000,0.0000,nike_dunk_low_purple_court,0
1044,0.992,0.8159,0.7592,0.0567,nike_dunk_low_purple_court,0
1045,0.991,0.0000,0.0000,0.0000,nike_dunk_low_purple_court,0
1046,0.991,0.0000,0.0000,0.0000,nike_dunk_low_purple_court,0
1047,0.988,0.8222,0.7652,0.0570,nike_dunk_low_purple_court,0
1048,0.989,0.0000,0.0000,0.0000,nike_dunk_low_purple_court,0
1049,0.991,0.0000,0.0000,0.0000,nike_dunk_low_purple_court,0
1050,0.990,0.8312,0.7623,0.0689,nike_dunk_low_purple_court,0
1051,0.990,0.0000,0.0000,0.0000,nike_dunk_low_purple_court,0
1052,0.990,0.0000,0.0000,0.0000,nike_dunk_low_purple_court,0
1053,0.989,0.8195,0.7601,0.0595,nike_dunk_low_purple_court,0
1054,0.989,0.0000,0.0000,0.0000,nike_dunk_low_purple_court,0
1055,0.992,0.0000,0.0000,0.0000,nike_dunk_low_purple_court,0
1056,0.991,0.8114,0.7477,0.0637,nike_dunk_low_purple_court,0
1057,0.991,0.0000,0.0000,0.0000,nike_dunk_low_purple_court,0
1058,0.992,0.0000,0.0000,0.0000,nike_dunk_low_purple_court,0
1059,0.991,0.8128,0.7419,0.0709,nike_dunk_low_purple_court,0
1060,0.989,0.0000,0.0000,0.0000,nike_dunk_low_purple_court,0
1061,0.989,0.0000,0.0000,0.0000,nike_dunk_low_purple_court,0
1062,0.989,0.8155,0.7557,0.0599,nike_dunk_low_purple_court,0
1063,0.988,0.0000,0.0000,0.0000,nike_dunk_low_purple_court,0
1064,0.989,0.0000,0.0000,0.0000,nike_dunk_low_purple_court,0
1065,0.989,0.8108,0.7434,0.0674,nike_dunk_low_purple_court,0
1066,0.988,0.0000,0.0000,0.0000,nike_dunk_low_purple_court,0
1067,0.988,0.0000,0.0000,0.0000,nike_dunk_low_purple_court,0
1068,0.988,0.8120,0.7464,0.0656,nike_dunk_low_purple_court,0
1069,0.988,0.0000,0.0000,0.0000,nike_dunk_low_purple_court,0
1070,0.988,0.0000,0.0000,0.0000,nike_dunk_low_purple_court,0
1071,0.988,0.8279,0.7743,0.0536,nike_dunk_low_purple_court,0
1072,0.988,0.0000,0.0000,0.0000,nike_dunk_low_purple_court,0
1073,0.988,0.0000,0.0000,0.0000,nike_dunk_low_purple_court,0
1074,0.987,0.8175,0.7785,0.0390,nike_dunk_low_purple_court,0
1075,0.987,0.0000,0.0000,0.0000,nike_dunk_low_purple_court,0
1076,0.989,0.0000,0.0000,0.0000,nike_dunk_low_purple_court,0
1077,0.987,0.8249,0.7685,0.0564,nike_dunk_low_purple_court,0
1078,0.987,0.0000,0.0000,0.0000,nike_dunk_low_purple_court,0
1079,0.986,0.0000,0.0000,0.0000,nike_dunk_low_purple_court,0
1080,0.988,0.8112,0.7553,0.0559,nike_dunk_low_purple_court,0
1081,0.988,0.0000,0.0000,0.0000,nike_dunk_low_purple_court,0
1082,0.988,0.0000,0.0000,0.0000,nike_dunk_low_purple_court,0
1083,0.988,0.8126,0.7518,0.0609,nike_dunk_low_purple_court,0
1084,0.989,0.0000,0.0000,0.0000,nike_dunk_low_purple_court,0
1085,0.989,0.0000,0.0000,0.0000,nike_dunk_low_purple_court,0
1086,0.990,0.8429,0.8020,0.0408,nike_dunk_low_purple_court,0
1087,0.989,0.0000,0.0000,0.0000,nike_dunk_low_purple_court,0
1088,0.987,0.0000,0.0000,0.0000,nike_dunk_low_purple_court,0
1089,0.989,0.8256,0.7775,0.0481,nike_dunk_low_purple_court,0
1090,0.988,0.0000,0.0000,0.0000,nike_dunk_low_purple_court,0
1091,0.989,0.0000,0.0000,0.0000,,1
1092,0.990,0.8236,0.7813,0.0423,,1
1093,0.989,0.0000,0.0000,0.0000,,1
1094,0.991,0.0000,0.0000,0.0000,,1
1095,0.990,0.8060,0.7549,0.0511,nike_dunk_low_purple_court,0
1096,0.990,0.0000,0.0000,0.0000,nike_dunk_low_purple_court,0
1097,0.989,0.0000,0.0000,0.0000,nike_dunk_low_purple_court,0
1098,0.990,0.7914,0.7284,0.0629,nike_dunk_low_purple_court,0
1099,0.991,0.0000,0.0000,0.0000,nike_dunk_low_purple_court,0
1100,0.990,0.0000,0.0000,0.0000,nike_dunk_low_purple_court,0
1101,0.990,0.8339,0.7831,0.0509,nike_dunk_low_purple_court,0
1102,0.989,0.0000,0.0000,0.0000,nike_dunk_low_purple_court,0
1103,0.987,0.0000,0.0000,0.0000,nike_dunk_low_purple_court,0
1104,0.988,0.8164,0.7533,0.0631,nike_dunk_low_purple_court,0
1105,0.987,0.0000,0.0000,0.0000,nike_dunk_low_purple_court,0
1106,0.988,0.0000,0.0000,0.0000,nike_dunk_low_purple_court,0
1107,0.987,0.8158,0.7545,0.0613,nike_dunk_low_purple_court,0
1108,0.984,0.0000,0.0000,0.0000,nike_dunk_low_purple_court,0
1109,0.985,0.0000,0.0000,0.0000,nike_dunk_low_purple_court,0
1110,0.986,0.8166,0.7685,0.0481,nike_dunk_low_purple_court,0
1111,0.988,0.0000,0.0000,0.0000,nike_dunk_low_purple_court,0
1112,0.988,0.0000,0.0000,0.0000,nike_dunk_low_purple_court,0
1113,0.988,0.8229,0.7800,0.0429,nike_dunk_low_purple_court,0
1114,0.988,0.0000,0.0000,0.0000,nike_dunk_low_purple_court,0
1115,0.988,0.0000,0.0000,0.0000,,1
1116,0.988,0.8055,0.7465,0.0590,nike_dunk_low_purple_court,0
1117,0.986,0.0000,0.0000,0.0000,nike_dunk_low_purple_court,0
1118,0.987,0.0000,0.0000,0.0000,nike_dunk_low_purple_court,0
1119,0.984,0.7825,0.7306,0.0519,nike_dunk_low_purple_court,0
1120,0.982,0.0000,0.0000,0.0000,nike_dunk_low_purple_court,0
1121,0.966,0.0000,0.0000,0.0000,nike_dunk_low_purple_court,0
1122,0.721,0.6887,0.6805,0.0082,nike_dunk_low_purple_court,0
1123,0.541,0.0000,0.0000,0.0000,nike_dunk_low_purple_court,0
1124,0.336,0.0000,0.0000,0.0000,nike_dunk_low_purple_court,0
1124,0.334,0.0000,0.0000,0.0000,,1
1129,0.304,0.0000,0.0000,0.0000,nike_dunk_low_purple_court,0
1130,0.482,0.0000,0.0000,0.0000,nike_dunk_low_purple_court,0
1131,0.346,0.4835,0.4792,0.0043,,1
1147,0.386,0.0000,0.0000,0.0000,,1
1148,0.426,0.0000,0.0000,0.0000,,1
1150,0.271,0.0000,0.0000,0.0000,,1
1152,0.304,0.5486,0.5227,0.0259,,1
1153,0.285,0.0000,0.0000,0.0000,,1
1156,0.330,0.0000,0.0000,0.0000,,1
1157,0.544,0.0000,0.0000,0.0000,,1
1161,0.422,0.4942,0.4908,0.0034,,1
1162,0.503,0.0000,0.0000,0.0000,,1
1165,0.284,0.0000,0.0000,0.0000,,1
1166,0.289,0.0000,0.0000,0.0000,,1
1167,0.344,0.4746,0.4682,0.0064,,1
1169,0.283,0.0000,0.0000,0.0000,,1
1170,0.621,0.4952,0.4950,0.0002,,1
1171,0.790,0.0000,0.0000,0.0000,,1
1172,0.873,0.0000,0.0000,0.0000,,1
1173,0.402,0.4812,0.4704,0.0108,,1
1174,0.272,0.0000,0.0000,0.0000,,1
1175,0.555,0.0000,0.0000,0.0000,,1
1176,0.288,0.4764,0.4675,0.0090,,1
1179,0.548,0.4765,0.4711,0.0054,,1
1,0.517,0.0000,0.0000,0.0000,,1
2,0.531,0.0000,0.0000,0.0000,,1
6,0.478,0.4598,0.4269,0.0329,,1
8,0.316,0.0000,0.0000,0.0000,,1
9,0.299,0.4675,0.4407,0.0268,,1
10,0.254,0.0000,0.0000,0.0000,,1
11,0.292,0.0000,0.0000,0.0000,,1
13,0.370,0.0000,0.0000,0.0000,,1
39,0.513,0.4760,0.4531,0.0229,,1
40,0.544,0.0000,0.0000,0.0000,,1
41,0.569,0.0000,0.0000,0.0000,,1
77,0.378,0.0000,0.0000,0.0000,,1
78,0.562,0.5110,0.4847,0.0263,,1
81,0.412,0.5055,0.4964,0.0091,,1
82,0.470,0.0000,0.0000,0.0000,,1
85,0.703,0.0000,0.0000,0.0000,,1
86,0.778,0.0000,0.0000,0.0000,,1
87,0.496,0.4900,0.4735,0.0165,,1
88,0.567,0.0000,0.0000,0.0000,,1
95,0.326,0.0000,0.0000,0.0000,,1
96,0.427,0.4504,0.4431,0.0073,,1
97,0.348,0.0000,0.0000,0.0000,,1
98,0.300,0.0000,0.0000,0.0000,,1
99,0.359,0.4709,0.4644,0.0066,,1
100,0.320,0.0000,0.0000,0.0000,,1
104,0.316,0.0000,0.0000,0.0000,,1
105,0.284,0.4764,0.4546,0.0217,,1
107,0.261,0.0000,0.0000,0.0000,,1
108,0.559,0.4774,0.4614,0.0161,,1
109,0.568,0.0000,0.0000,0.0000,,1
125,0.681,0.0000,0.0000,0.0000,,1
126,0.774,0.4759,0.4655,0.0104,,1
127,0.386,0.0000,0.0000,0.0000,,1
128,0.504,0.0000,0.0000,0.0000,,1
129,0.478,0.4745,0.4609,0.0136,,1
130,0.252,0.0000,0.0000,0.0000,,1
132,0.255,0.4648,0.4495,0.0153,,1
133,0.629,0.0000,0.0000,0.0000,,1
134,0.612,0.0000,0.0000,0.0000,,1
135,0.358,0.4889,0.4595,0.0294,,1
136,0.316,0.0000,0.0000,0.0000,,1
137,0.406,0.0000,0.0000,0.0000,,1
139,0.545,0.0000,0.0000,0.0000,,1
140,0.572,0.0000,0.0000,0.0000,,1
141,0.543,0.4849,0.4658,0.0192,,1
142,0.468,0.0000,0.0000,0.0000,,1
144,0.309,0.5736,0.5560,0.0176,,1
146,0.271,0.0000,0.0000,0.0000,,1
151,0.404,0.0000,0.0000,0.0000,,1
156,0.469,0.6066,0.5977,0.0089,,1
157,0.309,0.0000,0.0000,0.0000,,1
157,0.257,0.0000,0.0000,0.0000,,1
158,0.345,0.0000,0.0000,0.0000,,1
159,0.770,0.6720,0.6634,0.0086,,1
160,0.680,0.0000,0.0000,0.0000,,1
161,0.827,0.0000,0.0000,0.0000,,1
162,0.341,0.7044,0.6929,0.0115,,1
163,0.900,0.0000,0.0000,0.0000,,1
164,0.978,0.0000,0.0000,0.0000,,1
165,0.960,0.7912,0.7763,0.0149,,1
166,0.956,0.0000,0.0000,0.0000,,1
167,0.971,0.0000,0.0000,0.0000,,1
168,0.962,0.7357,0.6913,0.0445,,1
169,0.961,0.0000,0.0000,0.0000,,1
170,0.933,0.0000,0.0000,0.0000,,1
171,0.933,0.7561,0.7101,0.0460,,1
172,0.832,0.0000,0.0000,0.0000,,1
173,0.934,0.0000,0.0000,0.0000,,1
174,0.946,0.7806,0.7375,0.0431,,1
175,0.974,0.0000,0.0000,0.0000,,1
176,0.962,0.0000,0.0000,0.0000,,1
177,0.980,0.7573,0.7217,0.0356,,1
178,0.986,0.0000,0.0000,0.0000,,1
179,0.985,0.0000,0.0000,0.0000,,1
180,0.986,0.7693,0.7241,0.0452,,1
181,0.989,0.0000,0.0000,0.0000,,1
182,0.970,0.0000,0.0000,0.0000,,1
183,0.978,0.7675,0.7352,0.0323,,1
184,0.979,0.0000,0.0000,0.0000,,1
185,0.984,0.0000,0.0000,0.0000,,1
186,0.987,0.7832,0.7399,0.0433,,1
187,0.987,0.0000,0.0000,0.0000,,1
188,0.988,0.0000,0.0000,0.0000,,1
189,0.987,0.8050,0.7602,0.0448,,1
190,0.988,0.0000,0.0000,0.0000,,1
191,0.988,0.0000,0.0000,0.0000,,1
192,0.989,0.8129,0.7589,0.0539,nike_dunk_low_purple_court,0
193,0.988,0.0000,0.0000,0.0000,nike_dunk_low_purple_court,0
194,0.987,0.0000,0.0000,0.0000,nike_dunk_low_purple_court,0
195,0.989,0.8048,0.7498,0.0551,nike_dunk_low_purple_court,0
196,0.989,0.0000,0.0000,0.0000,nike_dunk_low_purple_court,0
197,0.991,0.0000,0.0000,0.0000,nike_dunk_low_purple_court,0
198,0.991,0.8058,0.7411,0.0647,nike_dunk_low_purple_court,0
199,0.990,0.0000,0.0000,0.0000,nike_dunk_low_purple_court,0
200,0.990,0.0000,0.0000,0.0000,nike_dunk_low_purple_court,0
201,0.991,0.8030,0.7422,0.0608,nike_dunk_low_purple_court,0
202,0.990,0.0000,0.0000,0.0000,nike_dunk_low_purple_court,0
203,0.989,0.0000,0.0000,0.0000,nike_dunk_low_purple_court,0
204,0.990,0.7892,0.7293,0.0600,nike_dunk_low_purple_court,0
205,0.990,0.0000,0.0000,0.0000,nike_dunk_low_purple_court,0
206,0.990,0.0000,0.0000,0.0000,nike_dunk_low_purple_court,0
207,0.990,0.8098,0.7533,0.0565,nike_dunk_low_purple_court,0
208,0.990,0.0000,0.0000,0.0000,nike_dunk_low_purple_court,0
209,0.988,0.0000,0.0000,0.0000,nike_dunk_low_purple_court,0
210,0.988,0.8034,0.7472,0.0562,nike_dunk_low_purple_court,0
211,0.989,0.0000,0.0000,0.0000,nike_dunk_low_purple_court,0
212,0.990,0.0000,0.0000,0.0000,nike_dunk_low_purple_court,0
213,0.990,0.8123,0.7651,0.0472,nike_dunk_low_purple_court,0
214,0.989,0.0000,0.0000,0.0000,nike_dunk_low_purple_court,0
215,0.990,0.0000,0.0000,0.0000,nike_dunk_low_purple_court,0
216,0.989,0.7961,0.7466,0.0496,nike_dunk_low_purple_court,0
217,0.989,0.0000,0.0000,0.0000,nike_dunk_low_purple_court,0
218,0.987,0.0000,0.0000,0.0000,,1
219,0.986,0.7940,0.7353,0.0586,nike_dunk_low_purple_court,0
220,0.988,0.0000,0.0000,0.0000,nike_dunk_low_purple_court,0
221,0.989,0.0000,0.0000,0.0000,nike_dunk_low_purple_court,0
222,0.989,0.7873,0.7279,0.0593,nike_dunk_low_purple_court,0
223,0.990,0.0000,0.0000,0.0000,nike_dunk_low_purple_court,0
224,0.989,0.0000,0.0000,0.0000,nike_dunk_low_purple_court,0
225,0.990,0.7816,0.7350,0.0466,nike_dunk_low_purple_court,0
226,0.989,0.0000,0.0000,0.0000,nike_dunk_low_purple_court,0
227,0.990,0.0000,0.0000,0.0000,nike_dunk_low_purple_court,0
228,0.990,0.7762,0.7286,0.0476,nike_dunk_low_purple_court,0
229,0.991,0.0000,0.0000,0.0000,nike_dunk_low_purple_court,0
230,0.991,0.0000,0.0000,0.0000,,1
231,0.988,0.7987,0.7604,0.0383,,1
232,0.989,0.0000,0.0000,0.0000,,1
233,0.991,0.0000,0.0000,0.0000,,1
234,0.991,0.7978,0.7656,0.0322,,1
235,0.992,0.0000,0.0000,0.0000,,1
236,0.992,0.0000,0.0000,0.0000,,1
237,0.990,0.8060,0.7587,0.0473,,1
238,0.990,0.0000,0.0000,0.0000,,1
239,0.988,0.0000,0.0000,0.0000,,1
240,0.989,0.7801,0.7374,0.0427,,1
241,0.989,0.0000,0.0000,0.0000,,1
242,0.986,0.0000,0.0000,0.0000,,1
243,0.979,0.7956,0.7604,0.0352,,1
244,0.975,0.0000,0.0000,0.0000,,1
245,0.986,0.0000,0.0000,0.0000,,1
246,0.981,0.7407,0.7028,0.0378,,1
247,0.973,0.0000,0.0000,0.0000,,1
248,0.975,0.0000,0.0000,0.0000,,1
249,0.980,0.7599,0.7426,0.0173,,1
250,0.981,0.0000,0.0000,0.0000,,1
251,0.973,0.0000,0.0000,0.0000,,1
252,0.986,0.7616,0.7335,0.0282,,1
253,0.989,0.0000,0.0000,0.0000,,1
254,0.986,0.0000,0.0000,0.0000,,1
255,0.985,0.7701,0.7367,0.0334,,1
256,0.986,0.0000,0.0000,0.0000,,1
257,0.983,0.0000,0.0000,0.0000,,1
258,0.985,0.7570,0.7363,0.0208,,1
259,0.984,0.0000,0.0000,0.0000,,1
260,0.978,0.0000,0.0000,0.0000,,1
261,0.985,0.8184,0.7890,0.0294,,1
262,0.988,0.0000,0.0000,0.0000,,1
263,0.988,0.0000,0.0000,0.0000,,1
264,0.986,0.8109,0.7745,0.0364,,1
264,0.311,0.6793,0.6602,0.0190,,1
265,0.990,0.0000,0.0000,0.0000,,1
266,0.990,0.0000,0.0000,0.0000,,1
267,0.988,0.8162,0.7731,0.0431,,1
268,0.987,0.0000,0.0000,0.0000,,1
269,0.987,0.0000,0.0000,0.0000,,1
270,0.989,0.8084,0.7695,0.0389,,1
271,0.989,0.0000,0.0000,0.0000,,1
272,0.988,0.0000,0.0000,0.0000,,1
273,0.989,0.8023,0.7697,0.0325,,1
274,0.991,0.0000,0.0000,0.0000,,1
275,0.990,0.0000,0.0000,0.0000,,1
276,0.990,0.8096,0.7666,0.0430,,1
277,0.991,0.0000,0.0000,0.0000,,1
278,0.991,0.0000,0.0000,0.0000,,1
279,0.992,0.8149,0.7698,0.0452,,1
280,0.991,0.0000,0.0000,0.0000,,1
281,0.991,0.0000,0.0000,0.0000,,1
282,0.990,0.8111,0.7804,0.0307,,1
283,0.990,0.0000,0.0000,0.0000,,1
284,0.990,0.0000,0.0000,0.0000,,1
285,0.991,0.8025,0.7782,0.0242,,1
286,0.992,0.0000,0.0000,0.0000,,1
287,0.989,0.0000,0.0000,0.0000,,1
288,0.991,0.7844,0.7416,0.0428,,1
289,0.991,0.0000,0.0000,0.0000,,1
290,0.987,0.0000,0.0000,0.0000,,1
291,0.983,0.7604,0.7218,0.0386,,1
291,0.783,0.7317,0.7031,0.0285,,1
292,0.992,0.0000,0.0000,0.0000,,1
293,0.996,0.0000,0.0000,0.0000,,1
293,0.516,0.0000,0.0000,0.0000,,1
294,0.996,0.7864,0.7427,0.0438,,1
295,0.995,0.0000,0.0000,0.0000,,1
296,0.994,0.0000,0.0000,0.0000,,1
297,0.993,0.7631,0.7477,0.0154,,1
298,0.995,0.0000,0.0000,0.0000,,1
299,0.994,0.0000,0.0000,0.0000,,1
300,0.994,0.7905,0.7534,0.0371,,1
300,0.353,0.7582,0.7325,0.0257,,1
301,0.995,0.0000,0.0000,0.0000,,1
302,0.996,0.0000,0.0000,0.0000,,1
303,0.996,0.7774,0.7377,0.0397,,1
304,0.995,0.0000,0.0000,0.0000,,1
305,0.996,0.0000,0.0000,0.0000,,1
306,0.996,0.7892,0.7505,0.0386,,1
307,0.996,0.0000,0.0000,0.0000,,1
308,0.996,0.0000,0.0000,0.0000,,1
309,0.996,0.7899,0.7485,0.0414,,1
310,0.996,0.0000,0.0000,0.0000,,1
311,0.996,0.0000,0.0000,0.0000,,1
312,0.996,0.7739,0.7491,0.0248,,1
313,0.996,0.0000,0.0000,0.0000,,1
314,0.996,0.0000,0.0000,0.0000,,1
315,0.996,0.7853,0.7611,0.0242,,1
316,0.996,0.0000,0.0000,0.0000,,1
317,0.996,0.0000,0.0000,0.0000,,1
318,0.997,0.7877,0.7581,0.0296,,1
319,0.996,0.0000,0.0000,0.0000,,1
320,0.996,0.0000,0.0000,0.0000,,1
321,0.995,0.7996,0.7582,0.0414,,1
322,0.994,0.0000,0.0000,0.0000,,1
323,0.989,0.0000,0.0000,0.0000,,1
324,0.991,0.7903,0.7619,0.0283,,1
325,0.990,0.0000,0.0000,0.0000,,1
325,0.631,0.0000,0.0000,0.0000,,1
326,0.982,0.0000,0.0000,0.0000,,1
327,0.984,0.7636,0.7437,0.0199,,1
328,0.988,0.0000,0.0000,0.0000,,1
329,0.989,0.0000,0.0000,0.0000,,1
330,0.979,0.7487,0.7190,0.0297,,1
331,0.908,0.0000,0.0000,0.0000,,1
332,0.358,0.0000,0.0000,0.0000,,1
334,0.290,0.0000,0.0000,0.0000,,1
335,0.296,0.0000,0.0000,0.0000,,1
336,0.392,0.6902,0.6836,0.0066,,1
337,0.791,0.0000,0.0000,0.0000,,1
341,0.830,0.0000,0.0000,0.0000,,1
342,0.961,0.7411,0.7226,0.0185,,1
343,0.967,0.0000,0.0000,0.0000,,1
344,0.982,0.0000,0.0000,0.0000,,1
345,0.965,0.7568,0.7187,0.0381,,1
346,0.749,0.0000,0.0000,0.0000,,1
347,0.668,0.0000,0.0000,0.0000,,1
350,0.975,0.0000,0.0000,0.0000,,1
351,0.920,0.7208,0.7095,0.0113,,1
352,0.750,0.0000,0.0000,0.0000,,1
353,0.929,0.0000,0.0000,0.0000,,1
354,0.950,0.7503,0.7291,0.0212,,1
355,0.344,0.0000,0.0000,0.0000,,1
357,0.962,0.5559,0.5483,0.0075,,1
358,0.980,0.0000,0.0000,0.0000,,1
359,0.982,0.0000,0.0000,0.0000,,1
360,0.976,0.7191,0.6642,0.0549,nike_dunk_low_purple_court,0
361,0.942,0.0000,0.0000,0.0000,nike_dunk_low_purple_court,0
362,0.995,0.0000,0.0000,0.0000,nike_dunk_low_purple_court,0
363,0.996,0.7791,0.7365,0.0426,nike_dunk_low_purple_court,0
364,0.996,0.0000,0.0000,0.0000,nike_dunk_low_purple_court,0
365,0.993,0.0000,0.0000,0.0000,nike_dunk_low_purple_court,0
366,0.990,0.7730,0.7359,0.0371,nike_dunk_low_purple_court,0
367,0.990,0.0000,0.0000,0.0000,nike_dunk_low_purple_court,0
368,0.990,0.0000,0.0000,0.0000,,1
369,0.987,0.7727,0.7238,0.0490,,1
370,0.986,0.0000,0.0000,0.0000,,1
371,0.989,0.0000,0.0000,0.0000,,1
372,0.991,0.7917,0.7326,0.0591,nike_dunk_low_purple_court,0
373,0.989,0.0000,0.0000,0.0000,nike_dunk_low_purple_court,0
374,0.993,0.0000,0.0000,0.0000,nike_dunk_low_purple_court,0
375,0.991,0.7697,0.7113,0.0584,nike_dunk_low_purple_court,0
376,0.991,0.0000,0.0000,0.0000,nike_dunk_low_purple_court,0
377,0.987,0.0000,0.0000,0.0000,nike_dunk_low_purple_court,0
378,0.982,0.7633,0.6981,0.0652,nike_dunk_low_purple_court,0
379,0.987,0.0000,0.0000,0.0000,nike_dunk_low_purple_court,0
380,0.984,0.0000,0.0000,0.0000,nike_dunk_low_purple_court,0
381,0.986,0.7620,0.7182,0.0438,nike_dunk_low_purple_court,0
382,0.988,0.0000,0.0000,0.0000,nike_dunk_low_purple_court,0
383,0.985,0.0000,0.0000,0.0000,nike_dunk_low_purple_court,0
384,0.988,0.7633,0.7099,0.0534,nike_dunk_low_purple_court,0
385,0.988,0.0000,0.0000,0.0000,nike_dunk_low_purple_court,0
386,0.989,0.0000,0.0000,0.0000,nike_dunk_low_purple_court,0
387,0.987,0.7368,0.6873,0.0495,nike_dunk_low_purple_court,0
388,0.985,0.0000,0.0000,0.0000,nike_dunk_low_purple_court,0
389,0.987,0.0000,0.0000,0.0000,nike_dunk_low_purple_court,0
390,0.987,0.7745,0.7212,0.0533,nike_dunk_low_purple_court,0
391,0.986,0.0000,0.0000,0.0000,nike_dunk_low_purple_court,0
392,0.983,0.0000,0.0000,0.0000,nike_dunk_low_purple_court,0
393,0.984,0.7649,0.7174,0.0475,nike_dunk_low_purple_court,0
394,0.983,0.0000,0.0000,0.0000,nike_dunk_low_purple_court,0
395,0.984,0.0000,0.0000,0.0000,nike_dunk_low_purple_court,0
396,0.983,0.7884,0.7336,0.0547,nike_dunk_low_purple_court,0
397,0.983,0.0000,0.0000,0.0000,nike_dunk_low_purple_court,0
398,0.981,0.0000,0.0000,0.0000,nike_dunk_low_purple_court,0
399,0.983,0.7745,0.7228,0.0517,nike_dunk_low_purple_court,0
400,0.982,0.0000,0.0000,0.0000,nike_dunk_low_purple_court,0
401,0.980,0.0000,0.0000,0.0000,nike_dunk_low_purple_court,0
402,0.981,0.7679,0.7081,0.0598,nike_dunk_low_purple_court,0
403,0.982,0.0000,0.0000,0.0000,nike_dunk_low_purple_court,0
404,0.982,0.0000,0.0000,0.0000,nike_dunk_low_purple_court,0
405,0.980,0.7865,0.7296,0.0569,nike_dunk_low_purple_court,0
406,0.981,0.0000,0.0000,0.0000,nike_dunk_low_purple_court,0
407,0.984,0.0000,0.0000,0.0000,nike_dunk_low_purple_court,0
408,0.983,0.7792,0.7342,0.0450,nike_dunk_low_purple_court,0
409,0.980,0.0000,0.0000,0.0000,nike_dunk_low_purple_court,0
410,0.982,0.0000,0.0000,0.0000,nike_dunk_low_purple_court,0
411,0.979,0.7608,0.7000,0.0608,nike_dunk_low_purple_court,0
412,0.978,0.0000,0.0000,0.0000,nike_dunk_low_purple_court,0
413,0.980,0.0000,0.0000,0.0000,nike_dunk_low_purple_court,0
414,0.980,0.7788,0.7185,0.0603,nike_dunk_low_purple_court,0
415,0.979,0.0000,0.0000,0.0000,nike_dunk_low_purple_court,0
416,0.980,0.0000,0.0000,0.0000,nike_dunk_low_purple_court,0
417,0.978,0.7668,0.7139,0.0529,nike_dunk_low_purple_court,0
418,0.980,0.0000,0.0000,0.0000,nike_dunk_low_purple_court,0
419,0.978,0.0000,0.0000,0.0000,nike_dunk_low_purple_court,0
420,0.980,0.7737,0.7268,0.0469,nike_dunk_low_purple_court,0
421,0.979,0.0000,0.0000,0.0000,nike_dunk_low_purple_court,0
422,0.980,0.0000,0.0000,0.0000,nike_dunk_low_purple_court,0
423,0.977,0.7750,0.7353,0.0398,nike_dunk_low_purple_court,0
424,0.980,0.0000,0.0000,0.0000,nike_dunk_low_purple_court,0
425,0.977,0.0000,0.0000,0.0000,,1
426,0.979,0.7613,0.7225,0.0388,,1
427,0.982,0.0000,0.0000,0.0000,,1
428,0.982,0.0000,0.0000,0.0000,,1
429,0.983,0.7423,0.6981,0.0442,,1
430,0.984,0.0000,0.0000,0.0000,,1
431,0.984,0.0000,0.0000,0.0000,,1
432,0.982,0.7516,0.7177,0.0339,,1
433,0.984,0.0000,0.0000,0.0000,,1
434,0.982,0.0000,0.0000,0.0000,,1
435,0.981,0.7819,0.7330,0.0489,,1
436,0.979,0.0000,0.0000,0.0000,,1
437,0.979,0.0000,0.0000,0.0000,,1
438,0.977,0.7893,0.7499,0.0394,,1
439,0.975,0.0000,0.0000,0.0000,,1
439,0.499,0.0000,0.0000,0.0000,,1
440,0.977,0.0000,0.0000,0.0000,,1
441,0.979,0.7802,0.7308,0.0493,,1
441,0.556,0.7137,0.6986,0.0151,,1
442,0.978,0.0000,0.0000,0.0000,,1
442,0.400,0.0000,0.0000,0.0000,,1
443,0.990,0.0000,0.0000,0.0000,,1
443,0.311,0.0000,0.0000,0.0000,,1
444,0.989,0.7754,0.7252,0.0502,nike_dunk_low_purple_court,0
444,0.343,0.7012,0.6836,0.0175,,1
445,0.986,0.0000,0.0000,0.0000,nike_dunk_low_purple_court,0
445,0.545,0.0000,0.0000,0.0000,,1
446,0.992,0.0000,0.0000,0.0000,nike_dunk_low_purple_court,0
446,0.393,0.0000,0.0000,0.0000,,1
447,0.995,0.7743,0.7386,0.0357,nike_dunk_low_purple_court,0
448,0.994,0.0000,0.0000,0.0000,nike_dunk_low_purple_court,0
449,0.995,0.0000,0.0000,0.0000,nike_dunk_low_purple_court,0
450,0.995,0.8042,0.7478,0.0564,nike_dunk_low_purple_court,0
451,0.994,0.0000,0.0000,0.0000,nike_dunk_low_purple_court,0
452,0.995,0.0000,0.0000,0.0000,nike_dunk_low_purple_court,0
453,0.995,0.8086,0.7521,0.0565,nike_dunk_low_purple_court,0
454,0.995,0.0000,0.0000,0.0000,nike_dunk_low_purple_court,0
455,0.995,0.0000,0.0000,0.0000,nike_dunk_low_purple_court,0
456,0.995,0.8065,0.7553,0.0512,nike_dunk_low_purple_court,0
457,0.995,0.0000,0.0000,0.0000,nike_dunk_low_purple_court,0
458,0.994,0.0000,0.0000,0.0000,nike_dunk_low_purple_court,0
459,0.994,0.7928,0.7393,0.0535,nike_dunk_low_purple_court,0
460,0.995,0.0000,0.0000,0.0000,nike_dunk_low_purple_court,0
461,0.994,0.0000,0.0000,0.0000,nike_dunk_low_purple_court,0
462,0.994,0.7806,0.7228,0.0578,nike_dunk_low_purple_court,0
463,0.994,0.0000,0.0000,0.0000,nike_dunk_low_purple_court,0
464,0.994,0.0000,0.0000,0.0000,nike_dunk_low_purple_court,0
465,0.994,0.7888,0.7319,0.0569,nike_dunk_low_purple_court,0
466,0.994,0.0000,0.0000,0.0000,nike_dunk_low_purple_court,0
467,0.994,0.0000,0.0000,0.0000,nike_dunk_low_purple_court,0
468,0.994,0.7648,0.7031,0.0618,nike_dunk_low_purple_court,0
469,0.994,0.0000,0.0000,0.0000,nike_dunk_low_purple_court,0
470,0.994,0.0000,0.0000,0.0000,nike_dunk_low_purple_court,0
471,0.994,0.7870,0.7362,0.0508,nike_dunk_low_purple_court,0
472,0.994,0.0000,0.0000,0.0000,nike_dunk_low_purple_court,0
473,0.994,0.0000,0.0000,0.0000,nike_dunk_low_purple_court,0
474,0.994,0.7957,0.7395,0.0562,nike_dunk_low_purple_court,0
475,0.994,0.0000,0.0000,0.0000,nike_dunk_low_purple_court,0
476,0.994,0.0000,0.0000,0.0000,nike_dunk_low_purple_court,0
477,0.994,0.7966,0.7496,0.0470,nike_dunk_low_purple_court,0
478,0.994,0.0000,0.0000,0.0000,nike_dunk_low_purple_court,0
479,0.995,0.0000,0.0000,0.0000,nike_dunk_low_purple_court,0
480,0.995,0.7871,0.7332,0.0539,nike_dunk_low_purple_court,0
481,0.995,0.0000,0.0000,0.0000,nike_dunk_low_purple_court,0
482,0.994,0.0000,0.0000,0.0000,nike_dunk_low_purple_court,0
483,0.994,0.7990,0.7430,0.0560,nike_dunk_low_purple_court,0
484,0.994,0.0000,0.0000,0.0000,nike_dunk_low_purple_court,0
485,0.994,0.0000,0.0000,0.0000,nike_dunk_low_purple_court,0
486,0.994,0.8123,0.7575,0.0548,nike_dunk_low_purple_court,0
487,0.995,0.0000,0.0000,0.0000,nike_dunk_low_purple_court,0
488,0.995,0.0000,0.0000,0.0000,nike_dunk_low_purple_court,0
489,0.994,0.7842,0.7252,0.0590,nike_dunk_low_purple_court,0
490,0.994,0.0000,0.0000,0.0000,nike_dunk_low_purple_court,0
491,0.994,0.0000,0.0000,0.0000,nike_dunk_low_purple_court,0
492,0.994,0.7929,0.7375,0.0554,nike_dunk_low_purple_court,0
493,0.994,0.0000,0.0000,0.0000,nike_dunk_low_purple_court,0
494,0.994,0.0000,0.0000,0.0000,nike_dunk_low_purple_court,0
495,0.994,0.7739,0.7172,0.0567,nike_dunk_low_purple_court,0
496,0.994,0.0000,0.0000,0.0000,nike_dunk_low_purple_court,0
497,0.994,0.0000,0.0000,0.0000,nike_dunk_low_purple_court,0
498,0.993,0.7925,0.7366,0.0559,nike_dunk_low_purple_court,0
499,0.993,0.0000,0.0000,0.0000,nike_dunk_low_purple_court,0
500,0.994,0.0000,0.0000,0.0000,nike_dunk_low_purple_court,0
501,0.994,0.7823,0.7209,0.0614,nike_dunk_low_purple_court,0
502,0.994,0.0000,0.0000,0.0000,nike_dunk_low_purple_court,0
503,0.994,0.0000,0.0000,0.0000,nike_dunk_low_purple_court,0
504,0.994,0.7979,0.7471,0.0507,nike_dunk_low_purple_court,0
505,0.993,0.0000,0.0000,0.0000,nike_dunk_low_purple_court,0
506,0.993,0.0000,0.0000,0.0000,nike_dunk_low_purple_court,0
507,0.994,0.7949,0.7515,0.0434,nike_dunk_low_purple_court,0
508,0.994,0.0000,0.0000,0.0000,nike_dunk_low_purple_court,0
509,0.994,0.0000,0.0000,0.0000,nike_dunk_low_purple_court,0
510,0.994,0.8106,0.7566,0.0540,nike_dunk_low_purple_court,0
511,0.994,0.0000,0.0000,0.0000,nike_dunk_low_purple_court,0
512,0.995,0.0000,0.0000,0.0000,nike_dunk_low_purple_court,0
513,0.994,0.7948,0.7266,0.0682,nike_dunk_low_purple_court,0
514,0.995,0.0000,0.0000,0.0000,nike_dunk_low_purple_court,0
515,0.994,0.0000,0.0000,0.0000,nike_dunk_low_purple_court,0
516,0.993,0.7974,0.7405,0.0568,nike_dunk_low_purple_court,0
517,0.994,0.0000,0.0000,0.0000,nike_dunk_low_purple_court,0
518,0.995,0.0000,0.0000,0.0000,nike_dunk_low_purple_court,0
519,0.994,0.8147,0.7621,0.0526,nike_dunk_low_purple_court,0
520,0.993,0.0000,0.0000,0.0000,nike_dunk_low_purple_court,0
521,0.994,0.0000,0.0000,0.0000,nike_dunk_low_purple_court,0
522,0.995,0.8063,0.7552,0.0511,nike_dunk_low_purple_court,0
523,0.993,0.0000,0.0000,0.0000,nike_dunk_low_purple_court,0
524,0.994,0.0000,0.0000,0.0000,nike_dunk_low_purple_court,0
525,0.995,0.8004,0.7392,0.0611,nike_dunk_low_purple_court,0
526,0.994,0.0000,0.0000,0.0000,nike_dunk_low_purple_court,0
527,0.994,0.0000,0.0000,0.0000,nike_dunk_low_purple_court,0
528,0.995,0.8034,0.7518,0.0516,nike_dunk_low_purple_court,0
529,0.994,0.0000,0.0000,0.0000,nike_dunk_low_purple_court,0
530,0.995,0.0000,0.0000,0.0000,nike_dunk_low_purple_court,0
531,0.994,0.7876,0.7336,0.0540,nike_dunk_low_purple_court,0
532,0.994,0.0000,0.0000,0.0000,nike_dunk_low_purple_court,0
533,0.994,0.0000,0.0000,0.0000,nike_dunk_low_purple_court,0
534,0.993,0.7976,0.7483,0.0493,nike_dunk_low_purple_court,0
535,0.994,0.0000,0.0000,0.0000,nike_dunk_low_purple_court,0
536,0.994,0.0000,0.0000,0.0000,nike_dunk_low_purple_court,0
537,0.994,0.8118,0.7616,0.0503,nike_dunk_low_purple_court,0
538,0.994,0.0000,0.0000,0.0000,nike_dunk_low_purple_court,0
539,0.994,0.0000,0.0000,0.0000,nike_dunk_low_purple_court,0
540,0.993,0.8024,0.7528,0.0496,nike_dunk_low_purple_court,0
541,0.994,0.0000,0.0000,0.0000,nike_dunk_low_purple_court,0
542,0.994,0.0000,0.0000,0.0000,nike_dunk_low_purple_court,0
543,0.994,0.8009,0.7523,0.0486,nike_dunk_low_purple_court,0
544,0.994,0.0000,0.0000,0.0000,nike_dunk_low_purple_court,0
545,0.994,0.0000,0.0000,0.0000,,1
546,0.995,0.8029,0.7435,0.0594,nike_dunk_low_purple_court,0
547,0.994,0.0000,0.0000,0.0000,nike_dunk_low_purple_court,0
548,0.995,0.0000,0.0000,0.0000,nike_dunk_low_purple_court,0
549,0.994,0.8112,0.7630,0.0482,nike_dunk_low_purple_court,0
550,0.995,0.0000,0.0000,0.0000,nike_dunk_low_purple_court,0
551,0.995,0.0000,0.0000,0.0000,nike_dunk_low_purple_court,0
552,0.995,0.8117,0.7568,0.0548,nike_dunk_low_purple_court,0
553,0.995,0.0000,0.0000,0.0000,nike_dunk_low_purple_court,0
554,0.995,0.0000,0.0000,0.0000,nike_dunk_low_purple_court,0
555,0.995,0.8009,0.7381,0.0628,nike_dunk_low_purple_court,0
556,0.995,0.0000,0.0000,0.0000,nike_dunk_low_purple_court,0
557,0.995,0.0000,0.0000,0.0000,nike_dunk_low_purple_court,0
558,0.994,0.7853,0.7259,0.0594,nike_dunk_low_purple_court,0
559,0.994,0.0000,0.0000,0.0000,nike_dunk_low_purple_court,0
560,0.994,0.0000,0.0000,0.0000,nike_dunk_low_purple_court,0
561,0.994,0.7926,0.7378,0.0548,nike_dunk_low_purple_court,0
562,0.993,0.0000,0.0000,0.0000,nike_dunk_low_purple_court,0
563,0.994,0.0000,0.0000,0.0000,nike_dunk_low_purple_court,0
564,0.995,0.7985,0.7490,0.0495,nike_dunk_low_purple_court,0
565,0.995,0.0000,0.0000,0.0000,nike_dunk_low_purple_court,0
566,0.995,0.0000,0.0000,0.0000,nike_dunk_low_purple_court,0
567,0.994,0.7920,0.7394,0.0526,nike_dunk_low_purple_court,0
568,0.994,0.0000,0.0000,0.0000,nike_dunk_low_purple_court,0
569,0.995,0.0000,0.0000,0.0000,nike_dunk_low_purple_court,0
570,0.995,0.7779,0.7236,0.0543,nike_dunk_low_purple_court,0
571,0.995,0.0000,0.0000,0.0000,nike_dunk_low_purple_court,0
572,0.993,0.0000,0.0000,0.0000,nike_dunk_low_purple_court,0
573,0.993,0.7845,0.7276,0.0569,nike_dunk_low_purple_court,0
574,0.993,0.0000,0.0000,0.0000,nike_dunk_low_purple_court,0
575,0.992,0.0000,0.0000,0.0000,nike_dunk_low_purple_court,0
576,0.991,0.7964,0.7463,0.0501,nike_dunk_low_purple_court,0
577,0.993,0.0000,0.0000,0.0000,nike_dunk_low_purple_court,0
578,0.991,0.0000,0.0000,0.0000,nike_dunk_low_purple_court,0
579,0.992,0.7802,0.7401,0.0400,nike_dunk_low_purple_court,0
580,0.991,0.0000,0.0000,0.0000,nike_dunk_low_purple_court,0
581,0.989,0.0000,0.0000,0.0000,nike_dunk_low_purple_court,0
582,0.991,0.7690,0.7168,0.0522,nike_dunk_low_purple_court,0
583,0.992,0.0000,0.0000,0.0000,nike_dunk_low_purple_court,0
584,0.992,0.0000,0.0000,0.0000,nike_dunk_low_purple_court,0
585,0.991,0.7739,0.7355,0.0384,nike_dunk_low_purple_court,0
586,0.991,0.0000,0.0000,0.0000,nike_dunk_low_purple_court,0
587,0.992,0.0000,0.0000,0.0000,nike_dunk_low_purple_court,0
588,0.993,0.7673,0.7165,0.0508,nike_dunk_low_purple_court,0
589,0.993,0.0000,0.0000,0.0000,nike_dunk_low_purple_court,0
590,0.993,0.0000,0.0000,0.0000,nike_dunk_low_purple_court,0
591,0.993,0.7822,0.7298,0.0524,nike_dunk_low_purple_court,0
592,0.993,0.0000,0.0000,0.0000,nike_dunk_low_purple_court,0
593,0.993,0.0000,0.0000,0.0000,nike_dunk_low_purple_court,0
594,0.993,0.7791,0.7211,0.0579,nike_dunk_low_purple_court,0
595,0.992,0.0000,0.0000,0.0000,nike_dunk_low_purple_court,0
596,0.994,0.0000,0.0000,0.0000,nike_dunk_low_purple_court,0
597,0.994,0.7872,0.7384,0.0488,nike_dunk_low_purple_court,0
598,0.994,0.0000,0.0000,0.0000,nike_dunk_low_purple_court,0
599,0.994,0.0000,0.0000,0.0000,nike_dunk_low_purple_court,0
600,0.994,0.7833,0.7303,0.0530,nike_dunk_low_purple_court,0
601,0.994,0.0000,0.0000,0.0000,nike_dunk_low_purple_court,0
602,0.994,0.0000,0.0000,0.0000,nike_dunk_low_purple_court,0
603,0.992,0.7964,0.7369,0.0595,nike_dunk_low_purple_court,0
604,0.994,0.0000,0.0000,0.0000,nike_dunk_low_purple_court,0
605,0.993,0.0000,0.0000,0.0000,nike_dunk_low_purple_court,0
606,0.994,0.7816,0.7308,0.0509,nike_dunk_low_purple_court,0
607,0.993,0.0000,0.0000,0.0000,nike_dunk_low_purple_court,0
608,0.994,0.0000,0.0000,0.0000,nike_dunk_low_purple_court,0
609,0.994,0.7766,0.7345,0.0421,nike_dunk_low_purple_court,0
610,0.995,0.0000,0.0000,0.0000,nike_dunk_low_purple_court,0
611,0.995,0.0000,0.0000,0.0000,nike_dunk_low_purple_court,0
612,0.994,0.7881,0.7449,0.0433,nike_dunk_low_purple_court,0
613,0.995,0.0000,0.0000,0.0000,nike_dunk_low_purple_court,0
614,0.995,0.0000,0.0000,0.0000,,1
615,0.994,0.7927,0.7565,0.0361,,1
616,0.996,0.0000,0.0000,0.0000,,1
617,0.994,0.0000,0.0000,0.0000,,1
618,0.993,0.7898,0.7577,0.0321,,1
619,0.990,0.0000,0.0000,0.0000,,1
620,0.987,0.0000,0.0000,0.0000,,1
621,0.983,0.7825,0.7499,0.0326,,1
622,0.967,0.0000,0.0000,0.0000,,1
622,0.877,0.0000,0.0000,0.0000,,1
623,0.979,0.0000,0.0000,0.0000,,1
624,0.966,0.7338,0.7127,0.0211,,1
625,0.970,0.0000,0.0000,0.0000,,1
626,0.980,0.0000,0.0000,0.0000,,1
627,0.987,0.7484,0.7399,0.0084,,1
628,0.988,0.0000,0.0000,0.0000,,1
629,0.987,0.0000,0.0000,0.0000,,1
630,0.991,0.7913,0.7885,0.0028,,1
631,0.991,0.0000,0.0000,0.0000,,1
632,0.986,0.0000,0.0000,0.0000,,1
633,0.986,0.7920,0.7869,0.0051,,1
634,0.987,0.0000,0.0000,0.0000,,1
635,0.985,0.0000,0.0000,0.0000,,1
636,0.985,0.7908,0.7643,0.0264,,1
637,0.986,0.0000,0.0000,0.0000,,1
638,0.992,0.0000,0.0000,0.0000,,1
639,0.990,0.7893,0.7726,0.0167,,1
640,0.988,0.0000,0.0000,0.0000,,1
641,0.983,0.0000,0.0000,0.0000,,1
642,0.986,0.7705,0.7691,0.0014,,1
643,0.982,0.0000,0.0000,0.0000,,1
644,0.992,0.0000,0.0000,0.0000,,1
645,0.993,0.7967,0.7810,0.0157,,1
646,0.985,0.0000,0.0000,0.0000,,1
647,0.979,0.0000,0.0000,0.0000,,1
648,0.819,0.8095,0.7937,0.0157,,1
649,0.989,0.0000,0.0000,0.0000,,1
650,0.995,0.0000,0.0000,0.0000,,1
651,0.995,0.8181,0.7943,0.0238,,1
652,0.992,0.0000,0.0000,0.0000,,1
653,0.991,0.0000,0.0000,0.0000,,1
654,0.991,0.8248,0.8099,0.0149,,1
655,0.797,0.0000,0.0000,0.0000,,1
656,0.341,0.0000,0.0000,0.0000,,1
657,0.741,0.7783,0.7527,0.0256,,1
658,0.950,0.0000,0.0000,0.0000,,1
659,0.976,0.0000,0.0000,0.0000,,1
660,0.970,0.7561,0.7198,0.0364,,1
661,0.985,0.0000,0.0000,0.0000,,1
662,0.995,0.0000,0.0000,0.0000,,1
663,0.994,0.7943,0.7622,0.0320,,1
664,0.993,0.0000,0.0000,0.0000,,1
665,0.988,0.0000,0.0000,0.0000,,1
666,0.993,0.7879,0.7623,0.0255,,1
667,0.993,0.0000,0.0000,0.0000,,1
667,0.371,0.0000,0.0000,0.0000,,1
668,0.993,0.0000,0.0000,0.0000,,1
668,0.296,0.0000,0.0000,0.0000,,1
669,0.993,0.7924,0.7638,0.0286,,1
670,0.991,0.0000,0.0000,0.0000,,1
671,0.984,0.0000,0.0000,0.0000,,1
671,0.937,0.0000,0.0000,0.0000,,1
672,0.982,0.7619,0.7412,0.0207,,1
672,0.892,0.7293,0.7076,0.0218,,1
673,0.974,0.0000,0.0000,0.0000,,1
674,0.988,0.0000,0.0000,0.0000,,1
674,0.928,0.0000,0.0000,0.0000,,1
675,0.994,0.7927,0.7652,0.0275,,1
676,0.994,0.0000,0.0000,0.0000,,1
676,0.295,0.0000,0.0000,0.0000,,1
677,0.994,0.0000,0.0000,0.0000,,1
677,0.407,0.0000,0.0000,0.0000,,1
678,0.992,0.7644,0.7296,0.0348,,1
678,0.485,0.7228,0.7016,0.0212,,1
679,0.993,0.0000,0.0000,0.0000,,1
679,0.604,0.0000,0.0000,0.0000,,1
680,0.986,0.0000,0.0000,0.0000,,1
681,0.975,0.7235,0.7036,0.0200,,1
682,0.913,0.0000,0.0000,0.0000,,1
683,0.984,0.0000,0.0000,0.0000,,1
684,0.970,0.7264,0.7085,0.0179,,1
685,0.985,0.0000,0.0000,0.0000,,1
686,0.992,0.0000,0.0000,0.0000,,1
687,0.991,0.7855,0.7746,0.0109,,1
688,0.991,0.0000,0.0000,0.0000,,1
689,0.991,0.0000,0.0000,0.0000,,1
690,0.992,0.8031,0.7969,0.0062,,1
691,0.991,0.0000,0.0000,0.0000,,1
692,0.989,0.0000,0.0000,0.0000,,1
693,0.987,0.7976,0.7831,0.0145,,1
694,0.989,0.0000,0.0000,0.0000,,1
695,0.991,0.0000,0.0000,0.0000,,1
696,0.991,0.7878,0.7774,0.0104,,1
697,0.990,0.0000,0.0000,0.0000,,1
698,0.989,0.0000,0.0000,0.0000,,1
699,0.987,0.8028,0.7753,0.0275,,1
700,0.990,0.0000,0.0000,0.0000,,1
701,0.992,0.0000,0.0000,0.0000,,1
702,0.993,0.7960,0.7603,0.0357,,1
703,0.991,0.0000,0.0000,0.0000,,1
704,0.991,0.0000,0.0000,0.0000,,1
705,0.991,0.8232,0.7861,0.0371,,1
706,0.992,0.0000,0.0000,0.0000,,1
707,0.991,0.0000,0.0000,0.0000,,1
708,0.992,0.8246,0.8022,0.0224,,1
709,0.993,0.0000,0.0000,0.0000,,1
710,0.992,0.0000,0.0000,0.0000,,1
711,0.991,0.8214,0.7820,0.0394,,1
712,0.992,0.0000,0.0000,0.0000,,1
713,0.994,0.0000,0.0000,0.0000,,1
714,0.994,0.7803,0.7577,0.0226,,1
715,0.996,0.0000,0.0000,0.0000,,1
716,0.995,0.0000,0.0000,0.0000,,1
717,0.997,0.7774,0.7596,0.0178,,1
718,0.997,0.0000,0.0000,0.0000,,1
719,0.996,0.0000,0.0000,0.0000,,1
720,0.996,0.7925,0.7793,0.0131,,1
721,0.995,0.0000,0.0000,0.0000,,1
722,0.993,0.0000,0.0000,0.0000,,1
723,0.989,0.7948,0.7701,0.0247,,1
724,0.984,0.0000,0.0000,0.0000,,1
725,0.988,0.0000,0.0000,0.0000,,1
726,0.991,0.7515,0.7294,0.0221,,1
727,0.948,0.0000,0.0000,0.0000,,1
728,0.415,0.0000,0.0000,0.0000,,1
729,0.470,0.7494,0.7204,0.0290,,1
731,0.319,0.0000,0.0000,0.0000,,1
732,0.425,0.7606,0.7548,0.0057,,1
733,0.565,0.0000,0.0000,0.0000,,1
734,0.745,0.0000,0.0000,0.0000,,1
735,0.710,0.8390,0.8104,0.0287,,1
736,0.392,0.0000,0.0000,0.0000,,1
737,0.496,0.0000,0.0000,0.0000,,1
738,0.403,0.7939,0.7859,0.0080,,1
739,0.577,0.0000,0.0000,0.0000,,1
740,0.948,0.0000,0.0000,0.0000,,1
741,0.877,0.8439,0.8052,0.0387,,1
742,0.838,0.0000,0.0000,0.0000,,1
743,0.912,0.0000,0.0000,0.0000,,1
744,0.907,0.8250,0.7876,0.0374,,1
745,0.933,0.0000,0.0000,0.0000,,1
746,0.954,0.0000,0.0000,0.0000,,1
747,0.959,0.8191,0.8032,0.0160,,1
748,0.965,0.0000,0.0000,0.0000,,1
749,0.969,0.0000,0.0000,0.0000,,1
750,0.976,0.8242,0.7853,0.0388,,1
751,0.980,0.0000,0.0000,0.0000,,1
752,0.973,0.0000,0.0000,0.0000,,1
753,0.982,0.8194,0.7594,0.0600,nike_dunk_low_purple_court,0
754,0.982,0.0000,0.0000,0.0000,nike_dunk_low_purple_court,0
755,0.979,0.0000,0.0000,0.0000,nike_dunk_low_purple_court,0
756,0.981,0.8336,0.7816,0.0521,nike_dunk_low_purple_court,0
757,0.980,0.0000,0.0000,0.0000,nike_dunk_low_purple_court,0
758,0.978,0.0000,0.0000,0.0000,nike_dunk_low_purple_court,0
759,0.979,0.8216,0.7766,0.0450,nike_dunk_low_purple_court,0
760,0.976,0.0000,0.0000,0.0000,nike_dunk_low_purple_court,0
761,0.977,0.0000,0.0000,0.0000,nike_dunk_low_purple_court,0
762,0.981,0.8236,0.7857,0.0378,nike_dunk_low_purple_court,0
763,0.977,0.0000,0.0000,0.0000,nike_dunk_low_purple_court,0
764,0.980,0.0000,0.0000,0.0000,,1
765,0.979,0.8237,0.7696,0.0541,nike_dunk_low_purple_court,0
766,0.979,0.0000,0.0000,0.0000,nike_dunk_low_purple_court,0
767,0.986,0.0000,0.0000,0.0000,nike_dunk_low_purple_court,0
768,0.980,0.8311,0.7867,0.0444,nike_dunk_low_purple_court,0
769,0.977,0.0000,0.0000,0.0000,nike_dunk_low_purple_court,0
770,0.977,0.0000,0.0000,0.0000,nike_dunk_low_purple_court,0
771,0.985,0.8431,0.8097,0.0333,nike_dunk_low_purple_court,0
772,0.985,0.0000,0.0000,0.0000,nike_dunk_low_purple_court,0
773,0.982,0.0000,0.0000,0.0000,,1
774,0.974,0.8509,0.8135,0.0374,,1
775,0.977,0.0000,0.0000,0.0000,,1
776,0.984,0.0000,0.0000,0.0000,,1
777,0.981,0.8351,0.7867,0.0484,,1
778,0.984,0.0000,0.0000,0.0000,,1
779,0.975,0.0000,0.0000,0.0000,,1
780,0.981,0.8244,0.7903,0.0340,,1
781,0.978,0.0000,0.0000,0.0000,,1
782,0.981,0.0000,0.0000,0.0000,,1
783,0.983,0.8201,0.7703,0.0499,,1
784,0.941,0.0000,0.0000,0.0000,,1
785,0.949,0.0000,0.0000,0.0000,,1
786,0.947,0.8130,0.7620,0.0510,nike_dunk_low_purple_court,0
787,0.935,0.0000,0.0000,0.0000,nike_dunk_low_purple_court,0
788,0.943,0.0000,0.0000,0.0000,nike_dunk_low_purple_court,0
789,0.950,0.8272,0.7823,0.0449,nike_dunk_low_purple_court,0
790,0.960,0.0000,0.0000,0.0000,nike_dunk_low_purple_court,0
791,0.953,0.0000,0.0000,0.0000,nike_dunk_low_purple_court,0
792,0.955,0.8221,0.7871,0.0350,nike_dunk_low_purple_court,0
793,0.943,0.0000,0.0000,0.0000,nike_dunk_low_purple_court,0
794,0.887,0.0000,0.0000,0.0000,,1
795,0.867,0.7996,0.7708,0.0287,,1
796,0.937,0.0000,0.0000,0.0000,,1
797,0.882,0.0000,0.0000,0.0000,,1
798,0.706,0.7843,0.7692,0.0150,,1
799,0.552,0.0000,0.0000,0.0000,,1
800,0.813,0.0000,0.0000,0.0000,,1
801,0.836,0.7900,0.7727,0.0173,,1
802,0.819,0.0000,0.0000,0.0000,,1
803,0.936,0.0000,0.0000,0.0000,,1
804,0.957,0.8104,0.7878,0.0226,,1
805,0.948,0.0000,0.0000,0.0000,,1
806,0.978,0.0000,0.0000,0.0000,,1
807,0.973,0.8329,0.7996,0.0333,,1
808,0.977,0.0000,0.0000,0.0000,,1
809,0.973,0.0000,0.0000,0.0000,,1
810,0.978,0.8082,0.7624,0.0458,,1
811,0.976,0.0000,0.0000,0.0000,,1
812,0.801,0.0000,0.0000,0.0000,,1
820,0.510,0.0000,0.0000,0.0000,,1
820,0.333,0.0000,0.0000,0.0000,,1
821,0.878,0.0000,0.0000,0.0000,,1
821,0.424,0.0000,0.0000,0.0000,,1
822,0.727,0.7278,0.6870,0.0408,,1
823,0.553,0.0000,0.0000,0.0000,,1
824,0.885,0.0000,0.0000,0.0000,,1
825,0.948,0.7501,0.7238,0.0262,,1
825,0.681,0.7176,0.6995,0.0181,,1
826,0.946,0.0000,0.0000,0.0000,,1
827,0.931,0.0000,0.0000,0.0000,,1
828,0.852,0.7261,0.7110,0.0151,,1
828,0.358,0.7014,0.6825,0.0188,,1
828,0.325,0.7500,0.7244,0.0255,,1
829,0.947,0.0000,0.0000,0.0000,,1
829,0.640,0.0000,0.0000,0.0000,,1
829,0.413,0.0000,0.0000,0.0000,,1
830,0.979,0.0000,0.0000,0.0000,,1
830,0.645,0.0000,0.0000,0.0000,,1
831,0.951,0.7501,0.7333,0.0168,,1
831,0.658,0.7099,0.7067,0.0032,,1
832,0.962,0.0000,0.0000,0.0000,,1
832,0.512,0.0000,0.0000,0.0000,,1
833,0.963,0.0000,0.0000,0.0000,,1
834,0.929,0.7655,0.7224,0.0431,,1
834,0.312,0.7182,0.7020,0.0162,,1
835,0.865,0.0000,0.0000,0.0000,,1
835,0.734,0.0000,0.0000,0.0000,,1
835,0.297,0.0000,0.0000,0.0000,,1
836,0.840,0.0000,0.0000,0.0000,,1
837,0.792,0.7404,0.7172,0.0231,,1
838,0.870,0.0000,0.0000,0.0000,,1
839,0.984,0.0000,0.0000,0.0000,,1
840,0.993,0.8006,0.7579,0.0427,,1
841,0.994,0.0000,0.0000,0.0000,,1
842,0.992,0.0000,0.0000,0.0000,,1
843,0.989,0.7967,0.7431,0.0536,nike_dunk_low_purple_court,0
844,0.987,0.0000,0.0000,0.0000,nike_dunk_low_purple_court,0
845,0.985,0.0000,0.0000,0.0000,nike_dunk_low_purple_court,0
846,0.979,0.8091,0.7627,0.0464,nike_dunk_low_purple_court,0
847,0.984,0.0000,0.0000,0.0000,nike_dunk_low_purple_court,0
848,0.981,0.0000,0.0000,0.0000,nike_dunk_low_purple_court,0
849,0.980,0.8022,0.7502,0.0520,nike_dunk_low_purple_court,0
850,0.977,0.0000,0.0000,0.0000,nike_dunk_low_purple_court,0
851,0.977,0.0000,0.0000,0.0000,nike_dunk_low_purple_court,0
852,0.977,0.8178,0.7649,0.0530,nike_dunk_low_purple_court,0
853,0.984,0.0000,0.0000,0.0000,nike_dunk_low_purple_court,0
854,0.983,0.0000,0.0000,0.0000,nike_dunk_low_purple_court,0
855,0.981,0.8222,0.7680,0.0542,nike_dunk_low_purple_court,0
856,0.986,0.0000,0.0000,0.0000,nike_dunk_low_purple_court,0
857,0.985,0.0000,0.0000,0.0000,nike_dunk_low_purple_court,0
858,0.984,0.7979,0.7429,0.0550,nike_dunk_low_purple_court,0
859,0.982,0.0000,0.0000,0.0000,nike_dunk_low_purple_court,0
860,0.983,0.0000,0.0000,0.0000,nike_dunk_low_purple_court,0
861,0.979,0.8157,0.7647,0.0510,nike_dunk_low_purple_court,0
862,0.982,0.0000,0.0000,0.0000,nike_dunk_low_purple_court,0
863,0.986,0.0000,0.0000,0.0000,nike_dunk_low_purple_court,0
864,0.986,0.8189,0.7721,0.0468,nike_dunk_low_purple_court,0
865,0.986,0.0000,0.0000,0.0000,nike_dunk_low_purple_court,0
866,0.985,0.0000,0.0000,0.0000,nike_dunk_low_purple_court,0
867,0.986,0.8167,0.7583,0.0583,nike_dunk_low_purple_court,0
868,0.985,0.0000,0.0000,0.0000,nike_dunk_low_purple_court,0
869,0.986,0.0000,0.0000,0.0000,nike_dunk_low_purple_court,0
870,0.985,0.8020,0.7341,0.0679,nike_dunk_low_purple_court,0
871,0.982,0.0000,0.0000,0.0000,nike_dunk_low_purple_court,0
872,0.972,0.0000,0.0000,0.0000,nike_dunk_low_purple_court,0
873,0.979,0.7692,0.7148,0.0543,nike_dunk_low_purple_court,0
874,0.975,0.0000,0.0000,0.0000,nike_dunk_low_purple_court,0
875,0.983,0.0000,0.0000,0.0000,nike_dunk_low_purple_court,0
876,0.984,0.7800,0.7136,0.0665,nike_dunk_low_purple_court,0
877,0.966,0.0000,0.0000,0.0000,nike_dunk_low_purple_court,0
878,0.722,0.0000,0.0000,0.0000,nike_dunk_low_purple_court,0
878,0.493,0.0000,0.0000,0.0000,,1
879,0.881,0.7941,0.7740,0.0200,nike_dunk_low_purple_court,0
880,0.517,0.0000,0.0000,0.0000,nike_dunk_low_purple_court,0
881,0.380,0.0000,0.0000,0.0000,nike_dunk_low_purple_court,0
883,0.850,0.0000,0.0000,0.0000,nike_dunk_low_purple_court,0
884,0.978,0.0000,0.0000,0.0000,nike_dunk_low_purple_court,0
885,0.950,0.7602,0.7350,0.0252,,1
886,0.948,0.0000,0.0000,0.0000,,1
887,0.924,0.0000,0.0000,0.0000,,1
888,0.823,0.7719,0.7440,0.0279,,1
889,0.584,0.0000,0.0000,0.0000,,1
890,0.555,0.0000,0.0000,0.0000,,1
891,0.959,0.7349,0.7009,0.0340,,1
892,0.954,0.0000,0.0000,0.0000,,1
893,0.970,0.0000,0.0000,0.0000,,1
894,0.969,0.6933,0.6872,0.0061,,1
895,0.975,0.0000,0.0000,0.0000,,1
896,0.980,0.0000,0.0000,0.0000,,1
897,0.984,0.7616,0.7522,0.0094,,1
898,0.980,0.0000,0.0000,0.0000,,1
899,0.972,0.0000,0.0000,0.0000,,1
900,0.966,0.7176,0.7078,0.0098,,1
901,0.979,0.0000,0.0000,0.0000,,1
902,0.978,0.0000,0.0000,0.0000,,1
903,0.974,0.7373,0.7327,0.0046,,1
904,0.979,0.0000,0.0000,0.0000,,1
905,0.978,0.0000,0.0000,0.0000,,1
906,0.982,0.7388,0.7312,0.0076,,1
907,0.985,0.0000,0.0000,0.0000,,1
908,0.970,0.0000,0.0000,0.0000,,1
909,0.956,0.7248,0.7050,0.0198,,1
910,0.961,0.0000,0.0000,0.0000,,1
911,0.977,0.0000,0.0000,0.0000,,1
912,0.980,0.7266,0.7110,0.0156,,1
913,0.970,0.0000,0.0000,0.0000,,1
914,0.977,0.0000,0.0000,0.0000,,1
915,0.981,0.7422,0.7353,0.0069,,1
916,0.986,0.0000,0.0000,0.0000,,1
917,0.982,0.0000,0.0000,0.0000,,1
918,0.982,0.7548,0.7366,0.0182,,1
919,0.981,0.0000,0.0000,0.0000,,1
920,0.967,0.0000,0.0000,0.0000,,1
921,0.971,0.7621,0.7447,0.0174,,1
922,0.972,0.0000,0.0000,0.0000,,1
923,0.968,0.0000,0.0000,0.0000,,1
924,0.961,0.7606,0.7358,0.0248,,1
925,0.962,0.0000,0.0000,0.0000,,1
926,0.973,0.0000,0.0000,0.0000,,1
927,0.969,0.7587,0.7336,0.0251,,1
928,0.972,0.0000,0.0000,0.0000,,1
929,0.967,0.0000,0.0000,0.0000,,1
930,0.975,0.7642,0.7382,0.0259,,1
931,0.973,0.0000,0.0000,0.0000,,1
932,0.957,0.0000,0.0000,0.0000,,1
933,0.956,0.7351,0.7236,0.0115,,1
934,0.973,0.0000,0.0000,0.0000,,1
935,0.981,0.0000,0.0000,0.0000,,1
936,0.986,0.7649,0.7522,0.0127,,1
937,0.986,0.0000,0.0000,0.0000,,1
938,0.985,0.0000,0.0000,0.0000,,1
939,0.983,0.7433,0.7411,0.0022,,1
940,0.982,0.0000,0.0000,0.0000,,1
941,0.984,0.0000,0.0000,0.0000,,1
942,0.986,0.7392,0.7281,0.0111,,1
943,0.982,0.0000,0.0000,0.0000,,1
944,0.980,0.0000,0.0000,0.0000,,1
945,0.981,0.7345,0.7088,0.0257,,1
946,0.984,0.0000,0.0000,0.0000,,1
947,0.950,0.0000,0.0000,0.0000,,1
948,0.634,0.7785,0.7694,0.0091,,1
949,0.356,0.0000,0.0000,0.0000,,1
950,0.425,0.0000,0.0000,0.0000,,1
951,0.481,0.8072,0.7676,0.0396,,1
952,0.474,0.0000,0.0000,0.0000,,1
953,0.370,0.0000,0.0000,0.0000,,1
954,0.892,0.8003,0.7898,0.0105,,1
955,0.983,0.0000,0.0000,0.0000,,1
956,0.994,0.0000,0.0000,0.0000,,1
957,0.995,0.8478,0.7936,0.0542,nike_dunk_low_purple_court,0
958,0.997,0.0000,0.0000,0.0000,nike_dunk_low_purple_court,0
959,0.995,0.0000,0.0000,0.0000,nike_dunk_low_purple_court,0
960,0.996,0.8413,0.7843,0.0570,nike_dunk_low_purple_court,0
961,0.992,0.0000,0.0000,0.0000,nike_dunk_low_purple_court,0
962,0.988,0.0000,0.0000,0.0000,nike_dunk_low_purple_court,0
963,0.985,0.8128,0.7576,0.0552,nike_dunk_low_purple_court,0
964,0.989,0.0000,0.0000,0.0000,nike_dunk_low_purple_court,0
965,0.993,0.0000,0.0000,0.0000,nike_dunk_low_purple_court,0
966,0.991,0.8266,0.7801,0.0465,nike_dunk_low_purple_court,0
967,0.987,0.0000,0.0000,0.0000,nike_dunk_low_purple_court,0
968,0.984,0.0000,0.0000,0.0000,nike_dunk_low_purple_court,0
969,0.986,0.8013,0.7665,0.0348,nike_dunk_low_purple_court,0
970,0.986,0.0000,0.0000,0.0000,nike_dunk_low_purple_court,0
971,0.977,0.0000,0.0000,0.0000,,1
972,0.980,0.8616,0.8155,0.0461,,1
973,0.980,0.0000,0.0000,0.0000,,1
974,0.958,0.0000,0.0000,0.0000,,1
975,0.971,0.8227,0.7598,0.0630,nike_dunk_low_purple_court,0
976,0.964,0.0000,0.0000,0.0000,nike_dunk_low_purple_court,0
977,0.977,0.0000,0.0000,0.0000,nike_dunk_low_purple_court,0
978,0.978,0.8201,0.7607,0.0594,nike_dunk_low_purple_court,0
979,0.981,0.0000,0.0000,0.0000,nike_dunk_low_purple_court,0
980,0.990,0.0000,0.0000,0.0000,nike_dunk_low_purple_court,0
981,0.982,0.8215,0.7921,0.0293,nike_dunk_low_purple_court,0
982,0.985,0.0000,0.0000,0.0000,nike_dunk_low_purple_court,0
983,0.986,0.0000,0.0000,0.0000,nike_dunk_low_purple_court,0
984,0.985,0.8202,0.7669,0.0533,nike_dunk_low_purple_court,0
985,0.983,0.0000,0.0000,0.0000,nike_dunk_low_purple_court,0
986,0.979,0.0000,0.0000,0.0000,nike_dunk_low_purple_court,0
987,0.984,0.8297,0.7903,0.0393,nike_dunk_low_purple_court,0
988,0.983,0.0000,0.0000,0.0000,nike_dunk_low_purple_court,0
989,0.986,0.0000,0.0000,0.0000,nike_dunk_low_purple_court,0
990,0.988,0.8342,0.7734,0.0608,nike_dunk_low_purple_court,0
991,0.987,0.0000,0.0000,0.0000,nike_dunk_low_purple_court,0
992,0.990,0.0000,0.0000,0.0000,nike_dunk_low_purple_court,0
993,0.988,0.8450,0.7934,0.0517,nike_dunk_low_purple_court,0
994,0.985,0.0000,0.0000,0.0000,nike_dunk_low_purple_court,0
995,0.989,0.0000,0.0000,0.0000,nike_dunk_low_purple_court,0
996,0.989,0.8159,0.7581,0.0578,nike_dunk_low_purple_court,0
997,0.989,0.0000,0.0000,0.0000,nike_dunk_low_purple_court,0
998,0.990,0.0000,0.0000,0.0000,nike_dunk_low_purple_court,0
999,0.992,0.8361,0.7886,0.0475,nike_dunk_low_purple_court,0
1000,0.992,0.0000,0.0000,0.0000,nike_dunk_low_purple_court,0
1001,0.993,0.0000,0.0000,0.0000,nike_dunk_low_purple_court,0
1002,0.992,0.8231,0.7558,0.0673,nike_dunk_low_purple_court,0
1003,0.992,0.0000,0.0000,0.0000,nike_dunk_low_purple_court,0
1004,0.992,0.0000,0.0000,0.0000,nike_dunk_low_purple_court,0
1005,0.991,0.8158,0.7650,0.0508,nike_dunk_low_purple_court,0
1006,0.992,0.0000,0.0000,0.0000,nike_dunk_low_purple_court,0
1007,0.991,0.0000,0.0000,0.0000,nike_dunk_low_purple_court,0
1008,0.990,0.8126,0.7623,0.0504,nike_dunk_low_purple_court,0
1009,0.990,0.0000,0.0000,0.0000,nike_dunk_low_purple_court,0
1010,0.991,0.0000,0.0000,0.0000,nike_dunk_low_purple_court,0
1011,0.990,0.8166,0.7487,0.0679,nike_dunk_low_purple_court,0
1012,0.991,0.0000,0.0000,0.0000,nike_dunk_low_purple_court,0
1013,0.990,0.0000,0.0000,0.0000,nike_dunk_low_purple_court,0
1014,0.990,0.8415,0.7963,0.0452,nike_dunk_low_purple_court,0
1015,0.991,0.0000,0.0000,0.0000,nike_dunk_low_purple_court,0
1016,0.986,0.0000,0.0000,0.0000,nike_dunk_low_purple_court,0
1017,0.985,0.8099,0.7650,0.0448,nike_dunk_low_purple_court,0
1018,0.988,0.0000,0.0000,0.0000,nike_dunk_low_purple_court,0
1019,0.987,0.0000,0.0000,0.0000,,1
1020,0.989,0.8111,0.7382,0.0729,nike_dunk_low_purple_court,0
1021,0.992,0.0000,0.0000,0.0000,nike_dunk_low_purple_court,0
1022,0.987,0.0000,0.0000,0.0000,nike_dunk_low_purple_court,0
1023,0.991,0.8069,0.7396,0.0674,nike_dunk_low_purple_court,0
1024,0.991,0.0000,0.0000,0.0000,nike_dunk_low_purple_court,0
1025,0.988,0.0000,0.0000,0.0000,nike_dunk_low_purple_court,0
1026,0.988,0.8041,0.7395,0.0646,nike_dunk_low_purple_court,0
1027,0.988,0.0000,0.0000,0.0000,nike_dunk_low_purple_court,0
1028,0.990,0.0000,0.0000,0.0000,nike_dunk_low_purple_court,0
1029,0.990,0.8267,0.7696,0.0572,nike_dunk_low_purple_court,0
1030,0.991,0.0000,0.0000,0.0000,nike_dunk_low_purple_court,0
1031,0.989,0.0000,0.0000,0.0000,nike_dunk_low_purple_court,0
1032,0.991,0.8399,0.7758,0.0641,nike_dunk_low_purple_court,0
1033,0.987,0.0000,0.0000,0.0000,nike_dunk_low_purple_court,0
1034,0.982,0.0000,0.0000,0.0000,nike_dunk_low_purple_court,0
1035,0.991,0.8382,0.7867,0.0515,nike_dunk_low_purple_court,0
1036,0.991,0.0000,0.0000,0.0000,nike_dunk_low_purple_court,0
1037,0.993,0.0000,0.0000,0.0000,nike_dunk_low_purple_court,0
1038,0.988,0.8393,0.7777,0.0616,nike_dunk_low_purple_court,0
1039,0.984,0.0000,0.0000,0.0000,nike_dunk_low_purple_court,0
1040,0.986,0.0000,0.0000,0.0000,nike_dunk_low_purple_court,0
1041,0.987,0.8254,0.7648,0.0606,nike_dunk_low_purple_court,0
1042,0.984,0.0000,0.0000,0.0000,nike_dunk_low_purple_court,0
1043,0.981,0.0000,0.0000,0.0000,nike_dunk_low_purple_court,0
1044,0.981,0.8206,0.7646,0.0560,nike_dunk_low_purple_court,0
1045,0.977,0.0000,0.0000,0.0000,nike_dunk_low_purple_court,0
1046,0.964,0.0000,0.0000,0.0000,nike_dunk_low_purple_court,0
1047,0.965,0.7752,0.7369,0.0383,nike_dunk_low_purple_court,0
1048,0.266,0.0000,0.0000,0.0000,nike_dunk_low_purple_court,0
1106,0.251,0.0000,0.0000,0.0000,nike_dunk_low_purple_court,0
1127,0.335,0.0000,0.0000,0.0000,nike_dunk_low_purple_court,0
1136,0.375,0.0000,0.0000,0.0000,nike_dunk_low_purple_court,0
1137,0.348,0.5830,0.5697,0.0133,,1
1143,0.288,0.5818,0.5717,0.0101,,1
1144,0.338,0.0000,0.0000,0.0000,,1
1156,0.252,0.0000,0.0000,0.0000,,1
1161,0.265,0.5669,0.5424,0.0246,,1
1162,0.295,0.0000,0.0000,0.0000,,1
1163,0.449,0.0000,0.0000,0.0000,,1
1164,0.496,0.5892,0.5719,0.0173,,1
1165,0.445,0.0000,0.0000,0.0000,,1
1166,0.269,0.0000,0.0000,0.0000,,1
1167,0.345,0.5914,0.5788,0.0125,,1
1168,0.316,0.0000,0.0000,0.0000,,1
1169,0.481,0.0000,0.0000,0.0000,,1
1170,0.397,0.5834,0.5606,0.0228,,1
1171,0.423,0.0000,0.0000,0.0000,,1
1172,0.527,0.0000,0.0000,0.0000,,1
1173,0.473,0.5845,0.5677,0.0168,,1
1174,0.455,0.0000,0.0000,0.0000,,1
1175,0.443,0.0000,0.0000,0.0000,,1
1176,0.384,0.5777,0.5621,0.0157,,1
1177,0.414,0.0000,0.0000,0.0000,,1
1178,0.446,0.0000,0.0000,0.0000,,1
1179,0.454,0.5822,0.5711,0.0110,,1
1180,0.414,0.0000,0.0000,0.0000,,1
1181,0.397,0.0000,0.0000,0.0000,,1
1182,0.468,0.5716,0.5557,0.0159,,1
1183,0.322,0.0000,0.0000,0.0000,,1
1184,0.328,0.0000,0.0000,0.0000,,1
1185,0.350,0.5792,0.5695,0.0097,,1
1186,0.385,0.0000,0.0000,0.0000,,1
1187,0.359,0.0000,0.0000,0.0000,,1
1188,0.437,0.5755,0.5689,0.0065,,1
1189,0.349,0.0000,0.0000,0.0000,,1
1190,0.451,0.0000,0.0000,0.0000,,1
1191,0.302,0.5845,0.5663,0.0182,,1
1192,0.476,0.0000,0.0000,0.0000,,1
1193,0.562,0.0000,0.0000,0.0000,,1
1194,0.459,0.5822,0.5652,0.0170,,1
1195,0.411,0.0000,0.0000,0.0000,,1
1196,0.567,0.0000,0.0000,0.0000,,1
1197,0.613,0.5749,0.5688,0.0061,,1
1198,0.662,0.0000,0.0000,0.0000,,1
1199,0.637,0.0000,0.0000,0.0000,,1
1200,0.581,0.5744,0.5712,0.0032,,1
1201,0.627,0.0000,0.0000,0.0000,,1
1202,0.615,0.0000,0.0000,0.0000,,1
1203,0.545,0.5708,0.5538,0.0170,,1
1203,0.282,0.4689,0.4517,0.0171,,1
1204,0.614,0.0000,0.0000,0.0000,,1
1204,0.350,0.0000,0.0000,0.0000,,1
1205,0.638,0.0000,0.0000,0.0000,,1
1205,0.280,0.0000,0.0000,0.0000,,1
1206,0.651,0.5687,0.5573,0.0113,,1
1206,0.285,0.4622,0.4486,0.0136,,1
1207,0.635,0.0000,0.0000,0.0000,,1
1207,0.302,0.0000,0.0000,0.0000,,1
1208,0.626,0.0000,0.0000,0.0000,,1
1208,0.346,0.0000,0.0000,0.0000,,1
1209,0.641,0.5573,0.5415,0.0158,,1
1209,0.302,0.4749,0.4609,0.0140,,1
1210,0.651,0.0000,0.0000,0.0000,,1
1211,0.635,0.0000,0.0000,0.0000,,1
1211,0.430,0.0000,0.0000,0.0000,,1
1212,0.702,0.5570,0.5467,0.0103,,1
1212,0.378,0.4749,0.4590,0.0159,,1
1213,0.718,0.0000,0.0000,0.0000,,1
1213,0.334,0.0000,0.0000,0.0000,,1
1214,0.700,0.0000,0.0000,0.0000,,1
1214,0.440,0.0000,0.0000,0.0000,,1
1215,0.691,0.5819,0.5644,0.0174,,1
1215,0.341,0.4735,0.4596,0.0139,,1
1215,0.261,0.5376,0.5323,0.0053,,1
1216,0.697,0.0000,0.0000,0.0000,,1
1216,0.382,0.0000,0.0000,0.0000,,1
1217,0.706,0.0000,0.0000,0.0000,,1
1217,0.326,0.0000,0.0000,0.0000,,1
1218,0.713,0.5746,0.5641,0.0105,,1
1218,0.308,0.4729,0.4604,0.0126,,1
1219,0.692,0.0000,0.0000,0.0000,,1
1219,0.294,0.0000,0.0000,0.0000,,1
1220,0.685,0.0000,0.0000,0.0000,,1
1220,0.290,0.0000,0.0000,0.0000,,1
1221,0.660,0.5615,0.5367,0.0247,,1
1221,0.260,0.4711,0.4540,0.0171,,1
1222,0.690,0.0000,0.0000,0.0000,,1
1222,0.253,0.0000,0.0000,0.0000,,1
1223,0.616,0.0000,0.0000,0.0000,,1
1223,0.299,0.0000,0.0000,0.0000,,1
1224,0.645,0.5673,0.5589,0.0084,,1
1224,0.282,0.4773,0.4667,0.0105,,1
1225,0.626,0.0000,0.0000,0.0000,,1
1226,0.708,0.0000,0.0000,0.0000,,1
1226,0.306,0.0000,0.0000,0.0000,,1
1227,0.673,0.5738,0.5556,0.0182,,1
1227,0.348,0.4784,0.4611,0.0172,,1
1228,0.703,0.0000,0.0000,0.0000,,1
1228,0.343,0.0000,0.0000,0.0000,,1
1229,0.628,0.0000,0.0000,0.0000,,1
1229,0.260,0.0000,0.0000,0.0000,,1
1230,0.630,0.5680,0.5550,0.0130,,1
1230,0.359,0.4808,0.4588,0.0220,,1
1231,0.605,0.0000,0.0000,0.0000,,1
1231,0.325,0.0000,0.0000,0.0000,,1
1232,0.628,0.0000,0.0000,0.0000,,1
1232,0.307,0.0000,0.0000,0.0000,,1
1233,0.639,0.5712,0.5563,0.0149,,1
1233,0.401,0.4723,0.4575,0.0148,,1
1234,0.643,0.0000,0.0000,0.0000,,1
1234,0.368,0.0000,0.0000,0.0000,,1
1235,0.590,0.0000,0.0000,0.0000,,1
1235,0.328,0.0000,0.0000,0.0000,,1
1236,0.512,0.5649,0.5607,0.0042,,1
1236,0.344,0.4819,0.4647,0.0172,,1
1237,0.491,0.0000,0.0000,0.0000,,1
1237,0.338,0.0000,0.0000,0.0000,,1
1238,0.478,0.0000,0.0000,0.0000,,1
1238,0.292,0.0000,0.0000,0.0000,,1
1239,0.558,0.5667,0.5555,0.0112,,1
1239,0.334,0.4691,0.4575,0.0116,,1
1240,0.576,0.0000,0.0000,0.0000,,1
1240,0.383,0.0000,0.0000,0.0000,,1
1241,0.610,0.0000,0.0000,0.0000,,1
1241,0.466,0.0000,0.0000,0.0000,,1
1242,0.530,0.5756,0.5644,0.0112,,1
1242,0.287,0.4857,0.4700,0.0157,,1
1243,0.601,0.0000,0.0000,0.0000,,1
1243,0.300,0.0000,0.0000,0.0000,,1
1244,0.402,0.0000,0.0000,0.0000,,1
1244,0.310,0.0000,0.0000,0.0000,,1
1245,0.489,0.5678,0.5495,0.0183,,1
1245,0.352,0.4868,0.4713,0.0155,,1
1246,0.504,0.0000,0.0000,0.0000,,1
1246,0.323,0.0000,0.0000,0.0000,,1
1247,0.338,0.0000,0.0000,0.0000,,1
1248,0.381,0.5659,0.5445,0.0214,,1
1249,0.454,0.0000,0.0000,0.0000,,1
1251,0.287,0.5814,0.5491,0.0323,,1
1253,0.362,0.0000,0.0000,0.0000,,1
1280,0.343,0.0000,0.0000,0.0000,,1
1282,0.289,0.0000,0.0000,0.0000,,1
1283,0.409,0.0000,0.0000,0.0000,,1
1284,0.391,0.5769,0.5673,0.0095,,1
1285,0.396,0.0000,0.0000,0.0000,,1
1286,0.278,0.0000,0.0000,0.0000,,1
1287,0.319,0.5736,0.5607,0.0129,,1
1298,0.305,0.0000,0.0000,0.0000,,1
1308,0.270,0.5224,0.5189,0.0035,,1
1309,0.616,0.0000,0.0000,0.0000,,1
1310,0.899,0.0000,0.0000,0.0000,,1
1312,0.392,0.0000,0.0000,0.0000,,1
1313,0.965,0.0000,0.0000,0.0000,,1
1314,0.940,0.7568,0.7240,0.0328,,1
1315,0.574,0.0000,0.0000,0.0000,,1
1315,0.453,0.0000,0.0000,0.0000,,1
1316,0.984,0.0000,0.0000,0.0000,,1
1317,0.983,0.8340,0.7785,0.0554,nike_dunk_low_purple_court,0
1318,0.986,0.0000,0.0000,0.0000,nike_dunk_low_purple_court,0
1319,0.975,0.0000,0.0000,0.0000,nike_dunk_low_purple_court,0
1320,0.962,0.8188,0.7830,0.0358,nike_dunk_low_purple_court,0
1321,0.916,0.0000,0.0000,0.0000,nike_dunk_low_purple_court,0
1322,0.965,0.0000,0.0000,0.0000,nike_dunk_low_purple_court,0
1323,0.990,0.8048,0.7569,0.0479,nike_dunk_low_purple_court,0
1324,0.980,0.0000,0.0000,0.0000,nike_dunk_low_purple_court,0
1325,0.982,0.0000,0.0000,0.0000,,1
1326,0.986,0.7759,0.7409,0.0349,,1
1327,0.990,0.0000,0.0000,0.0000,,1
1328,0.995,0.0000,0.0000,0.0000,,1
1329,0.993,0.8128,0.7533,0.0595,nike_dunk_low_purple_court,0
1330,0.992,0.0000,0.0000,0.0000,nike_dunk_low_purple_court,0
1331,0.991,0.0000,0.0000,0.0000,nike_dunk_low_purple_court,0
1332,0.986,0.8230,0.7705,0.0524,nike_dunk_low_purple_court,0
1333,0.981,0.0000,0.0000,0.0000,nike_dunk_low_purple_court,0
1334,0.979,0.0000,0.0000,0.0000,nike_dunk_low_purple_court,0
1335,0.990,0.8228,0.7764,0.0463,nike_dunk_low_purple_court,0
1336,0.989,0.0000,0.0000,0.0000,nike_dunk_low_purple_court,0
1337,0.990,0.0000,0.0000,0.0000,nike_dunk_low_purple_court,0
1338,0.990,0.8327,0.7933,0.0395,nike_dunk_low_purple_court,0
1339,0.990,0.0000,0.0000,0.0000,nike_dunk_low_purple_court,0
1340,0.988,0.0000,0.0000,0.0000,,1
1341,0.986,0.7990,0.7507,0.0483,,1
1342,0.987,0.0000,0.0000,0.0000,,1
1343,0.986,0.0000,0.0000,0.0000,,1
1344,0.987,0.8163,0.7750,0.0413,,1
1345,0.986,0.0000,0.0000,0.0000,,1
1346,0.986,0.0000,0.0000,0.0000,,1
1347,0.985,0.8424,0.7963,0.0461,,1
1348,0.989,0.0000,0.0000,0.0000,,1
1349,0.986,0.0000,0.0000,0.0000,,1
1350,0.988,0.8642,0.8028,0.0613,nike_dunk_low_purple_court,0
1351,0.990,0.0000,0.0000,0.0000,nike_dunk_low_purple_court,0
1352,0.989,0.0000,0.0000,0.0000,nike_dunk_low_purple_court,0
1353,0.989,0.8470,0.8073,0.0397,nike_dunk_low_purple_court,0
1354,0.990,0.0000,0.0000,0.0000,nike_dunk_low_purple_court,0
1355,0.990,0.0000,0.0000,0.0000,nike_dunk_low_purple_court,0
1356,0.991,0.8667,0.8285,0.0382,nike_dunk_low_purple_court,0
1357,0.990,0.0000,0.0000,0.0000,nike_dunk_low_purple_court,0
1358,0.991,0.0000,0.0000,0.0000,,1
1359,0.993,0.8593,0.8152,0.0440,,1
1360,0.993,0.0000,0.0000,0.0000,,1
1361,0.992,0.0000,0.0000,0.0000,,1
1362,0.992,0.8469,0.7864,0.0605,nike_dunk_low_purple_court,0
1363,0.991,0.0000,0.0000,0.0000,nike_dunk_low_purple_court,0
1364,0.989,0.0000,0.0000,0.0000,nike_dunk_low_purple_court,0
1365,0.987,0.8450,0.8077,0.0373,nike_dunk_low_purple_court,0
1366,0.982,0.0000,0.0000,0.0000,nike_dunk_low_purple_court,0
1367,0.971,0.0000,0.0000,0.0000,nike_dunk_low_purple_court,0
1368,0.975,0.8565,0.8173,0.0392,nike_dunk_low_purple_court,0
1369,0.974,0.0000,0.0000,0.0000,nike_dunk_low_purple_court,0
1370,0.966,0.0000,0.0000,0.0000,,1
1371,0.977,0.8599,0.8115,0.0483,,1
1372,0.978,0.0000,0.0000,0.0000,,1
1373,0.977,0.0000,0.0000,0.0000,,1
1374,0.978,0.8370,0.7806,0.0564,nike_dunk_low_purple_court,0
1375,0.983,0.0000,0.0000,0.0000,nike_dunk_low_purple_court,0
1376,0.978,0.0000,0.0000,0.0000,nike_dunk_low_purple_court,0
1377,0.966,0.8508,0.7883,0.0625,nike_dunk_low_purple_court,0
1378,0.933,0.0000,0.0000,0.0000,nike_dunk_low_purple_court,0
1379,0.404,0.0000,0.0000,0.0000,nike_dunk_low_purple_court,0
1383,0.305,0.5336,0.5189,0.0147,nike_dunk_low_purple_court,0
1384,0.331,0.0000,0.0000,0.0000,nike_dunk_low_purple_court,0
22,0.632,0.0000,0.0000,0.0000,,1
23,0.810,0.0000,0.0000,0.0000,,1
24,0.783,0.5254,0.5128,0.0126,,1
25,0.833,0.0000,0.0000,0.0000,,1
26,0.820,0.0000,0.0000,0.0000,,1
30,0.610,0.6058,0.6038,0.0020,,1
31,0.806,0.0000,0.0000,0.0000,,1
32,0.966,0.0000,0.0000,0.0000,,1
33,0.977,0.7768,0.7583,0.0185,,1
34,0.962,0.0000,0.0000,0.0000,,1
35,0.938,0.0000,0.0000,0.0000,,1
36,0.916,0.7264,0.6820,0.0444,,1
37,0.863,0.0000,0.0000,0.0000,,1
38,0.984,0.0000,0.0000,0.0000,,1
39,0.983,0.7924,0.7269,0.0655,nike_dunk_low_purple_court,0
40,0.983,0.0000,0.0000,0.0000,nike_dunk_low_purple_court,0
41,0.988,0.0000,0.0000,0.0000,nike_dunk_low_purple_court,0
42,0.992,0.8078,0.7473,0.0605,nike_dunk_low_purple_court,0
43,0.995,0.0000,0.0000,0.0000,nike_dunk_low_purple_court,0
44,0.984,0.0000,0.0000,0.0000,nike_dunk_low_purple_court,0
45,0.985,0.8024,0.7515,0.0509,nike_dunk_low_purple_court,0
46,0.993,0.0000,0.0000,0.0000,nike_dunk_low_purple_court,0
47,0.993,0.0000,0.0000,0.0000,nike_dunk_low_purple_court,0
48,0.991,0.8092,0.7615,0.0477,nike_dunk_low_purple_court,0
49,0.991,0.0000,0.0000,0.0000,nike_dunk_low_purple_court,0
50,0.991,0.0000,0.0000,0.0000,nike_dunk_low_purple_court,0
51,0.992,0.8026,0.7597,0.0428,nike_dunk_low_purple_court,0
52,0.992,0.0000,0.0000,0.0000,nike_dunk_low_purple_court,0
53,0.993,0.0000,0.0000,0.0000,,1
54,0.992,0.8139,0.7696,0.0444,,1
55,0.992,0.0000,0.0000,0.0000,,1
56,0.992,0.0000,0.0000,0.0000,,1
57,0.993,0.8076,0.7588,0.0488,,1
58,0.994,0.0000,0.0000,0.0000,,1
59,0.993,0.0000,0.0000,0.0000,,1
60,0.994,0.8192,0.7676,0.0516,nike_dunk_low_purple_court,0
61,0.994,0.0000,0.0000,0.0000,nike_dunk_low_purple_court,0
62,0.994,0.0000,0.0000,0.0000,nike_dunk_low_purple_court,0
63,0.993,0.8291,0.7910,0.0381,nike_dunk_low_purple_court,0
64,0.995,0.0000,0.0000,0.0000,nike_dunk_low_purple_court,0
65,0.986,0.0000,0.0000,0.0000,nike_dunk_low_purple_court,0
66,0.944,0.8031,0.7377,0.0654,nike_dunk_low_purple_court,0
67,0.985,0.0000,0.0000,0.0000,nike_dunk_low_purple_court,0
68,0.992,0.0000,0.0000,0.0000,nike_dunk_low_purple_court,0
69,0.994,0.8048,0.7680,0.0367,nike_dunk_low_purple_court,0
70,0.995,0.0000,0.0000,0.0000,nike_dunk_low_purple_court,0
71,0.995,0.0000,0.0000,0.0000,nike_dunk_low_purple_court,0
72,0.995,0.7784,0.7261,0.0524,nike_dunk_low_purple_court,0
73,0.994,0.0000,0.0000,0.0000,nike_dunk_low_purple_court,0
74,0.994,0.0000,0.0000,0.0000,nike_dunk_low_purple_court,0
75,0.994,0.8030,0.7622,0.0409,nike_dunk_low_purple_court,0
76,0.994,0.0000,0.0000,0.0000,nike_dunk_low_purple_court,0
77,0.993,0.0000,0.0000,0.0000,nike_dunk_low_purple_court,0
78,0.993,0.8168,0.7726,0.0441,nike_dunk_low_purple_court,0
79,0.994,0.0000,0.0000,0.0000,nike_dunk_low_purple_court,0
80,0.994,0.0000,0.0000,0.0000,,1
81,0.993,0.8076,0.7526,0.0550,nike_dunk_low_purple_court,0
82,0.992,0.0000,0.0000,0.0000,nike_dunk_low_purple_court,0
83,0.994,0.0000,0.0000,0.0000,nike_dunk_low_purple_court,0
84,0.993,0.8255,0.7791,0.0464,nike_dunk_low_purple_court,0
85,0.992,0.0000,0.0000,0.0000,nike_dunk_low_purple_court,0
86,0.991,0.0000,0.0000,0.0000,nike_dunk_low_purple_court,0
87,0.992,0.8178,0.7753,0.0425,nike_dunk_low_purple_court,0
88,0.991,0.0000,0.0000,0.0000,nike_dunk_low_purple_court,0
89,0.992,0.0000,0.0000,0.0000,,1
90,0.992,0.8101,0.7660,0.0440,,1
91,0.992,0.0000,0.0000,0.0000,,1
92,0.991,0.0000,0.0000,0.0000,,1
93,0.992,0.8193,0.7731,0.0463,,1
94,0.992,0.0000,0.0000,0.0000,,1
95,0.991,0.0000,0.0000,0.0000,,1
96,0.989,0.8050,0.7491,0.0559,nike_dunk_low_purple_court,0
97,0.991,0.0000,0.0000,0.0000,nike_dunk_low_purple_court,0
98,0.990,0.0000,0.0000,0.0000,nike_dunk_low_purple_court,0
99,0.991,0.8151,0.7626,0.0526,nike_dunk_low_purple_court,0
100,0.991,0.0000,0.0000,0.0000,nike_dunk_low_purple_court,0
101,0.992,0.0000,0.0000,0.0000,nike_dunk_low_purple_court,0
102,0.993,0.8171,0.7630,0.0541,nike_dunk_low_purple_court,0
103,0.992,0.0000,0.0000,0.0000,nike_dunk_low_purple_court,0
104,0.992,0.0000,0.0000,0.0000,nike_dunk_low_purple_court,0
105,0.991,0.8108,0.7720,0.0389,nike_dunk_low_purple_court,0
106,0.992,0.0000,0.0000,0.0000,nike_dunk_low_purple_court,0
107,0.990,0.0000,0.0000,0.0000,nike_dunk_low_purple_court,0
108,0.992,0.8113,0.7713,0.0400,nike_dunk_low_purple_court,0
109,0.991,0.0000,0.0000,0.0000,nike_dunk_low_purple_court,0
110,0.991,0.0000,0.0000,0.0000,,1
111,0.991,0.7839,0.7466,0.0374,,1
112,0.991,0.0000,0.0000,0.0000,,1
113,0.992,0.0000,0.0000,0.0000,,1
114,0.989,0.7849,0.7544,0.0305,,1
115,0.991,0.0000,0.0000,0.0000,,1
116,0.991,0.0000,0.0000,0.0000,,1
117,0.991,0.8070,0.7678,0.0392,,1
118,0.990,0.0000,0.0000,0.0000,,1
119,0.989,0.0000,0.0000,0.0000,,1
120,0.989,0.8258,0.7839,0.0419,,1
121,0.991,0.0000,0.0000,0.0000,,1
122,0.991,0.0000,0.0000,0.0000,,1
123,0.991,0.8129,0.7779,0.0350,,1
124,0.991,0.0000,0.0000,0.0000,,1
125,0.992,0.0000,0.0000,0.0000,,1
126,0.992,0.8136,0.7895,0.0241,,1
127,0.992,0.0000,0.0000,0.0000,,1
128,0.991,0.0000,0.0000,0.0000,,1
129,0.991,0.8078,0.7653,0.0425,,1
130,0.992,0.0000,0.0000,0.0000,,1
131,0.992,0.0000,0.0000,0.0000,,1
132,0.992,0.7890,0.7330,0.0559,nike_dunk_low_purple_court,0
133,0.991,0.0000,0.0000,0.0000,nike_dunk_low_purple_court,0
134,0.990,0.0000,0.0000,0.0000,nike_dunk_low_purple_court,0
135,0.990,0.8134,0.7682,0.0452,nike_dunk_low_purple_court,0
136,0.988,0.0000,0.0000,0.0000,nike_dunk_low_purple_court,0
137,0.989,0.0000,0.0000,0.0000,nike_dunk_low_purple_court,0
138,0.990,0.8253,0.7738,0.0515,nike_dunk_low_purple_court,0
139,0.991,0.0000,0.0000,0.0000,nike_dunk_low_purple_court,0
140,0.991,0.0000,0.0000,0.0000,nike_dunk_low_purple_court,0
141,0.991,0.8142,0.7750,0.0392,nike_dunk_low_purple_court,0
142,0.992,0.0000,0.0000,0.0000,nike_dunk_low_purple_court,0
143,0.991,0.0000,0.0000,0.0000,nike_dunk_low_purple_court,0
144,0.991,0.8114,0.7574,0.0540,nike_dunk_low_purple_court,0
145,0.990,0.0000,0.0000,0.0000,nike_dunk_low_purple_court,0
146,0.991,0.0000,0.0000,0.0000,nike_dunk_low_purple_court,0
147,0.991,0.8051,0.7571,0.0480,nike_dunk_low_purple_court,0
148,0.992,0.0000,0.0000,0.0000,nike_dunk_low_purple_court,0
149,0.992,0.0000,0.0000,0.0000,nike_dunk_low_purple_court,0
150,0.990,0.8265,0.7851,0.0414,nike_dunk_low_purple_court,0
151,0.991,0.0000,0.0000,0.0000,nike_dunk_low_purple_court,0
152,0.991,0.0000,0.0000,0.0000,,1
153,0.991,0.8078,0.7634,0.0444,,1
154,0.991,0.0000,0.0000,0.0000,,1
155,0.992,0.0000,0.0000,0.0000,,1
156,0.992,0.7828,0.7371,0.0457,,1
157,0.991,0.0000,0.0000,0.0000,,1
158,0.992,0.0000,0.0000,0.0000,,1
159,0.992,0.7978,0.7581,0.0397,,1
160,0.992,0.0000,0.0000,0.0000,,1
161,0.992,0.0000,0.0000,0.0000,,1
162,0.991,0.8249,0.7802,0.0447,,1
163,0.992,0.0000,0.0000,0.0000,,1
164,0.992,0.0000,0.0000,0.0000,,1
165,0.992,0.8368,0.7951,0.0417,,1
166,0.992,0.0000,0.0000,0.0000,,1
167,0.991,0.0000,0.0000,0.0000,,1
168,0.991,0.8237,0.7891,0.0346,,1
169,0.991,0.0000,0.0000,0.0000,,1
170,0.991,0.0000,0.0000,0.0000,,1
171,0.992,0.8112,0.7605,0.0507,nike_dunk_low_purple_court,0
172,0.992,0.0000,0.0000,0.0000,nike_dunk_low_purple_court,0
173,0.992,0.0000,0.0000,0.0000,nike_dunk_low_purple_court,0
174,0.990,0.7638,0.7295,0.0343,nike_dunk_low_purple_court,0
175,0.966,0.0000,0.0000,0.0000,nike_dunk_low_purple_court,0
176,0.465,0.0000,0.0000,0.0000,nike_dunk_low_purple_court,0
177,0.525,0.6808,0.6771,0.0038,nike_dunk_low_purple_court,0
178,0.821,0.0000,0.0000,0.0000,nike_dunk_low_purple_court,0
179,0.963,0.0000,0.0000,0.0000,,1
180,0.970,0.7745,0.7616,0.0129,,1
181,0.961,0.0000,0.0000,0.0000,,1
182,0.969,0.0000,0.0000,0.0000,,1
183,0.967,0.6668,0.6401,0.0267,,1
184,0.971,0.0000,0.0000,0.0000,,1
185,0.969,0.0000,0.0000,0.0000,,1
186,0.972,0.7592,0.7551,0.0041,,1
187,0.982,0.0000,0.0000,0.0000,,1
188,0.986,0.0000,0.0000,0.0000,,1
189,0.989,0.7627,0.7610,0.0016,,1
190,0.992,0.0000,0.0000,0.0000,,1
191,0.986,0.0000,0.0000,0.0000,,1
192,0.994,0.7405,0.7267,0.0138,,1
193,0.986,0.0000,0.0000,0.0000,,1
194,0.990,0.0000,0.0000,0.0000,,1
195,0.992,0.7669,0.7579,0.0090,,1
196,0.994,0.0000,0.0000,0.0000,,1
197,0.995,0.0000,0.0000,0.0000,,1
198,0.995,0.7743,0.7655,0.0088,,1
199,0.996,0.0000,0.0000,0.0000,,1
200,0.992,0.0000,0.0000,0.0000,,1
201,0.993,0.7752,0.7431,0.0321,,1
202,0.825,0.0000,0.0000,0.0000,,1
204,0.494,0.7858,0.7718,0.0140,,1
205,0.937,0.0000,0.0000,0.0000,,1
206,0.981,0.0000,0.0000,0.0000,,1
207,0.982,0.8016,0.7779,0.0237,,1
208,0.976,0.0000,0.0000,0.0000,,1
209,0.922,0.0000,0.0000,0.0000,,1
210,0.966,0.8291,0.7716,0.0575,nike_dunk_low_purple_court,0
211,0.949,0.0000,0.0000,0.0000,nike_dunk_low_purple_court,0
212,0.975,0.0000,0.0000,0.0000,nike_dunk_low_purple_court,0
213,0.984,0.8437,0.7798,0.0639,nike_dunk_low_purple_court,0
214,0.915,0.0000,0.0000,0.0000,nike_dunk_low_purple_court,0
218,0.870,0.0000,0.0000,0.0000,nike_dunk_low_purple_court,0
219,0.982,0.8135,0.7888,0.0247,nike_dunk_low_purple_court,0
220,0.991,0.0000,0.0000,0.0000,nike_dunk_low_purple_court,0
221,0.992,0.0000,0.0000,0.0000,nike_dunk_low_purple_court,0
222,0.991,0.8355,0.7972,0.0383,nike_dunk_low_purple_court,0
223,0.990,0.0000,0.0000,0.0000,nike_dunk_low_purple_court,0
224,0.996,0.0000,0.0000,0.0000,,1
225,0.996,0.8167,0.7856,0.0311,,1
226,0.996,0.0000,0.0000,0.0000,,1
227,0.996,0.0000,0.0000,0.0000,,1
228,0.994,0.8158,0.8007,0.0151,,1
229,0.995,0.0000,0.0000,0.0000,,1
230,0.991,0.0000,0.0000,0.0000,,1
231,0.993,0.7500,0.7359,0.0141,,1
232,0.995,0.0000,0.0000,0.0000,,1
233,0.994,0.0000,0.0000,0.0000,,1
234,0.992,0.7807,0.7558,0.0250,,1
235,0.995,0.0000,0.0000,0.0000,,1
236,0.996,0.0000,0.0000,0.0000,,1
237,0.995,0.7676,0.7333,0.0343,,1
238,0.994,0.0000,0.0000,0.0000,,1
239,0.995,0.0000,0.0000,0.0000,,1
240,0.990,0.7714,0.7301,0.0413,,1
241,0.974,0.0000,0.0000,0.0000,,1
242,0.996,0.0000,0.0000,0.0000,,1
243,0.995,0.8106,0.7627,0.0479,,1
244,0.994,0.0000,0.0000,0.0000,,1
245,0.991,0.0000,0.0000,0.0000,,1
246,0.989,0.7868,0.7339,0.0529,nike_dunk_low_purple_court,0
247,0.987,0.0000,0.0000,0.0000,nike_dunk_low_purple_court,0
248,0.987,0.0000,0.0000,0.0000,nike_dunk_low_purple_court,0
249,0.988,0.7863,0.7385,0.0477,nike_dunk_low_purple_court,0
250,0.993,0.0000,0.0000,0.0000,nike_dunk_low_purple_court,0
251,0.994,0.0000,0.0000,0.0000,nike_dunk_low_purple_court,0
252,0.994,0.8150,0.7811,0.0339,nike_dunk_low_purple_court,0
253,0.994,0.0000,0.0000,0.0000,nike_dunk_low_purple_court,0
254,0.995,0.0000,0.0000,0.0000,,1
255,0.994,0.8175,0.7796,0.0379,,1
256,0.994,0.0000,0.0000,0.0000,,1
257,0.996,0.0000,0.0000,0.0000,,1
258,0.995,0.8301,0.7845,0.0456,,1
259,0.996,0.0000,0.0000,0.0000,,1
260,0.996,0.0000,0.0000,0.0000,,1
261,0.994,0.8309,0.7842,0.0466,,1
262,0.995,0.0000,0.0000,0.0000,,1
263,0.994,0.0000,0.0000,0.0000,,1
264,0.995,0.8254,0.7833,0.0421,,1
265,0.995,0.0000,0.0000,0.0000,,1
266,0.992,0.0000,0.0000,0.0000,,1
267,0.994,0.8354,0.7854,0.0500,nike_dunk_low_purple_court,0
268,0.995,0.0000,0.0000,0.0000,nike_dunk_low_purple_court,0
269,0.995,0.0000,0.0000,0.0000,nike_dunk_low_purple_court,0
270,0.996,0.8251,0.7806,0.0445,nike_dunk_low_purple_court,0
271,0.993,0.0000,0.0000,0.0000,nike_dunk_low_purple_court,0
272,0.994,0.0000,0.0000,0.0000,nike_dunk_low_purple_court,0
273,0.995,0.8136,0.7918,0.0218,nike_dunk_low_purple_court,0
274,0.995,0.0000,0.0000,0.0000,nike_dunk_low_purple_court,0
275,0.996,0.0000,0.0000,0.0000,,1
276,0.997,0.8166,0.7903,0.0263,,1
277,0.996,0.0000,0.0000,0.0000,,1
278,0.996,0.0000,0.0000,0.0000,,1
279,0.996,0.8309,0.7956,0.0353,,1
280,0.997,0.0000,0.0000,0.0000,,1
281,0.997,0.0000,0.0000,0.0000,,1
282,0.996,0.8264,0.7934,0.0330,,1
283,0.996,0.0000,0.0000,0.0000,,1
284,0.996,0.0000,0.0000,0.0000,,1
285,0.996,0.8347,0.8021,0.0326,,1
286,0.994,0.0000,0.0000,0.0000,,1
287,0.994,0.0000,0.0000,0.0000,,1
288,0.994,0.8364,0.8055,0.0309,,1
289,0.993,0.0000,0.0000,0.0000,,1
290,0.994,0.0000,0.0000,0.0000,,1
291,0.992,0.7981,0.7668,0.0313,,1
292,0.992,0.0000,0.0000,0.0000,,1
293,0.992,0.0000,0.0000,0.0000,,1
294,0.990,0.8204,0.8094,0.0110,,1
295,0.992,0.0000,0.0000,0.0000,,1
296,0.993,0.0000,0.0000,0.0000,,1
297,0.994,0.8269,0.8102,0.0167,,1
298,0.991,0.0000,0.0000,0.0000,,1
299,0.990,0.0000,0.0000,0.0000,,1
300,0.990,0.8343,0.8153,0.0189,,1
301,0.990,0.0000,0.0000,0.0000,,1
302,0.990,0.0000,0.0000,0.0000,,1
303,0.993,0.8209,0.8008,0.0200,,1
304,0.994,0.0000,0.0000,0.0000,,1
305,0.994,0.0000,0.0000,0.0000,,1
306,0.992,0.7449,0.7389,0.0060,,1
307,0.992,0.0000,0.0000,0.0000,,1
308,0.990,0.0000,0.0000,0.0000,,1
309,0.990,0.7520,0.7454,0.0066,,1
310,0.990,0.0000,0.0000,0.0000,,1
311,0.990,0.0000,0.0000,0.0000,,1
312,0.990,0.7551,0.7394,0.0157,,1
313,0.986,0.0000,0.0000,0.0000,,1
314,0.984,0.0000,0.0000,0.0000,,1
315,0.985,0.7587,0.7520,0.0068,,1
316,0.986,0.0000,0.0000,0.0000,,1
317,0.994,0.0000,0.0000,0.0000,,1
318,0.994,0.7954,0.7708,0.0246,,1
319,0.994,0.0000,0.0000,0.0000,,1
320,0.994,0.0000,0.0000,0.0000,,1
321,0.994,0.8117,0.8085,0.0032,,1
322,0.994,0.0000,0.0000,0.0000,,1
323,0.993,0.0000,0.0000,0.0000,,1
324,0.993,0.8278,0.8024,0.0254,,1
325,0.994,0.0000,0.0000,0.0000,,1
326,0.996,0.0000,0.0000,0.0000,,1
327,0.997,0.7554,0.7361,0.0192,,1
328,0.996,0.0000,0.0000,0.0000,,1
329,0.994,0.0000,0.0000,0.0000,,1
330,0.992,0.8159,0.7862,0.0297,,1
331,0.990,0.0000,0.0000,0.0000,,1
332,0.993,0.0000,0.0000,0.0000,,1
333,0.994,0.8450,0.8128,0.0322,,1
334,0.994,0.0000,0.0000,0.0000,,1
335,0.993,0.0000,0.0000,0.0000,,1
336,0.991,0.8374,0.8099,0.0275,,1
337,0.987,0.0000,0.0000,0.0000,,1
338,0.987,0.0000,0.0000,0.0000,,1
339,0.983,0.8354,0.8119,0.0236,,1
340,0.979,0.0000,0.0000,0.0000,,1
341,0.972,0.0000,0.0000,0.0000,,1
342,0.984,0.8108,0.7885,0.0224,,1
343,0.985,0.0000,0.0000,0.0000,,1
344,0.988,0.0000,0.0000,0.0000,,1
345,0.975,0.8165,0.7819,0.0347,,1
346,0.975,0.0000,0.0000,0.0000,,1
347,0.986,0.0000,0.0000,0.0000,,1
348,0.988,0.8493,0.8087,0.0405,,1
349,0.992,0.0000,0.0000,0.0000,,1
350,0.987,0.0000,0.0000,0.0000,,1
351,0.985,0.8612,0.8302,0.0310,,1
352,0.987,0.0000,0.0000,0.0000,,1
353,0.991,0.0000,0.0000,0.0000,,1
354,0.992,0.8515,0.8207,0.0307,,1
355,0.991,0.0000,0.0000,0.0000,,1
356,0.992,0.0000,0.0000,0.0000,,1
357,0.979,0.8304,0.7913,0.0392,,1
358,0.939,0.0000,0.0000,0.0000,,1
359,0.894,0.0000,0.0000,0.0000,,1
360,0.951,0.7613,0.7465,0.0148,,1
361,0.974,0.0000,0.0000,0.0000,,1
364,0.855,0.0000,0.0000,0.0000,,1
365,0.983,0.0000,0.0000,0.0000,,1
366,0.935,0.8068,0.7776,0.0292,,1
367,0.934,0.0000,0.0000,0.0000,,1
368,0.973,0.0000,0.0000,0.0000,,1
369,0.928,0.7622,0.7377,0.0244,,1
370,0.928,0.0000,0.0000,0.0000,,1
371,0.943,0.0000,0.0000,0.0000,,1
372,0.926,0.8064,0.7640,0.0424,,1
373,0.794,0.0000,0.0000,0.0000,,1
374,0.953,0.0000,0.0000,0.0000,,1
375,0.992,0.7975,0.7715,0.0261,,1
376,0.987,0.0000,0.0000,0.0000,,1
377,0.990,0.0000,0.0000,0.0000,,1
378,0.990,0.7925,0.7649,0.0276,,1
379,0.992,0.0000,0.0000,0.0000,,1
380,0.992,0.0000,0.0000,0.0000,,1
381,0.994,0.8002,0.7652,0.0351,,1
382,0.993,0.0000,0.0000,0.0000,,1
383,0.994,0.0000,0.0000,0.0000,,1
384,0.991,0.7691,0.7412,0.0279,,1
385,0.980,0.0000,0.0000,0.0000,,1
386,0.984,0.0000,0.0000,0.0000,,1
387,0.989,0.8061,0.7671,0.0390,,1
388,0.992,0.0000,0.0000,0.0000,,1
389,0.993,0.0000,0.0000,0.0000,,1
390,0.990,0.7775,0.7511,0.0264,,1
391,0.988,0.0000,0.0000,0.0000,,1
392,0.987,0.0000,0.0000,0.0000,,1
396,0.986,0.8221,0.8067,0.0153,,1
397,0.976,0.0000,0.0000,0.0000,,1
398,0.981,0.0000,0.0000,0.0000,,1
399,0.988,0.8420,0.7928,0.0492,,1
400,0.958,0.0000,0.0000,0.0000,,1
401,0.964,0.0000,0.0000,0.0000,,1
402,0.932,0.8331,0.7855,0.0476,,1
403,0.977,0.0000,0.0000,0.0000,,1
404,0.980,0.0000,0.0000,0.0000,,1
405,0.973,0.8343,0.7955,0.0388,,1
406,0.989,0.0000,0.0000,0.0000,,1
407,0.996,0.0000,0.0000,0.0000,,1
408,0.996,0.8472,0.8050,0.0422,,1
409,0.996,0.0000,0.0000,0.0000,,1
410,0.996,0.0000,0.0000,0.0000,,1
411,0.996,0.8518,0.8055,0.0463,,1
412,0.996,0.0000,0.0000,0.0000,,1
413,0.995,0.0000,0.0000,0.0000,,1
414,0.996,0.8590,0.7969,0.0621,nike_dunk_low_purple_court,0
415,0.993,0.0000,0.0000,0.0000,nike_dunk_low_purple_court,0
416,0.970,0.0000,0.0000,0.0000,nike_dunk_low_purple_court,0
417,0.924,0.8177,0.7861,0.0316,nike_dunk_low_purple_court,0
418,0.989,0.0000,0.0000,0.0000,nike_dunk_low_purple_court,0
419,0.992,0.0000,0.0000,0.0000,nike_dunk_low_purple_court,0
420,0.994,0.8299,0.7730,0.0569,nike_dunk_low_purple_court,0
421,0.994,0.0000,0.0000,0.0000,nike_dunk_low_purple_court,0
422,0.992,0.0000,0.0000,0.0000,nike_dunk_low_purple_court,0
423,0.995,0.8145,0.7641,0.0504,nike_dunk_low_purple_court,0
424,0.995,0.0000,0.0000,0.0000,nike_dunk_low_purple_court,0
425,0.994,0.0000,0.0000,0.0000,nike_dunk_low_purple_court,0
426,0.993,0.8216,0.7825,0.0391,nike_dunk_low_purple_court,0
427,0.993,0.0000,0.0000,0.0000,nike_dunk_low_purple_court,0
428,0.992,0.0000,0.0000,0.0000,nike_dunk_low_purple_court,0
429,0.993,0.8255,0.7743,0.0512,nike_dunk_low_purple_court,0
430,0.991,0.0000,0.0000,0.0000,nike_dunk_low_purple_court,0
431,0.992,0.0000,0.0000,0.0000,nike_dunk_low_purple_court,0
432,0.992,0.8357,0.7827,0.0530,nike_dunk_low_purple_court,0
433,0.993,0.0000,0.0000,0.0000,nike_dunk_low_purple_court,0
434,0.993,0.0000,0.0000,0.0000,nike_dunk_low_purple_court,0
435,0.992,0.8306,0.7617,0.0689,nike_dunk_low_purple_court,0
436,0.991,0.0000,0.0000,0.0000,nike_dunk_low_purple_court,0
437,0.991,0.0000,0.0000,0.0000,nike_dunk_low_purple_court,0
438,0.985,0.8199,0.7698,0.0500,nike_dunk_low_purple_court,0
439,0.975,0.0000,0.0000,0.0000,nike_dunk_low_purple_court,0
440,0.981,0.0000,0.0000,0.0000,nike_dunk_low_purple_court,0
441,0.983,0.8045,0.7398,0.0647,nike_dunk_low_purple_court,0
442,0.986,0.0000,0.0000,0.0000,nike_dunk_low_purple_court,0
443,0.986,0.0000,0.0000,0.0000,nike_dunk_low_purple_court,0
444,0.987,0.8126,0.7521,0.0604,nike_dunk_low_purple_court,0
445,0.983,0.0000,0.0000,0.0000,nike_dunk_low_purple_court,0
446,0.964,0.0000,0.0000,0.0000,nike_dunk_low_purple_court,0
447,0.624,0.7977,0.7715,0.0262,nike_dunk_low_purple_court,0
449,0.283,0.0000,0.0000,0.0000,nike_dunk_low_purple_court,0
457,0.394,0.0000,0.0000,0.0000,nike_dunk_low_purple_court,0
458,0.366,0.0000,0.0000,0.0000,nike_dunk_low_purple_court,0
461,0.365,0.0000,0.0000,0.0000,nike_dunk_low_purple_court,0
462,0.357,0.7781,0.7750,0.0031,,1
474,0.381,0.8054,0.7871,0.0183,,1
475,0.508,0.0000,0.0000,0.0000,,1
476,0.485,0.0000,0.0000,0.0000,,1
477,0.461,0.8182,0.7943,0.0239,,1
478,0.466,0.0000,0.0000,0.0000,,1
479,0.305,0.0000,0.0000,0.0000,,1
480,0.407,0.8019,0.7810,0.0209,,1
481,0.447,0.0000,0.0000,0.0000,,1
482,0.295,0.0000,0.0000,0.0000,,1
484,0.275,0.0000,0.0000,0.0000,,1
490,0.425,0.0000,0.0000,0.0000,,1
491,0.251,0.0000,0.0000,0.0000,,1
495,0.316,0.7878,0.7492,0.0386,,1
505,0.647,0.0000,0.0000,0.0000,,1
506,0.914,0.0000,0.0000,0.0000,,1
507,0.729,0.8032,0.7890,0.0143,,1
508,0.798,0.0000,0.0000,0.0000,,1
509,0.869,0.0000,0.0000,0.0000,,1
510,0.891,0.7904,0.7653,0.0251,,1
511,0.880,0.0000,0.0000,0.0000,,1
512,0.711,0.0000,0.0000,0.0000,,1
513,0.448,0.7865,0.7794,0.0071,,1
514,0.680,0.0000,0.0000,0.0000,,1
515,0.840,0.0000,0.0000,0.0000,,1
516,0.844,0.8089,0.7910,0.0178,,1
517,0.905,0.0000,0.0000,0.0000,,1
518,0.539,0.0000,0.0000,0.0000,,1
520,0.583,0.0000,0.0000,0.0000,,1
521,0.823,0.0000,0.0000,0.0000,,1
532,0.954,0.0000,0.0000,0.0000,,1
533,0.991,0.0000,0.0000,0.0000,,1
534,0.995,0.8222,0.8159,0.0063,,1
535,0.995,0.0000,0.0000,0.0000,,1
536,0.897,0.0000,0.0000,0.0000,,1
537,0.942,0.8016,0.7654,0.0362,,1
538,0.987,0.0000,0.0000,0.0000,,1
539,0.991,0.0000,0.0000,0.0000,,1
540,0.991,0.8264,0.7854,0.0410,,1
541,0.989,0.0000,0.0000,0.0000,,1
542,0.971,0.0000,0.0000,0.0000,,1
543,0.929,0.6731,0.6438,0.0293,,1
544,0.953,0.0000,0.0000,0.0000,,1
545,0.995,0.0000,0.0000,0.0000,,1
546,0.995,0.7923,0.7598,0.0325,,1
547,0.996,0.0000,0.0000,0.0000,,1
548,0.992,0.0000,0.0000,0.0000,,1
549,0.987,0.7824,0.7523,0.0300,,1
550,0.988,0.0000,0.0000,0.0000,,1
551,0.990,0.0000,0.0000,0.0000,,1
552,0.987,0.7935,0.7804,0.0131,,1
553,0.988,0.0000,0.0000,0.0000,,1
554,0.988,0.0000,0.0000,0.0000,,1
555,0.987,0.7998,0.7735,0.0263,,1
556,0.987,0.0000,0.0000,0.0000,,1
557,0.990,0.0000,0.0000,0.0000,,1
558,0.990,0.8039,0.7769,0.0269,,1
559,0.990,0.0000,0.0000,0.0000,,1
560,0.990,0.0000,0.0000,0.0000,,1
561,0.989,0.8056,0.7880,0.0175,,1
562,0.990,0.0000,0.0000,0.0000,,1
563,0.989,0.0000,0.0000,0.0000,,1
564,0.989,0.8199,0.7917,0.0282,,1
565,0.989,0.0000,0.0000,0.0000,,1
566,0.992,0.0000,0.0000,0.0000,,1
567,0.992,0.7978,0.7734,0.0244,,1
568,0.992,0.0000,0.0000,0.0000,,1
569,0.991,0.0000,0.0000,0.0000,,1
570,0.992,0.7948,0.7842,0.0107,,1
571,0.989,0.0000,0.0000,0.0000,,1
572,0.994,0.0000,0.0000,0.0000,,1
573,0.992,0.7624,0.7574,0.0051,,1
574,0.991,0.0000,0.0000,0.0000,,1
575,0.989,0.0000,0.0000,0.0000,,1
576,0.988,0.7426,0.7351,0.0074,,1
577,0.989,0.0000,0.0000,0.0000,,1
578,0.989,0.0000,0.0000,0.0000,,1
579,0.989,0.7704,0.7680,0.0024,,1
580,0.988,0.0000,0.0000,0.0000,,1
581,0.984,0.0000,0.0000,0.0000,,1
582,0.982,0.7318,0.7313,0.0005,,1
583,0.986,0.0000,0.0000,0.0000,,1
584,0.992,0.0000,0.0000,0.0000,,1
585,0.991,0.7808,0.7743,0.0066,,1
586,0.994,0.0000,0.0000,0.0000,,1
587,0.990,0.0000,0.0000,0.0000,,1
588,0.989,0.7953,0.7659,0.0295,,1
589,0.990,0.0000,0.0000,0.0000,,1
590,0.991,0.0000,0.0000,0.0000,,1
591,0.993,0.7864,0.7704,0.0159,,1
592,0.994,0.0000,0.0000,0.0000,,1
593,0.992,0.0000,0.0000,0.0000,,1
594,0.991,0.7995,0.7678,0.0317,,1
595,0.991,0.0000,0.0000,0.0000,,1
596,0.993,0.0000,0.0000,0.0000,,1
597,0.993,0.7798,0.7785,0.0014,,1
598,0.994,0.0000,0.0000,0.0000,,1
599,0.995,0.0000,0.0000,0.0000,,1
600,0.994,0.8027,0.7943,0.0084,,1
601,0.969,0.0000,0.0000,0.0000,,1
602,0.963,0.0000,0.0000,0.0000,,1
603,0.958,0.7704,0.7450,0.0254,,1
604,0.961,0.0000,0.0000,0.0000,,1
605,0.969,0.0000,0.0000,0.0000,,1
606,0.971,0.7409,0.7345,0.0065,,1
607,0.960,0.0000,0.0000,0.0000,,1
608,0.906,0.0000,0.0000,0.0000,,1
609,0.982,0.7917,0.7831,0.0087,,1
610,0.993,0.0000,0.0000,0.0000,,1
611,0.986,0.0000,0.0000,0.0000,,1
612,0.987,0.7844,0.7552,0.0292,,1
613,0.893,0.0000,0.0000,0.0000,,1
614,0.477,0.0000,0.0000,0.0000,,1
615,0.289,0.7723,0.7550,0.0173,,1
616,0.379,0.0000,0.0000,0.0000,,1
617,0.991,0.0000,0.0000,0.0000,,1
618,0.989,0.8066,0.8008,0.0058,,1
619,0.988,0.0000,0.0000,0.0000,,1
620,0.984,0.0000,0.0000,0.0000,,1
621,0.981,0.8311,0.7959,0.0353,,1
622,0.981,0.0000,0.0000,0.0000,,1
623,0.983,0.0000,0.0000,0.0000,,1
624,0.969,0.8405,0.7964,0.0441,,1
625,0.962,0.0000,0.0000,0.0000,,1
626,0.979,0.0000,0.0000,0.0000,,1
627,0.982,0.8554,0.8048,0.0505,nike_dunk_low_purple_court,0
628,0.984,0.0000,0.0000,0.0000,nike_dunk_low_purple_court,0
629,0.987,0.0000,0.0000,0.0000,nike_dunk_low_purple_court,0
630,0.989,0.8614,0.7925,0.0689,nike_dunk_low_purple_court,0
631,0.990,0.0000,0.0000,0.0000,nike_dunk_low_purple_court,0
632,0.984,0.0000,0.0000,0.0000,nike_dunk_low_purple_court,0
633,0.988,0.8712,0.8096,0.0617,nike_dunk_low_purple_court,0
634,0.988,0.0000,0.0000,0.0000,nike_dunk_low_purple_court,0
635,0.984,0.0000,0.0000,0.0000,nike_dunk_low_purple_court,0
636,0.968,0.8235,0.7836,0.0399,nike_dunk_low_purple_court,0
637,0.943,0.0000,0.0000,0.0000,nike_dunk_low_purple_court,0
638,0.932,0.0000,0.0000,0.0000,nike_dunk_low_purple_court,0
639,0.949,0.8427,0.8126,0.0301,nike_dunk_low_purple_court,0
640,0.955,0.0000,0.0000,0.0000,nike_dunk_low_purple_court,0
641,0.990,0.0000,0.0000,0.0000,,1
642,0.989,0.8436,0.8083,0.0353,,1
643,0.989,0.0000,0.0000,0.0000,,1
644,0.988,0.0000,0.0000,0.0000,,1
645,0.985,0.8530,0.8130,0.0401,,1
646,0.980,0.0000,0.0000,0.0000,,1
647,0.988,0.0000,0.0000,0.0000,,1
648,0.991,0.8527,0.7977,0.0550,nike_dunk_low_purple_court,0
649,0.991,0.0000,0.0000,0.0000,nike_dunk_low_purple_court,0
650,0.993,0.0000,0.0000,0.0000,nike_dunk_low_purple_court,0
651,0.987,0.8451,0.7864,0.0586,nike_dunk_low_purple_court,0
652,0.986,0.0000,0.0000,0.0000,nike_dunk_low_purple_court,0
653,0.984,0.0000,0.0000,0.0000,nike_dunk_low_purple_court,0
654,0.981,0.8453,0.8004,0.0449,nike_dunk_low_purple_court,0
655,0.985,0.0000,0.0000,0.0000,nike_dunk_low_purple_court,0
656,0.978,0.0000,0.0000,0.0000,nike_dunk_low_purple_court,0
657,0.982,0.8420,0.8005,0.0415,nike_dunk_low_purple_court,0
658,0.980,0.0000,0.0000,0.0000,nike_dunk_low_purple_court,0
659,0.984,0.0000,0.0000,0.0000,,1
660,0.986,0.8448,0.8150,0.0298,,1
661,0.986,0.0000,0.0000,0.0000,,1
662,0.988,0.0000,0.0000,0.0000,,1
663,0.989,0.8410,0.8022,0.0388,,1
664,0.981,0.0000,0.0000,0.0000,,1
665,0.986,0.0000,0.0000,0.0000,,1
666,0.989,0.8323,0.7907,0.0417,,1
667,0.990,0.0000,0.0000,0.0000,,1
668,0.989,0.0000,0.0000,0.0000,,1
669,0.992,0.8305,0.7910,0.0395,,1
670,0.988,0.0000,0.0000,0.0000,,1
671,0.988,0.0000,0.0000,0.0000,,1
672,0.988,0.8202,0.7870,0.0332,,1
673,0.987,0.0000,0.0000,0.0000,,1
674,0.987,0.0000,0.0000,0.0000,,1
675,0.992,0.8336,0.7991,0.0345,,1
676,0.989,0.0000,0.0000,0.0000,,1
677,0.986,0.0000,0.0000,0.0000,,1
678,0.984,0.8368,0.7846,0.0521,nike_dunk_low_purple_court,0
679,0.965,0.0000,0.0000,0.0000,nike_dunk_low_purple_court,0
687,0.297,0.7899,0.7857,0.0042,nike_dunk_low_purple_court,0
689,0.322,0.0000,0.0000,0.0000,nike_dunk_low_purple_court,0
690,0.579,0.7805,0.7775,0.0030,nike_dunk_low_purple_court,0
691,0.263,0.0000,0.0000,0.0000,nike_dunk_low_purple_court,0
692,0.416,0.0000,0.0000,0.0000,nike_dunk_low_purple_court,0
695,0.317,0.0000,0.0000,0.0000,nike_dunk_low_purple_court,0
696,0.692,0.7872,0.7697,0.0174,,1
697,0.958,0.0000,0.0000,0.0000,,1
698,0.980,0.0000,0.0000,0.0000,,1
699,0.971,0.8247,0.8107,0.0140,,1
700,0.946,0.0000,0.0000,0.0000,,1
702,0.970,0.7806,0.7474,0.0332,,1
703,0.990,0.0000,0.0000,0.0000,,1
704,0.983,0.0000,0.0000,0.0000,,1
705,0.563,0.8116,0.7881,0.0234,,1
705,0.485,0.7970,0.7582,0.0388,,1
706,0.985,0.0000,0.0000,0.0000,,1
707,0.995,0.0000,0.0000,0.0000,,1
708,0.986,0.8012,0.7592,0.0420,,1
709,0.570,0.0000,0.0000,0.0000,,1
710,0.472,0.0000,0.0000,0.0000,,1
711,0.884,0.7468,0.7431,0.0037,,1
712,0.982,0.0000,0.0000,0.0000,,1
713,0.912,0.0000,0.0000,0.0000,,1
714,0.344,0.5807,0.5713,0.0094,,1
714,0.259,0.5564,0.5394,0.0169,,1
715,0.786,0.0000,0.0000,0.0000,,1
716,0.852,0.0000,0.0000,0.0000,,1
717,0.917,0.7123,0.7109,0.0014,,1
717,0.415,0.6840,0.6706,0.0134,,1
718,0.907,0.0000,0.0000,0.0000,,1
719,0.890,0.0000,0.0000,0.0000,,1
720,0.362,0.6065,0.5806,0.0259,,1
721,0.547,0.0000,0.0000,0.0000,,1
722,0.839,0.0000,0.0000,0.0000,,1
723,0.904,0.5522,0.5284,0.0238,,1
724,0.849,0.0000,0.0000,0.0000,,1
725,0.380,0.0000,0.0000,0.0000,,1
726,0.959,0.6808,0.6723,0.0085,,1
727,0.945,0.0000,0.0000,0.0000,,1
728,0.944,0.0000,0.0000,0.0000,,1
729,0.929,0.7551,0.7531,0.0020,,1
730,0.956,0.0000,0.0000,0.0000,,1
731,0.951,0.0000,0.0000,0.0000,,1
732,0.965,0.7359,0.7189,0.0170,,1
733,0.953,0.0000,0.0000,0.0000,,1
734,0.985,0.0000,0.0000,0.0000,,1
735,0.992,0.8000,0.7756,0.0244,,1
736,0.990,0.0000,0.0000,0.0000,,1
737,0.989,0.0000,0.0000,0.0000,,1
738,0.987,0.8370,0.8041,0.0329,,1
739,0.991,0.0000,0.0000,0.0000,,1
740,0.962,0.0000,0.0000,0.0000,,1
741,0.962,0.7891,0.7622,0.0269,,1
742,0.976,0.0000,0.0000,0.0000,,1
743,0.982,0.0000,0.0000,0.0000,,1
744,0.990,0.8437,0.8216,0.0221,,1
745,0.992,0.0000,0.0000,0.0000,,1
747,0.342,0.7163,0.6889,0.0274,,1
749,0.990,0.0000,0.0000,0.0000,,1
750,0.993,0.8416,0.8199,0.0216,,1
751,0.993,0.0000,0.0000,0.0000,,1
752,0.993,0.0000,0.0000,0.0000,,1
753,0.991,0.8339,0.7949,0.0389,,1
754,0.995,0.0000,0.0000,0.0000,,1
755,0.993,0.0000,0.0000,0.0000,,1
756,0.991,0.8669,0.8324,0.0345,,1
757,0.991,0.0000,0.0000,0.0000,,1
758,0.993,0.0000,0.0000,0.0000,,1
759,0.994,0.8642,0.8294,0.0348,,1
760,0.995,0.0000,0.0000,0.0000,,1
761,0.995,0.0000,0.0000,0.0000,,1
762,0.996,0.8635,0.8308,0.0327,,1
763,0.995,0.0000,0.0000,0.0000,,1
764,0.994,0.0000,0.0000,0.0000,,1
765,0.996,0.8662,0.8365,0.0297,,1
766,0.997,0.0000,0.0000,0.0000,,1
767,0.997,0.0000,0.0000,0.0000,,1
768,0.993,0.8551,0.8177,0.0374,,1
769,0.996,0.0000,0.0000,0.0000,,1
770,0.995,0.0000,0.0000,0.0000,,1
771,0.995,0.8480,0.8134,0.0346,,1
772,0.996,0.0000,0.0000,0.0000,,1
773,0.996,0.0000,0.0000,0.0000,,1
774,0.996,0.8336,0.8059,0.0276,,1
775,0.996,0.0000,0.0000,0.0000,,1
776,0.996,0.0000,0.0000,0.0000,,1
777,0.996,0.8567,0.8297,0.0269,,1
778,0.996,0.0000,0.0000,0.0000,,1
779,0.995,0.0000,0.0000,0.0000,,1
780,0.995,0.8474,0.8241,0.0233,,1
781,0.993,0.0000,0.0000,0.0000,,1
782,0.994,0.0000,0.0000,0.0000,,1
783,0.974,0.8238,0.7779,0.0459,,1
789,0.306,0.6640,0.6537,0.0104,,1
790,0.325,0.0000,0.0000,0.0000,,1
792,0.263,0.5554,0.5440,0.0114,,1
793,0.276,0.0000,0.0000,0.0000,,1
801,0.286,0.5788,0.5671,0.0117,,1
802,0.476,0.0000,0.0000,0.0000,,1
802,0.472,0.0000,0.0000,0.0000,,1
803,0.315,0.0000,0.0000,0.0000,,1
803,0.291,0.0000,0.0000,0.0000,,1
804,0.579,0.6980,0.6961,0.0019,,1
806,0.391,0.0000,0.0000,0.0000,,1
808,0.362,0.0000,0.0000,0.0000,,1
809,0.365,0.0000,0.0000,0.0000,,1
810,0.903,0.7860,0.7653,0.0206,,1
811,0.972,0.0000,0.0000,0.0000,,1
813,0.654,0.7803,0.7625,0.0179,,1
814,0.954,0.0000,0.0000,0.0000,,1
815,0.622,0.0000,0.0000,0.0000,,1
816,0.313,0.8195,0.7804,0.0390,,1
817,0.961,0.0000,0.0000,0.0000,,1
818,0.988,0.0000,0.0000,0.0000,,1
819,0.909,0.8289,0.7934,0.0355,,1
820,0.963,0.0000,0.0000,0.0000,,1
821,0.926,0.0000,0.0000,0.0000,,1
822,0.956,0.7734,0.7532,0.0202,,1
823,0.976,0.0000,0.0000,0.0000,,1
824,0.989,0.0000,0.0000,0.0000,,1
825,0.988,0.8314,0.7981,0.0333,,1
826,0.986,0.0000,0.0000,0.0000,,1
827,0.990,0.0000,0.0000,0.0000,,1
828,0.958,0.8169,0.7828,0.0341,,1
829,0.953,0.0000,0.0000,0.0000,,1
830,0.979,0.0000,0.0000,0.0000,,1
831,0.913,0.7965,0.7666,0.0299,,1
832,0.868,0.0000,0.0000,0.0000,,1
833,0.498,0.0000,0.0000,0.0000,,1
834,0.575,0.6206,0.6087,0.0118,,1
837,0.359,0.7028,0.6917,0.0112,,1
838,0.948,0.0000,0.0000,0.0000,,1
839,0.891,0.0000,0.0000,0.0000,,1
840,0.930,0.7523,0.7293,0.0230,,1
841,0.968,0.0000,0.0000,0.0000,,1
842,0.595,0.0000,0.0000,0.0000,,1
843,0.968,0.7259,0.7195,0.0065,,1
844,0.963,0.0000,0.0000,0.0000,,1
845,0.977,0.0000,0.0000,0.0000,,1
846,0.959,0.7360,0.7028,0.0332,,1
847,0.919,0.0000,0.0000,0.0000,,1
848,0.965,0.0000,0.0000,0.0000,,1
849,0.972,0.7507,0.7092,0.0415,,1
850,0.945,0.0000,0.0000,0.0000,,1
851,0.982,0.0000,0.0000,0.0000,,1
852,0.982,0.7414,0.7401,0.0013,,1
853,0.971,0.0000,0.0000,0.0000,,1
854,0.978,0.0000,0.0000,0.0000,,1
855,0.992,0.7824,0.7547,0.0278,,1
856,0.991,0.0000,0.0000,0.0000,,1
857,0.991,0.0000,0.0000,0.0000,,1
858,0.994,0.8011,0.7722,0.0289,,1
859,0.994,0.0000,0.0000,0.0000,,1
860,0.995,0.0000,0.0000,0.0000,,1
861,0.993,0.7797,0.7349,0.0447,,1
862,0.979,0.0000,0.0000,0.0000,,1
863,0.994,0.0000,0.0000,0.0000,,1
864,0.994,0.7954,0.7462,0.0492,,1
865,0.986,0.0000,0.0000,0.0000,,1
866,0.994,0.0000,0.0000,0.0000,,1
867,0.989,0.7908,0.7495,0.0412,,1
868,0.964,0.0000,0.0000,0.0000,,1
869,0.951,0.0000,0.0000,0.0000,,1
870,0.988,0.8173,0.7891,0.0282,,1
871,0.987,0.0000,0.0000,0.0000,,1
872,0.955,0.0000,0.0000,0.0000,,1
872,0.295,0.0000,0.0000,0.0000,,1
873,0.984,0.8241,0.7776,0.0466,,1
874,0.989,0.0000,0.0000,0.0000,,1
875,0.991,0.0000,0.0000,0.0000,,1
876,0.989,0.8489,0.8127,0.0362,,1
877,0.990,0.0000,0.0000,0.0000,,1
878,0.982,0.0000,0.0000,0.0000,,1
879,0.981,0.8434,0.8026,0.0407,,1
880,0.985,0.0000,0.0000,0.0000,,1
881,0.989,0.0000,0.0000,0.0000,,1
882,0.989,0.8454,0.8051,0.0403,,1
883,0.992,0.0000,0.0000,0.0000,,1
884,0.994,0.0000,0.0000,0.0000,,1
885,0.996,0.8441,0.7914,0.0527,nike_dunk_low_purple_court,0
886,0.996,0.0000,0.0000,0.0000,nike_dunk_low_purple_court,0
887,0.995,0.0000,0.0000,0.0000,nike_dunk_low_purple_court,0
888,0.995,0.8433,0.8073,0.0360,nike_dunk_low_purple_court,0
889,0.996,0.0000,0.0000,0.0000,nike_dunk_low_purple_court,0
890,0.994,0.0000,0.0000,0.0000,nike_dunk_low_purple_court,0
891,0.995,0.8426,0.7902,0.0524,nike_dunk_low_purple_court,0
892,0.994,0.0000,0.0000,0.0000,nike_dunk_low_purple_court,0
893,0.995,0.0000,0.0000,0.0000,nike_dunk_low_purple_court,0
894,0.995,0.8358,0.7970,0.0389,nike_dunk_low_purple_court,0
895,0.995,0.0000,0.0000,0.0000,nike_dunk_low_purple_court,0
896,0.995,0.0000,0.0000,0.0000,nike_dunk_low_purple_court,0
897,0.995,0.8356,0.7870,0.0487,nike_dunk_low_purple_court,0
898,0.995,0.0000,0.0000,0.0000,nike_dunk_low_purple_court,0
899,0.996,0.0000,0.0000,0.0000,,1
900,0.997,0.8401,0.7950,0.0451,,1
901,0.995,0.0000,0.0000,0.0000,,1
902,0.996,0.0000,0.0000,0.0000,,1
903,0.996,0.8358,0.7879,0.0479,,1
904,0.995,0.0000,0.0000,0.0000,,1
905,0.996,0.0000,0.0000,0.0000,,1
906,0.996,0.8341,0.7898,0.0443,,1
907,0.995,0.0000,0.0000,0.0000,,1
908,0.992,0.0000,0.0000,0.0000,,1
909,0.996,0.8340,0.7799,0.0540,nike_dunk_low_purple_court,0
910,0.992,0.0000,0.0000,0.0000,nike_dunk_low_purple_court,0
911,0.963,0.0000,0.0000,0.0000,nike_dunk_low_purple_court,0
912,0.970,0.8319,0.8003,0.0316,nike_dunk_low_purple_court,0
913,0.941,0.0000,0.0000,0.0000,nike_dunk_low_purple_court,0
914,0.935,0.0000,0.0000,0.0000,nike_dunk_low_purple_court,0
915,0.984,0.8308,0.7834,0.0474,nike_dunk_low_purple_court,0
916,0.957,0.0000,0.0000,0.0000,nike_dunk_low_purple_court,0
917,0.987,0.0000,0.0000,0.0000,,1
918,0.984,0.8087,0.7609,0.0478,,1
919,0.992,0.0000,0.0000,0.0000,,1
920,0.994,0.0000,0.0000,0.0000,,1
921,0.994,0.8393,0.8030,0.0363,,1
922,0.993,0.0000,0.0000,0.0000,,1
923,0.996,0.0000,0.0000,0.0000,,1
924,0.995,0.8313,0.7726,0.0587,nike_dunk_low_purple_court,0
925,0.997,0.0000,0.0000,0.0000,nike_dunk_low_purple_court,0
926,0.993,0.0000,0.0000,0.0000,nike_dunk_low_purple_court,0
927,0.994,0.8280,0.7756,0.0524,nike_dunk_low_purple_court,0
928,0.995,0.0000,0.0000,0.0000,nike_dunk_low_purple_court,0
929,0.997,0.0000,0.0000,0.0000,nike_dunk_low_purple_court,0
930,0.998,0.7928,0.7440,0.0488,nike_dunk_low_purple_court,0
931,0.998,0.0000,0.0000,0.0000,nike_dunk_low_purple_court,0
932,0.997,0.0000,0.0000,0.0000,nike_dunk_low_purple_court,0
933,0.996,0.8011,0.7553,0.0458,nike_dunk_low_purple_court,0
934,0.996,0.0000,0.0000,0.0000,nike_dunk_low_purple_court,0
935,0.997,0.0000,0.0000,0.0000,,1
936,0.997,0.8151,0.7606,0.0545,nike_dunk_low_purple_court,0
937,0.996,0.0000,0.0000,0.0000,nike_dunk_low_purple_court,0
938,0.996,0.0000,0.0000,0.0000,nike_dunk_low_purple_court,0
939,0.997,0.8290,0.7794,0.0497,nike_dunk_low_purple_court,0
940,0.985,0.0000,0.0000,0.0000,nike_dunk_low_purple_court,0
941,0.978,0.0000,0.0000,0.0000,nike_dunk_low_purple_court,0
942,0.972,0.8040,0.7644,0.0395,nike_dunk_low_purple_court,0
943,0.976,0.0000,0.0000,0.0000,nike_dunk_low_purple_court,0
944,0.969,0.0000,0.0000,0.0000,,1
945,0.965,0.6995,0.6920,0.0076,,1
946,0.901,0.0000,0.0000,0.0000,,1
954,0.301,0.4876,0.4814,0.0062,,1
957,0.304,0.5262,0.5120,0.0141,,1
958,0.412,0.0000,0.0000,0.0000,,1
959,0.288,0.0000,0.0000,0.0000,,1
960,0.288,0.4978,0.4976,0.0002,,1
961,0.303,0.0000,0.0000,0.0000,,1
962,0.330,0.0000,0.0000,0.0000,,1
963,0.321,0.5102,0.5098,0.0004,,1
975,0.305,0.5287,0.5242,0.0044,,1
976,0.285,0.0000,0.0000,0.0000,,1
977,0.286,0.0000,0.0000,0.0000,,1
978,0.280,0.5308,0.5191,0.0117,,1
982,0.253,0.0000,0.0000,0.0000,,1
986,0.250,0.0000,0.0000,0.0000,,1
988,0.264,0.0000,0.0000,0.0000,,1
989,0.309,0.0000,0.0000,0.0000,,1
999,0.287,0.5283,0.5113,0.0170,,1
1002,0.281,0.5161,0.5039,0.0123,,1
1003,0.289,0.0000,0.0000,0.0000,,1
1013,0.258,0.0000,0.0000,0.0000,,1
1014,0.325,0.5109,0.4946,0.0163,,1
1015,0.273,0.0000,0.0000,0.0000,,1
1053,0.257,0.5076,0.4902,0.0174,,1
1054,0.343,0.0000,0.0000,0.0000,,1
1062,0.252,0.5124,0.4984,0.0140,,1
1383,0.382,0.5888,0.5885,0.0003,,1
1385,0.399,0.0000,0.0000,0.0000,,1
1387,0.398,0.0000,0.0000,0.0000,,1
1388,0.338,0.0000,0.0000,0.0000,,1
1389,0.429,0.5802,0.5620,0.0181,,1
1390,0.407,0.0000,0.0000,0.0000,,1
1391,0.512,0.0000,0.0000,0.0000,,1
1392,0.470,0.5525,0.5516,0.0010,,1
1393,0.481,0.0000,0.0000,0.0000,,1
1394,0.321,0.0000,0.0000,0.0000,,1
1399,0.264,0.0000,0.0000,0.0000,,1
1413,0.287,0.5898,0.5879,0.0020,,1
1414,0.309,0.0000,0.0000,0.0000,,1
1419,0.320,0.6325,0.6260,0.0064,,1
1421,0.426,0.0000,0.0000,0.0000,,1
1422,0.506,0.5795,0.5780,0.0015,,1
1423,0.485,0.0000,0.0000,0.0000,,1
1424,0.335,0.0000,0.0000,0.0000,,1
1425,0.420,0.5845,0.5777,0.0068,,1
1426,0.273,0.0000,0.0000,0.0000,,1
1427,0.431,0.0000,0.0000,0.0000,,1
1428,0.416,0.5903,0.5887,0.0016,,1
1429,0.452,0.0000,0.0000,0.0000,,1
1430,0.432,0.0000,0.0000,0.0000,,1
1431,0.323,0.5699,0.5639,0.0060,,1
1432,0.349,0.0000,0.0000,0.0000,,1
1433,0.356,0.0000,0.0000,0.0000,,1
1434,0.416,0.5918,0.5897,0.0021,,1
1435,0.374,0.0000,0.0000,0.0000,,1
1436,0.442,0.0000,0.0000,0.0000,,1
1437,0.354,0.5744,0.5664,0.0080,,1
1438,0.317,0.0000,0.0000,0.0000,,1
1439,0.428,0.0000,0.0000,0.0000,,1
1440,0.408,0.5763,0.5733,0.0030,,1
1441,0.318,0.0000,0.0000,0.0000,,1
1442,0.394,0.0000,0.0000,0.0000,,1
1443,0.391,0.5661,0.5634,0.0027,,1
1444,0.424,0.0000,0.0000,0.0000,,1
1445,0.379,0.0000,0.0000,0.0000,,1
1446,0.321,0.5857,0.5832,0.0025,,1
1447,0.336,0.0000,0.0000,0.0000,,1
1448,0.334,0.0000,0.0000,0.0000,,1
1449,0.295,0.5711,0.5595,0.0116,,1
1450,0.272,0.0000,0.0000,0.0000,,1
1451,0.281,0.0000,0.0000,0.0000,,1
1452,0.275,0.5734,0.5695,0.0039,,1
1453,0.378,0.0000,0.0000,0.0000,,1
1454,0.435,0.0000,0.0000,0.0000,,1
1455,0.384,0.5719,0.5704,0.0015,,1
1456,0.297,0.0000,0.0000,0.0000,,1
1457,0.382,0.0000,0.0000,0.0000,,1
1458,0.484,0.5669,0.5616,0.0053,,1
1459,0.423,0.0000,0.0000,0.0000,,1
1460,0.380,0.0000,0.0000,0.0000,,1
1461,0.403,0.5499,0.5487,0.0012,,1
1462,0.343,0.0000,0.0000,0.0000,,1
1463,0.333,0.0000,0.0000,0.0000,,1
1464,0.366,0.5692,0.5631,0.0061,,1
1465,0.338,0.0000,0.0000,0.0000,,1
1466,0.433,0.0000,0.0000,0.0000,,1
1467,0.424,0.5468,0.5436,0.0032,,1
1468,0.309,0.0000,0.0000,0.0000,,1
1469,0.341,0.0000,0.0000,0.0000,,1
1470,0.298,0.5530,0.5470,0.0059,,1
1471,0.415,0.0000,0.0000,0.0000,,1
1472,0.398,0.0000,0.0000,0.0000,,1
1473,0.436,0.5724,0.5704,0.0020,,1
1474,0.405,0.0000,0.0000,0.0000,,1
1475,0.447,0.0000,0.0000,0.0000,,1
1476,0.336,0.5827,0.5799,0.0028,,1
1477,0.299,0.0000,0.0000,0.0000,,1
1478,0.397,0.0000,0.0000,0.0000,,1
1479,0.493,0.5574,0.5516,0.0057,,1
1480,0.445,0.0000,0.0000,0.0000,,1
1481,0.427,0.0000,0.0000,0.0000,,1
1482,0.472,0.5786,0.5742,0.0044,,1
1483,0.448,0.0000,0.0000,0.0000,,1
1484,0.438,0.0000,0.0000,0.0000,,1
1485,0.443,0.5840,0.5836,0.0004,,1
1486,0.447,0.0000,0.0000,0.0000,,1
1487,0.498,0.0000,0.0000,0.0000,,1
1488,0.376,0.6097,0.6069,0.0028,,1
1489,0.434,0.0000,0.0000,0.0000,,1
1490,0.406,0.0000,0.0000,0.0000,,1
1491,0.356,0.5885,0.5823,0.0062,,1
1492,0.370,0.0000,0.0000,0.0000,,1
1493,0.379,0.0000,0.0000,0.0000,,1
1494,0.393,0.5893,0.5852,0.0041,,1
1495,0.437,0.0000,0.0000,0.0000,,1
1496,0.385,0.0000,0.0000,0.0000,,1
1497,0.473,0.5765,0.5711,0.0054,,1
1498,0.494,0.0000,0.0000,0.0000,,1
1499,0.457,0.0000,0.0000,0.0000,,1
1500,0.495,0.5753,0.5655,0.0097,,1
1501,0.488,0.0000,0.0000,0.0000,,1
1502,0.507,0.0000,0.0000,0.0000,,1
1503,0.468,0.5929,0.5924,0.0005,,1
1504,0.456,0.0000,0.0000,0.0000,,1
1505,0.409,0.0000,0.0000,0.0000,,1
1506,0.342,0.5674,0.5555,0.0119,,1
1507,0.417,0.0000,0.0000,0.0000,,1
1508,0.518,0.0000,0.0000,0.0000,,1
1509,0.434,0.5884,0.5833,0.0051,,1
1510,0.445,0.0000,0.0000,0.0000,,1
1511,0.395,0.0000,0.0000,0.0000,,1
1512,0.404,0.5812,0.5747,0.0064,,1
1513,0.383,0.0000,0.0000,0.0000,,1
1514,0.284,0.0000,0.0000,0.0000,,1
1515,0.419,0.5637,0.5605,0.0032,,1
1516,0.373,0.0000,0.0000,0.0000,,1
1517,0.404,0.0000,0.0000,0.0000,,1
1518,0.390,0.5637,0.5588,0.0049,,1
1519,0.349,0.0000,0.0000,0.0000,,1
1520,0.319,0.0000,0.0000,0.0000,,1
1521,0.323,0.5953,0.5926,0.0027,,1
1522,0.299,0.0000,0.0000,0.0000,,1
1523,0.374,0.0000,0.0000,0.0000,,1
1524,0.384,0.5849,0.5810,0.0039,,1
1525,0.427,0.0000,0.0000,0.0000,,1
1526,0.378,0.0000,0.0000,0.0000,,1
1527,0.377,0.5862,0.5861,0.0001,,1
1528,0.358,0.0000,0.0000,0.0000,,1
1529,0.368,0.0000,0.0000,0.0000,,1
1530,0.408,0.5607,0.5542,0.0065,,1
1531,0.366,0.0000,0.0000,0.0000,,1
1532,0.346,0.0000,0.0000,0.0000,,1
1533,0.358,0.5807,0.5798,0.0009,,1
1534,0.405,0.0000,0.0000,0.0000,,1
1535,0.341,0.0000,0.0000,0.0000,,1
1536,0.371,0.5681,0.5621,0.0060,,1
1537,0.404,0.0000,0.0000,0.0000,,1
1538,0.381,0.0000,0.0000,0.0000,,1
1539,0.314,0.5865,0.5790,0.0075,,1
1540,0.414,0.0000,0.0000,0.0000,,1
1541,0.390,0.0000,0.0000,0.0000,,1
1542,0.312,0.5536,0.5460,0.0076,,1
1543,0.320,0.0000,0.0000,0.0000,,1
1544,0.417,0.0000,0.0000,0.0000,,1
1545,0.287,0.5563,0.5560,0.0004,,1
1547,0.270,0.0000,0.0000,0.0000,,1
1548,0.298,0.5643,0.5626,0.0017,,1
1549,0.344,0.0000,0.0000,0.0000,,1
1550,0.303,0.0000,0.0000,0.0000,,1
1551,0.359,0.5656,0.5615,0.0040,,1
1552,0.290,0.0000,0.0000,0.0000,,1
1553,0.386,0.0000,0.0000,0.0000,,1
1554,0.312,0.5874,0.5842,0.0032,,1
1555,0.310,0.0000,0.0000,0.0000,,1
1556,0.367,0.0000,0.0000,0.0000,,1
1557,0.281,0.6178,0.6131,0.0047,,1
1558,0.307,0.0000,0.0000,0.0000,,1
1559,0.274,0.0000,0.0000,0.0000,,1
1560,0.342,0.5848,0.5798,0.0049,,1
1561,0.286,0.0000,0.0000,0.0000,,1
1562,0.345,0.0000,0.0000,0.0000,,1
1563,0.324,0.5732,0.5725,0.0007,,1
1564,0.328,0.0000,0.0000,0.0000,,1
1565,0.337,0.0000,0.0000,0.0000,,1
1566,0.402,0.5831,0.5710,0.0121,,1
1567,0.350,0.0000,0.0000,0.0000,,1
1568,0.424,0.0000,0.0000,0.0000,,1
1569,0.487,0.5754,0.5637,0.0117,,1
1570,0.503,0.0000,0.0000,0.0000,,1
1571,0.405,0.0000,0.0000,0.0000,,1
1572,0.436,0.5506,0.5422,0.0084,,1
1573,0.401,0.0000,0.0000,0.0000,,1
1574,0.324,0.0000,0.0000,0.0000,,1
1575,0.274,0.5781,0.5778,0.0003,,1
1576,0.354,0.0000,0.0000,0.0000,,1
1577,0.345,0.0000,0.0000,0.0000,,1
1578,0.337,0.5635,0.5555,0.0080,,1
1579,0.397,0.0000,0.0000,0.0000,,1
1580,0.427,0.0000,0.0000,0.0000,,1
1581,0.456,0.5593,0.5573,0.0021,,1
1582,0.369,0.0000,0.0000,0.0000,,1
1583,0.347,0.0000,0.0000,0.0000,,1
1584,0.345,0.5750,0.5719,0.0032,,1
1585,0.312,0.0000,0.0000,0.0000,,1
1586,0.380,0.0000,0.0000,0.0000,,1
1587,0.427,0.5846,0.5752,0.0095,,1
1588,0.471,0.0000,0.0000,0.0000,,1
1589,0.463,0.0000,0.0000,0.0000,,1
1590,0.442,0.5806,0.5763,0.0043,,1
1591,0.419,0.0000,0.0000,0.0000,,1
1592,0.438,0.0000,0.0000,0.0000,,1
1593,0.423,0.5792,0.5732,0.0060,,1
1594,0.400,0.0000,0.0000,0.0000,,1
1595,0.390,0.0000,0.0000,0.0000,,1
1596,0.394,0.6107,0.6004,0.0103,,1
1597,0.367,0.0000,0.0000,0.0000,,1
1598,0.464,0.0000,0.0000,0.0000,,1
1599,0.410,0.5790,0.5731,0.0059,,1
1600,0.424,0.0000,0.0000,0.0000,,1
1601,0.408,0.0000,0.0000,0.0000,,1
1602,0.455,0.5760,0.5753,0.0006,,1
1603,0.359,0.0000,0.0000,0.0000,,1
1604,0.398,0.0000,0.0000,0.0000,,1
1605,0.291,0.5823,0.5802,0.0021,,1
1606,0.345,0.0000,0.0000,0.0000,,1
1607,0.384,0.0000,0.0000,0.0000,,1
1608,0.430,0.5820,0.5786,0.0035,,1
1609,0.373,0.0000,0.0000,0.0000,,1
1610,0.363,0.0000,0.0000,0.0000,,1
1611,0.337,0.6034,0.6019,0.0015,,1
1612,0.293,0.0000,0.0000,0.0000,,1
1613,0.328,0.0000,0.0000,0.0000,,1
1614,0.351,0.5715,0.5669,0.0046,,1
1615,0.363,0.0000,0.0000,0.0000,,1
1616,0.419,0.0000,0.0000,0.0000,,1
1617,0.404,0.6166,0.6124,0.0042,,1
1618,0.414,0.0000,0.0000,0.0000,,1
1619,0.361,0.0000,0.0000,0.0000,,1
1620,0.356,0.6019,0.5970,0.0049,,1
1621,0.404,0.0000,0.0000,0.0000,,1
1622,0.357,0.0000,0.0000,0.0000,,1
1623,0.321,0.6184,0.6124,0.0059,,1
1624,0.414,0.0000,0.0000,0.0000,,1
1625,0.416,0.0000,0.0000,0.0000,,1
1626,0.491,0.5729,0.5719,0.0010,,1
1627,0.417,0.0000,0.0000,0.0000,,1
1628,0.435,0.0000,0.0000,0.0000,,1
1629,0.411,0.5627,0.5599,0.0027,,1
1630,0.379,0.0000,0.0000,0.0000,,1
1631,0.321,0.0000,0.0000,0.0000,,1
1632,0.366,0.5822,0.5767,0.0055,,1
1633,0.378,0.0000,0.0000,0.0000,,1
1634,0.284,0.0000,0.0000,0.0000,,1
1635,0.303,0.5908,0.5883,0.0026,,1
1636,0.320,0.0000,0.0000,0.0000,,1
1637,0.351,0.0000,0.0000,0.0000,,1
1638,0.329,0.5904,0.5827,0.0077,,1
1639,0.379,0.0000,0.0000,0.0000,,1
1640,0.288,0.0000,0.0000,0.0000,,1
1641,0.366,0.5850,0.5790,0.0060,,1
1642,0.360,0.0000,0.0000,0.0000,,1
1643,0.321,0.0000,0.0000,0.0000,,1
1644,0.343,0.5669,0.5588,0.0082,,1
1645,0.317,0.0000,0.0000,0.0000,,1
1646,0.304,0.0000,0.0000,0.0000,,1
1647,0.288,0.5929,0.5907,0.0022,,1
1648,0.388,0.0000,0.0000,0.0000,,1
1649,0.312,0.0000,0.0000,0.0000,,1
1650,0.304,0.5919,0.5899,0.0020,,1
1651,0.327,0.0000,0.0000,0.0000,,1
1652,0.302,0.0000,0.0000,0.0000,,1
1653,0.311,0.5751,0.5732,0.0018,,1
1654,0.319,0.0000,0.0000,0.0000,,1
1655,0.384,0.0000,0.0000,0.0000,,1
1656,0.368,0.5901,0.5875,0.0026,,1
1657,0.355,0.0000,0.0000,0.0000,,1
1658,0.351,0.0000,0.0000,0.0000,,1
1659,0.401,0.5725,0.5721,0.0004,,1
1660,0.422,0.0000,0.0000,0.0000,,1
1661,0.459,0.0000,0.0000,0.0000,,1
1662,0.414,0.5790,0.5788,0.0002,,1
1663,0.397,0.0000,0.0000,0.0000,,1
1664,0.344,0.0000,0.0000,0.0000,,1
1665,0.356,0.5812,0.5699,0.0113,,1
1666,0.334,0.0000,0.0000,0.0000,,1
1667,0.381,0.0000,0.0000,0.0000,,1
1668,0.380,0.5816,0.5815,0.0001,,1
1669,0.425,0.0000,0.0000,0.0000,,1
1670,0.413,0.0000,0.0000,0.0000,,1
1671,0.453,0.5841,0.5805,0.0036,,1
1672,0.391,0.0000,0.0000,0.0000,,1
1673,0.444,0.0000,0.0000,0.0000,,1
1674,0.504,0.5922,0.5888,0.0034,,1
1675,0.412,0.0000,0.0000,0.0000,,1
1676,0.496,0.0000,0.0000,0.0000,,1
1677,0.448,0.5856,0.5799,0.0057,,1
1678,0.458,0.0000,0.0000,0.0000,,1
1679,0.416,0.0000,0.0000,0.0000,,1
1680,0.391,0.5707,0.5632,0.0075,,1
1681,0.349,0.0000,0.0000,0.0000,,1
1682,0.384,0.0000,0.0000,0.0000,,1
1683,0.383,0.5790,0.5769,0.0020,,1
1684,0.351,0.0000,0.0000,0.0000,,1
1685,0.424,0.0000,0.0000,0.0000,,1
1686,0.401,0.5613,0.5609,0.0004,,1
1687,0.409,0.0000,0.0000,0.0000,,1
1688,0.438,0.0000,0.0000,0.0000,,1
1689,0.453,0.5667,0.5516,0.0151,,1
1690,0.423,0.0000,0.0000,0.0000,,1
1691,0.406,0.0000,0.0000,0.0000,,1
1692,0.363,0.5630,0.5614,0.0016,,1
1693,0.364,0.0000,0.0000,0.0000,,1
1694,0.313,0.0000,0.0000,0.0000,,1
1695,0.397,0.5952,0.5909,0.0043,,1
1696,0.387,0.0000,0.0000,0.0000,,1
1697,0.340,0.0000,0.0000,0.0000,,1
1698,0.372,0.5684,0.5598,0.0087,,1
1699,0.452,0.0000,0.0000,0.0000,,1
1700,0.319,0.0000,0.0000,0.0000,,1
1701,0.457,0.5894,0.5820,0.0074,,1
1702,0.489,0.0000,0.0000,0.0000,,1
1703,0.468,0.0000,0.0000,0.0000,,1
1704,0.426,0.5689,0.5660,0.0029,,1
1705,0.416,0.0000,0.0000,0.0000,,1
1706,0.436,0.0000,0.0000,0.0000,,1
1707,0.438,0.5635,0.5632,0.0003,,1
1708,0.431,0.0000,0.0000,0.0000,,1
1709,0.343,0.0000,0.0000,0.0000,,1
1710,0.379,0.5570,0.5522,0.0048,,1
1711,0.373,0.0000,0.0000,0.0000,,1
1712,0.346,0.0000,0.0000,0.0000,,1
1713,0.409,0.5983,0.5982,0.0001,,1
1714,0.390,0.0000,0.0000,0.0000,,1
1715,0.345,0.0000,0.0000,0.0000,,1
1716,0.379,0.5771,0.5752,0.0019,,1
1717,0.412,0.0000,0.0000,0.0000,,1
1718,0.315,0.0000,0.0000,0.0000,,1
1719,0.317,0.5721,0.5693,0.0028,,1
1720,0.349,0.0000,0.0000,0.0000,,1
1721,0.304,0.0000,0.0000,0.0000,,1
1722,0.295,0.5553,0.5550,0.0003,,1
1723,0.386,0.0000,0.0000,0.0000,,1
1724,0.334,0.0000,0.0000,0.0000,,1
1725,0.330,0.5684,0.5589,0.0095,,1
1726,0.370,0.0000,0.0000,0.0000,,1
1727,0.382,0.0000,0.0000,0.0000,,1
1728,0.374,0.5875,0.5811,0.0064,,1
1729,0.332,0.0000,0.0000,0.0000,,1
1730,0.352,0.0000,0.0000,0.0000,,1
1731,0.294,0.5859,0.5840,0.0019,,1
1733,0.351,0.0000,0.0000,0.0000,,1
1734,0.327,0.5639,0.5578,0.0061,,1
1735,0.425,0.0000,0.0000,0.0000,,1
1736,0.324,0.0000,0.0000,0.0000,,1
1737,0.267,0.5786,0.5724,0.0062,,1
1738,0.345,0.0000,0.0000,0.0000,,1
1739,0.301,0.0000,0.0000,0.0000,,1
1740,0.349,0.5876,0.5812,0.0065,,1
1741,0.385,0.0000,0.0000,0.0000,,1
1742,0.257,0.0000,0.0000,0.0000,,1
1743,0.312,0.5732,0.5708,0.0023,,1
1744,0.311,0.0000,0.0000,0.0000,,1
1745,0.335,0.0000,0.0000,0.0000,,1
1746,0.321,0.5609,0.5588,0.0021,,1
1747,0.549,0.0000,0.0000,0.0000,,1
1748,0.378,0.0000,0.0000,0.0000,,1
1749,0.338,0.5558,0.5256,0.0302,,1
1750,0.359,0.0000,0.0000,0.0000,,1
1751,0.480,0.0000,0.0000,0.0000,,1
1752,0.707,0.5731,0.5454,0.0277,,1
1753,0.762,0.0000,0.0000,0.0000,,1
1754,0.752,0.0000,0.0000,0.0000,,1
1755,0.772,0.5787,0.5738,0.0049,,1
1756,0.517,0.0000,0.0000,0.0000,,1
1759,0.335,0.0000,0.0000,0.0000,,1
1760,0.349,0.0000,0.0000,0.0000,,1
1761,0.409,0.6251,0.6059,0.0193,,1
1762,0.403,0.0000,0.0000,0.0000,,1
1763,0.376,0.0000,0.0000,0.0000,,1
1764,0.289,0.6322,0.6054,0.0268,,1
1765,0.258,0.0000,0.0000,0.0000,,1
1768,0.305,0.0000,0.0000,0.0000,,1
1769,0.346,0.0000,0.0000,0.0000,,1
1770,0.401,0.6014,0.5773,0.0241,,1
1771,0.432,0.0000,0.0000,0.0000,,1
1772,0.522,0.0000,0.0000,0.0000,,1
1772,0.417,0.0000,0.0000,0.0000,,1
1773,0.587,0.5956,0.5734,0.0222,,1
1774,0.671,0.0000,0.0000,0.0000,,1
1774,0.363,0.0000,0.0000,0.0000,,1
1777,0.319,0.0000,0.0000,0.0000,,1
1785,0.530,0.4926,0.4874,0.0052,,1
1787,0.272,0.0000,0.0000,0.0000,,1
1792,0.285,0.0000,0.0000,0.0000,,1
1793,0.355,0.0000,0.0000,0.0000,,1
1794,0.396,0.5139,0.4990,0.0149,,1
1795,0.260,0.0000,0.0000,0.0000,,1
1799,0.285,0.0000,0.0000,0.0000,,1
1800,0.342,0.4740,0.4454,0.0286,,1
1801,0.294,0.0000,0.0000,0.0000,,1
1802,0.257,0.0000,0.0000,0.0000,,1
1810,0.266,0.0000,0.0000,0.0000,,1
1811,0.705,0.0000,0.0000,0.0000,,1
1811,0.481,0.0000,0.0000,0.0000,,1
1812,0.484,0.7532,0.7348,0.0184,,1
1814,0.352,0.0000,0.0000,0.0000,,1
1818,0.436,0.7677,0.7545,0.0132,,1
1818,0.391,0.5503,0.5341,0.0162,,1
1819,0.697,0.0000,0.0000,0.0000,,1
1820,0.886,0.0000,0.0000,0.0000,,1
1820,0.272,0.0000,0.0000,0.0000,,1
1821,0.830,0.7962,0.7624,0.0337,,1
1821,0.360,0.5638,0.5541,0.0097,,1
1822,0.844,0.0000,0.0000,0.0000,,1
1822,0.565,0.0000,0.0000,0.0000,,1
1823,0.982,0.0000,0.0000,0.0000,,1
1823,0.568,0.0000,0.0000,0.0000,,1
1824,0.744,0.7686,0.7685,0.0001,,1
1824,0.534,0.5639,0.5637,0.0002,,1
1824,0.318,0.7227,0.7171,0.0056,,1
1825,0.942,0.0000,0.0000,0.0000,,1
1825,0.436,0.0000,0.0000,0.0000,,1
1826,0.832,0.0000,0.0000,0.0000,,1
1826,0.777,0.0000,0.0000,0.0000,,1
1826,0.333,0.0000,0.0000,0.0000,,1
1827,0.942,0.7658,0.7655,0.0003,,1
1828,0.943,0.0000,0.0000,0.0000,,1
1828,0.481,0.0000,0.0000,0.0000,,1
1829,0.872,0.0000,0.0000,0.0000,,1
1829,0.553,0.0000,0.0000,0.0000,,1
1829,0.536,0.0000,0.0000,0.0000,,1
1830,0.883,0.8021,0.7968,0.0052,,1
1830,0.503,0.5277,0.5273,0.0004,,1
1830,0.454,0.7800,0.7693,0.0106,,1
1831,0.729,0.0000,0.0000,0.0000,,1
1831,0.709,0.0000,0.0000,0.0000,,1
1831,0.588,0.0000,0.0000,0.0000,,1
1832,0.941,0.0000,0.0000,0.0000,,1
1833,0.872,0.8197,0.8147,0.0050,,1
1834,0.935,0.0000,0.0000,0.0000,,1
1835,0.970,0.0000,0.0000,0.0000,,1
1836,0.967,0.7888,0.7752,0.0136,,1
1837,0.955,0.0000,0.0000,0.0000,,1
1838,0.975,0.0000,0.0000,0.0000,,1
1839,0.965,0.8115,0.7955,0.0159,,1
1840,0.796,0.0000,0.0000,0.0000,,1
1841,0.977,0.0000,0.0000,0.0000,,1
1842,0.975,0.8038,0.7964,0.0074,,1
1843,0.984,0.0000,0.0000,0.0000,,1
1844,0.974,0.0000,0.0000,0.0000,,1
1845,0.982,0.7875,0.7840,0.0035,,1
1846,0.986,0.0000,0.0000,0.0000,,1
1847,0.988,0.0000,0.0000,0.0000,,1
1848,0.983,0.7834,0.7833,0.0001,,1
1849,0.976,0.0000,0.0000,0.0000,,1
1850,0.822,0.0000,0.0000,0.0000,,1
1851,0.559,0.7801,0.7609,0.0192,,1
1851,0.550,0.7379,0.7151,0.0228,,1
1852,0.943,0.0000,0.0000,0.0000,,1
1853,0.982,0.0000,0.0000,0.0000,,1
1854,0.991,0.7889,0.7851,0.0038,,1
1855,0.994,0.0000,0.0000,0.0000,,1
1856,0.991,0.0000,0.0000,0.0000,,1
1857,0.991,0.7692,0.7657,0.0035,,1
1858,0.988,0.0000,0.0000,0.0000,,1
1859,0.990,0.0000,0.0000,0.0000,,1
1860,0.991,0.7781,0.7709,0.0071,,1
1861,0.990,0.0000,0.0000,0.0000,,1
1862,0.994,0.0000,0.0000,0.0000,,1
1863,0.994,0.7771,0.7714,0.0058,,1
1864,0.992,0.0000,0.0000,0.0000,,1
1865,0.985,0.0000,0.0000,0.0000,,1
1866,0.991,0.7541,0.7451,0.0090,,1
1867,0.778,0.0000,0.0000,0.0000,,1
1868,0.897,0.0000,0.0000,0.0000,,1
1869,0.800,0.7499,0.7404,0.0095,,1
1870,0.693,0.0000,0.0000,0.0000,,1
1871,0.936,0.0000,0.0000,0.0000,,1
1872,0.665,0.7589,0.7550,0.0039,,1
1873,0.801,0.0000,0.0000,0.0000,,1
1874,0.942,0.0000,0.0000,0.0000,,1
1875,0.944,0.7498,0.7484,0.0015,,1
1876,0.913,0.0000,0.0000,0.0000,,1
1877,0.956,0.0000,0.0000,0.0000,,1
1878,0.943,0.7531,0.7495,0.0036,,1
1879,0.898,0.0000,0.0000,0.0000,,1
1880,0.869,0.0000,0.0000,0.0000,,1
1881,0.697,0.7333,0.7229,0.0104,,1
1882,0.712,0.0000,0.0000,0.0000,,1
1883,0.810,0.0000,0.0000,0.0000,,1
1884,0.961,0.7101,0.6996,0.0105,,1
1885,0.939,0.0000,0.0000,0.0000,,1
1886,0.984,0.0000,0.0000,0.0000,,1
1887,0.984,0.7475,0.7226,0.0249,,1
1888,0.960,0.0000,0.0000,0.0000,,1
1889,0.442,0.0000,0.0000,0.0000,,1
1893,0.301,0.6522,0.6496,0.0026,,1
1910,0.262,0.0000,0.0000,0.0000,,1
1923,0.472,0.6071,0.5986,0.0085,,1
1927,0.563,0.0000,0.0000,0.0000,,1
1929,0.412,0.7619,0.7440,0.0178,,1
1930,0.347,0.0000,0.0000,0.0000,,1
1933,0.621,0.0000,0.0000,0.0000,,1
1934,0.674,0.0000,0.0000,0.0000,,1
1936,0.279,0.0000,0.0000,0.0000,,1
1939,0.429,0.0000,0.0000,0.0000,,1
1939,0.368,0.0000,0.0000,0.0000,,1
1940,0.755,0.0000,0.0000,0.0000,,1
1941,0.913,0.8133,0.7888,0.0246,,1
1942,0.904,0.0000,0.0000,0.0000,,1
1943,0.735,0.0000,0.0000,0.0000,,1
1943,0.294,0.0000,0.0000,0.0000,,1
1944,0.677,0.7794,0.7621,0.0173,,1
1945,0.850,0.0000,0.0000,0.0000,,1
1946,0.679,0.0000,0.0000,0.0000,,1
1946,0.491,0.0000,0.0000,0.0000,,1
1947,0.540,0.8255,0.7890,0.0365,,1
1947,0.360,0.7790,0.7478,0.0313,,1
1948,0.517,0.0000,0.0000,0.0000,,1
1948,0.292,0.0000,0.0000,0.0000,,1
1949,0.698,0.0000,0.0000,0.0000,,1
1950,0.709,0.8022,0.7778,0.0244,,1
1950,0.306,0.8152,0.7822,0.0330,,1
1951,0.535,0.0000,0.0000,0.0000,,1
1951,0.410,0.0000,0.0000,0.0000,,1
1952,0.888,0.0000,0.0000,0.0000,,1
1953,0.837,0.8133,0.8034,0.0099,,1
1954,0.823,0.0000,0.0000,0.0000,,1
1954,0.257,0.0000,0.0000,0.0000,,1
1955,0.675,0.0000,0.0000,0.0000,,1
1955,0.478,0.0000,0.0000,0.0000,,1
1956,0.725,0.8240,0.7924,0.0316,,1
1956,0.387,0.8329,0.7904,0.0425,,1
1957,0.704,0.0000,0.0000,0.0000,,1
1957,0.342,0.0000,0.0000,0.0000,,1
1958,0.412,0.0000,0.0000,0.0000,,1
1958,0.400,0.0000,0.0000,0.0000,,1
1959,0.622,0.8200,0.7897,0.0304,,1
1959,0.259,0.8284,0.7894,0.0390,,1
1960,0.607,0.0000,0.0000,0.0000,,1
1961,0.454,0.0000,0.0000,0.0000,,1
1961,0.274,0.0000,0.0000,0.0000,,1
1962,0.497,0.7984,0.7746,0.0238,,1
1963,0.677,0.0000,0.0000,0.0000,,1
1964,0.883,0.0000,0.0000,0.0000,,1
1964,0.408,0.0000,0.0000,0.0000,,1
1965,0.705,0.7945,0.7811,0.0134,,1
1965,0.478,0.7737,0.7516,0.0220,,1
1966,0.978,0.0000,0.0000,0.0000,,1
1967,0.959,0.0000,0.0000,0.0000,,1
1968,0.960,0.8301,0.8142,0.0158,,1
1969,0.973,0.0000,0.0000,0.0000,,1
1970,0.870,0.0000,0.0000,0.0000,,1
1971,0.659,0.7581,0.7375,0.0205,,1
1971,0.272,0.7934,0.7498,0.0436,,1
1972,0.724,0.0000,0.0000,0.0000,,1
1973,0.601,0.0000,0.0000,0.0000,,1
1974,0.855,0.7949,0.7591,0.0357,,1
1975,0.969,0.0000,0.0000,0.0000,,1
1976,0.408,0.0000,0.0000,0.0000,,1
1976,0.346,0.0000,0.0000,0.0000,,1
1976,0.344,0.0000,0.0000,0.0000,,1
1977,0.676,0.8047,0.7744,0.0304,,1
1978,0.825,0.0000,0.0000,0.0000,,1
1979,0.896,0.0000,0.0000,0.0000,,1
1980,0.851,0.7739,0.7523,0.0216,,1
1981,0.939,0.0000,0.0000,0.0000,,1
1982,0.563,0.0000,0.0000,0.0000,,1
1982,0.281,0.0000,0.0000,0.0000,,1
1983,0.519,0.7805,0.7736,0.0069,,1
1983,0.490,0.7914,0.7732,0.0183,,1
1984,0.730,0.0000,0.0000,0.0000,,1
1985,0.995,0.0000,0.0000,0.0000,,1
1986,0.991,0.8157,0.7969,0.0189,,1
1987,0.988,0.0000,0.0000,0.0000,,1
1988,0.961,0.0000,0.0000,0.0000,,1
1989,0.976,0.8063,0.7704,0.0359,,1
1990,0.950,0.0000,0.0000,0.0000,,1
1991,0.993,0.0000,0.0000,0.0000,,1
1992,0.994,0.8085,0.7866,0.0219,,1
1993,0.994,0.0000,0.0000,0.0000,,1
1994,0.993,0.0000,0.0000,0.0000,,1
1995,0.991,0.7898,0.7595,0.0303,,1
1996,0.990,0.0000,0.0000,0.0000,,1
1997,0.990,0.0000,0.0000,0.0000,,1
1998,0.992,0.8169,0.7903,0.0265,,1
1999,0.991,0.0000,0.0000,0.0000,,1
2000,0.996,0.0000,0.0000,0.0000,,1
2001,0.996,0.7903,0.7536,0.0367,,1
2002,0.996,0.0000,0.0000,0.0000,,1
2003,0.996,0.0000,0.0000,0.0000,,1
2004,0.996,0.7966,0.7551,0.0415,,1
2005,0.995,0.0000,0.0000,0.0000,,1
2006,0.997,0.0000,0.0000,0.0000,,1
2007,0.996,0.8105,0.7796,0.0309,,1
2008,0.996,0.0000,0.0000,0.0000,,1
2009,0.995,0.0000,0.0000,0.0000,,1
2010,0.995,0.8114,0.7800,0.0314,,1
2011,0.995,0.0000,0.0000,0.0000,,1
2012,0.995,0.0000,0.0000,0.0000,,1
2013,0.995,0.8031,0.7821,0.0210,,1
2014,0.996,0.0000,0.0000,0.0000,,1
2015,0.996,0.0000,0.0000,0.0000,,1
2016,0.996,0.8129,0.7793,0.0337,,1
2017,0.996,0.0000,0.0000,0.0000,,1
2018,0.996,0.0000,0.0000,0.0000,,1
2019,0.996,0.8020,0.7706,0.0314,,1
2020,0.996,0.0000,0.0000,0.0000,,1
2021,0.996,0.0000,0.0000,0.0000,,1
2022,0.995,0.7973,0.7693,0.0280,,1
2023,0.995,0.0000,0.0000,0.0000,,1
2024,0.995,0.0000,0.0000,0.0000,,1
2025,0.995,0.8042,0.7699,0.0342,,1
2026,0.995,0.0000,0.0000,0.0000,,1
2027,0.996,0.0000,0.0000,0.0000,,1
2028,0.995,0.8007,0.7767,0.0241,,1
2029,0.996,0.0000,0.0000,0.0000,,1
2030,0.995,0.0000,0.0000,0.0000,,1
2031,0.996,0.8125,0.7758,0.0367,,1
2032,0.995,0.0000,0.0000,0.0000,,1
2033,0.994,0.0000,0.0000,0.0000,,1
2034,0.995,0.8088,0.7770,0.0318,,1
2035,0.995,0.0000,0.0000,0.0000,,1
2036,0.996,0.0000,0.0000,0.0000,,1
2037,0.996,0.7927,0.7652,0.0275,,1
2038,0.996,0.0000,0.0000,0.0000,,1
2039,0.995,0.0000,0.0000,0.0000,,1
2040,0.996,0.8143,0.7781,0.0362,,1
2041,0.995,0.0000,0.0000,0.0000,,1
2042,0.995,0.0000,0.0000,0.0000,,1
2043,0.995,0.8068,0.7762,0.0306,,1
2044,0.996,0.0000,0.0000,0.0000,,1
2045,0.994,0.0000,0.0000,0.0000,,1
2046,0.995,0.8154,0.7885,0.0269,,1
2047,0.994,0.0000,0.0000,0.0000,,1
2048,0.994,0.0000,0.0000,0.0000,,1
2049,0.993,0.8073,0.7826,0.0247,,1
2050,0.993,0.0000,0.0000,0.0000,,1
2051,0.995,0.0000,0.0000,0.0000,,1
2052,0.994,0.8149,0.7839,0.0311,,1
2053,0.995,0.0000,0.0000,0.0000,,1
2054,0.965,0.0000,0.0000,0.0000,,1
2055,0.980,0.8003,0.7782,0.0221,,1
2056,0.982,0.0000,0.0000,0.0000,,1
2057,0.984,0.0000,0.0000,0.0000,,1
2058,0.991,0.7962,0.7754,0.0208,,1
2059,0.993,0.0000,0.0000,0.0000,,1
2060,0.993,0.0000,0.0000,0.0000,,1
2061,0.993,0.7808,0.7497,0.0311,,1
2062,0.994,0.0000,0.0000,0.0000,,1
2063,0.993,0.0000,0.0000,0.0000,,1
2064,0.992,0.7480,0.7240,0.0240,,1
2065,0.987,0.0000,0.0000,0.0000,,1
2066,0.994,0.0000,0.0000,0.0000,,1
2067,0.991,0.8245,0.7960,0.0286,,1
2068,0.992,0.0000,0.0000,0.0000,,1
2069,0.991,0.0000,0.0000,0.0000,,1
2070,0.990,0.8252,0.7891,0.0361,,1
2071,0.990,0.0000,0.0000,0.0000,,1
2072,0.991,0.0000,0.0000,0.0000,,1
2073,0.992,0.8015,0.7794,0.0221,,1
2074,0.992,0.0000,0.0000,0.0000,,1
2075,0.992,0.0000,0.0000,0.0000,,1
2076,0.994,0.8284,0.8045,0.0239,,1
2077,0.995,0.0000,0.0000,0.0000,,1
2078,0.994,0.0000,0.0000,0.0000,,1
2079,0.994,0.8491,0.8163,0.0328,,1
2080,0.993,0.0000,0.0000,0.0000,,1
2081,0.994,0.0000,0.0000,0.0000,,1
2082,0.994,0.8411,0.8147,0.0264,,1
2083,0.995,0.0000,0.0000,0.0000,,1
2084,0.994,0.0000,0.0000,0.0000,,1
2085,0.994,0.8480,0.8130,0.0351,,1
2086,0.993,0.0000,0.0000,0.0000,,1
2087,0.994,0.0000,0.0000,0.0000,,1
2088,0.993,0.8316,0.8044,0.0272,,1
2089,0.992,0.0000,0.0000,0.0000,,1
2090,0.993,0.0000,0.0000,0.0000,,1
2091,0.993,0.8294,0.8111,0.0184,,1
2092,0.993,0.0000,0.0000,0.0000,,1
2093,0.993,0.0000,0.0000,0.0000,,1
2094,0.993,0.8201,0.8033,0.0168,,1
2095,0.993,0.0000,0.0000,0.0000,,1
2096,0.993,0.0000,0.0000,0.0000,,1
2097,0.993,0.8250,0.7948,0.0302,,1
2098,0.993,0.0000,0.0000,0.0000,,1
2099,0.991,0.0000,0.0000,0.0000,,1
2100,0.990,0.8211,0.7861,0.0349,,1
2101,0.990,0.0000,0.0000,0.0000,,1
2102,0.979,0.0000,0.0000,0.0000,,1
2103,0.979,0.8283,0.7959,0.0324,,1
2104,0.979,0.0000,0.0000,0.0000,,1
2105,0.981,0.0000,0.0000,0.0000,,1
2106,0.979,0.8374,0.8017,0.0357,,1
2107,0.983,0.0000,0.0000,0.0000,,1
2108,0.982,0.0000,0.0000,0.0000,,1
2109,0.982,0.8335,0.8058,0.0277,,1
2110,0.987,0.0000,0.0000,0.0000,,1
2111,0.988,0.0000,0.0000,0.0000,,1
2112,0.987,0.8124,0.7774,0.0350,,1
2113,0.989,0.0000,0.0000,0.0000,,1
2114,0.990,0.0000,0.0000,0.0000,,1
2115,0.989,0.8233,0.7930,0.0303,,1
2116,0.990,0.0000,0.0000,0.0000,,1
2117,0.987,0.0000,0.0000,0.0000,,1
2118,0.986,0.8187,0.7841,0.0346,,1
2119,0.989,0.0000,0.0000,0.0000,,1
2120,0.988,0.0000,0.0000,0.0000,,1
2121,0.989,0.8155,0.7938,0.0217,,1
2122,0.986,0.0000,0.0000,0.0000,,1
2123,0.981,0.0000,0.0000,0.0000,,1
2124,0.974,0.8211,0.7809,0.0401,,1
2125,0.991,0.0000,0.0000,0.0000,,1
2126,0.989,0.0000,0.0000,0.0000,,1
2127,0.989,0.8258,0.7926,0.0332,,1
2128,0.991,0.0000,0.0000,0.0000,,1
2129,0.983,0.0000,0.0000,0.0000,,1
2130,0.982,0.8284,0.7932,0.0351,,1
2131,0.965,0.0000,0.0000,0.0000,,1
2132,0.928,0.0000,0.0000,0.0000,,1
2133,0.965,0.8241,0.7912,0.0329,,1
2134,0.954,0.0000,0.0000,0.0000,,1
2135,0.858,0.0000,0.0000,0.0000,,1
2136,0.492,0.8171,0.7900,0.0271,,1
2137,0.479,0.0000,0.0000,0.0000,,1
2138,0.810,0.0000,0.0000,0.0000,,1
2139,0.393,0.8300,0.7933,0.0368,,1
2139,0.255,0.8117,0.7664,0.0453,,1
2140,0.449,0.0000,0.0000,0.0000,,1
2141,0.891,0.0000,0.0000,0.0000,,1
2142,0.912,0.8211,0.7826,0.0385,,1
2143,0.954,0.0000,0.0000,0.0000,,1
2144,0.984,0.0000,0.0000,0.0000,,1
2145,0.964,0.8123,0.7816,0.0306,,1
2146,0.979,0.0000,0.0000,0.0000,,1
2147,0.933,0.0000,0.0000,0.0000,,1
2148,0.842,0.8185,0.8043,0.0142,,1
2149,0.890,0.0000,0.0000,0.0000,,1
2150,0.884,0.0000,0.0000,0.0000,,1
2151,0.861,0.8115,0.7856,0.0258,,1
2151,0.377,0.8435,0.7893,0.0542,nike_pogo_plus_japanese_roots,0
2152,0.845,0.0000,0.0000,0.0000,,1
2161,0.595,0.0000,0.0000,0.0000,,1
2162,0.481,0.0000,0.0000,0.0000,,1
2163,0.317,0.5912,0.5728,0.0184,,1
2164,0.374,0.0000,0.0000,0.0000,,1
2164,0.314,0.0000,0.0000,0.0000,nike_pogo_plus_japanese_roots,0
2165,0.327,0.0000,0.0000,0.0000,,1
2168,0.578,0.0000,0.0000,0.0000,,1
2169,0.371,0.4949,0.4948,0.0001,,1
2170,0.388,0.0000,0.0000,0.0000,,1
2171,0.596,0.0000,0.0000,0.0000,,1
2172,0.537,0.7908,0.7809,0.0099,,1
2173,0.651,0.0000,0.0000,0.0000,,1
2173,0.520,0.0000,0.0000,0.0000,nike_pogo_plus_japanese_roots,0
2174,0.930,0.0000,0.0000,0.0000,,1
2175,0.869,0.7742,0.7661,0.0081,,1
2176,0.733,0.0000,0.0000,0.0000,,1
2177,0.832,0.0000,0.0000,0.0000,,1
2178,0.497,0.7686,0.7515,0.0171,,1
2179,0.327,0.0000,0.0000,0.0000,,1
2180,0.261,0.0000,0.0000,0.0000,,1
2181,0.716,0.7920,0.7858,0.0062,,1
2182,0.704,0.0000,0.0000,0.0000,,1
2183,0.762,0.0000,0.0000,0.0000,,1
2183,0.387,0.0000,0.0000,0.0000,nike_pogo_plus_japanese_roots,0
2184,0.937,0.7470,0.7339,0.0131,,1
2185,0.882,0.0000,0.0000,0.0000,,1
2186,0.988,0.0000,0.0000,0.0000,,1
2187,0.957,0.7778,0.7664,0.0114,,1
2188,0.982,0.0000,0.0000,0.0000,,1
2189,0.960,0.0000,0.0000,0.0000,,1
2190,0.886,0.7554,0.7463,0.0091,,1
2191,0.936,0.0000,0.0000,0.0000,,1
2192,0.944,0.0000,0.0000,0.0000,,1
2193,0.962,0.7774,0.7737,0.0036,,1
2194,0.973,0.0000,0.0000,0.0000,,1
2195,0.966,0.0000,0.0000,0.0000,,1
2196,0.940,0.7807,0.7805,0.0002,,1
2197,0.963,0.0000,0.0000,0.0000,,1
2198,0.818,0.0000,0.0000,0.0000,,1
2198,0.412,0.0000,0.0000,0.0000,nike_pogo_plus_japanese_roots,0
2199,0.905,0.7566,0.7518,0.0049,,1
2200,0.896,0.0000,0.0000,0.0000,,1
2201,0.984,0.0000,0.0000,0.0000,,1
2202,0.987,0.7644,0.7560,0.0084,,1
2203,0.973,0.0000,0.0000,0.0000,,1
2204,0.958,0.0000,0.0000,0.0000,,1
2205,0.965,0.7718,0.7575,0.0143,,1
2206,0.971,0.0000,0.0000,0.0000,,1
2207,0.986,0.0000,0.0000,0.0000,,1
2208,0.989,0.7726,0.7604,0.0122,,1
2209,0.986,0.0000,0.0000,0.0000,,1
2210,0.979,0.0000,0.0000,0.0000,,1
2211,0.971,0.7712,0.7541,0.0171,,1
2212,0.980,0.0000,0.0000,0.0000,,1
2213,0.967,0.0000,0.0000,0.0000,,1
2214,0.975,0.7726,0.7587,0.0139,,1
2215,0.979,0.0000,0.0000,0.0000,,1
2216,0.981,0.0000,0.0000,0.0000,,1
2217,0.980,0.7816,0.7630,0.0186,,1
2218,0.979,0.0000,0.0000,0.0000,,1
2219,0.980,0.0000,0.0000,0.0000,,1
2220,0.985,0.7871,0.7584,0.0287,,1
2221,0.988,0.0000,0.0000,0.0000,,1
2222,0.954,0.0000,0.0000,0.0000,,1
2223,0.824,0.7586,0.7461,0.0125,,1
2224,0.443,0.0000,0.0000,0.0000,,1
2225,0.906,0.0000,0.0000,0.0000,,1
2226,0.887,0.7547,0.7424,0.0123,,1
2227,0.957,0.0000,0.0000,0.0000,,1
2228,0.791,0.0000,0.0000,0.0000,,1
2229,0.679,0.7786,0.7677,0.0109,,1
2230,0.658,0.0000,0.0000,0.0000,,1
2231,0.950,0.0000,0.0000,0.0000,,1
2232,0.730,0.7851,0.7764,0.0088,,1
2233,0.575,0.0000,0.0000,0.0000,,1
2234,0.629,0.0000,0.0000,0.0000,,1
2235,0.781,0.7765,0.7659,0.0106,,1
2236,0.499,0.0000,0.0000,0.0000,,1
2237,0.521,0.0000,0.0000,0.0000,,1
2238,0.489,0.7462,0.7462,0.0001,,1
2239,0.560,0.0000,0.0000,0.0000,,1
2240,0.334,0.0000,0.0000,0.0000,,1
2241,0.276,0.6653,0.6647,0.0006,,1
2241,0.251,0.5841,0.5806,0.0035,nike_pogo_plus_japanese_roots,0
2242,0.431,0.0000,0.0000,0.0000,,1
2243,0.701,0.0000,0.0000,0.0000,,1
2244,0.356,0.7343,0.7265,0.0078,,1
2245,0.629,0.0000,0.0000,0.0000,,1
2246,0.627,0.0000,0.0000,0.0000,,1
2247,0.393,0.7639,0.7475,0.0164,,1
2248,0.380,0.0000,0.0000,0.0000,,1
2249,0.326,0.0000,0.0000,0.0000,,1
2252,0.258,0.0000,0.0000,0.0000,,1
2253,0.431,0.7791,0.7686,0.0105,,1
2254,0.559,0.0000,0.0000,0.0000,,1
2255,0.333,0.0000,0.0000,0.0000,,1
2256,0.302,0.7625,0.7433,0.0192,,1
2256,0.290,0.7101,0.7075,0.0026,nike_pogo_plus_japanese_roots,0
2257,0.337,0.0000,0.0000,0.0000,,1
2258,0.275,0.0000,0.0000,0.0000,,1
2259,0.368,0.7820,0.7762,0.0058,,1
2260,0.273,0.0000,0.0000,0.0000,,1
2261,0.560,0.0000,0.0000,0.0000,,1
2262,0.609,0.7869,0.7564,0.0306,,1
2263,0.580,0.0000,0.0000,0.0000,,1
2264,0.376,0.0000,0.0000,0.0000,,1
2264,0.362,0.0000,0.0000,0.0000,nike_pogo_plus_japanese_roots,0
2265,0.564,0.7907,0.7791,0.0116,,1
2266,0.567,0.0000,0.0000,0.0000,,1
2267,0.370,0.0000,0.0000,0.0000,,1
2268,0.376,0.7965,0.7885,0.0080,,1
2268,0.297,0.7395,0.7345,0.0050,,1
2269,0.494,0.0000,0.0000,0.0000,,1
2270,0.552,0.0000,0.0000,0.0000,,1
2271,0.324,0.7950,0.7810,0.0140,,1
2272,0.319,0.0000,0.0000,0.0000,,1
2273,0.264,0.0000,0.0000,0.0000,,1
2274,0.382,0.7775,0.7606,0.0169,,1
2275,0.386,0.0000,0.0000,0.0000,,1
2276,0.291,0.0000,0.0000,0.0000,,1
2276,0.276,0.0000,0.0000,0.0000,,1
2277,0.354,0.7984,0.7688,0.0296,,1
2278,0.252,0.0000,0.0000,0.0000,,1
2279,0.488,0.0000,0.0000,0.0000,,1
2280,0.344,0.7845,0.7660,0.0184,,1
2281,0.381,0.0000,0.0000,0.0000,,1
2282,0.409,0.0000,0.0000,0.0000,,1
2284,0.358,0.0000,0.0000,0.0000,,1
2286,0.580,0.8039,0.7782,0.0257,,1
2287,0.560,0.0000,0.0000,0.0000,,1
2288,0.436,0.0000,0.0000,0.0000,,1
2289,0.534,0.8019,0.7925,0.0094,,1
2290,0.598,0.0000,0.0000,0.0000,,1
2291,0.546,0.0000,0.0000,0.0000,,1
2292,0.671,0.7896,0.7805,0.0092,,1
2293,0.560,0.0000,0.0000,0.0000,,1
2294,0.915,0.0000,0.0000,0.0000,,1
2295,0.742,0.7954,0.7779,0.0175,,1
2296,0.652,0.0000,0.0000,0.0000,,1
2297,0.540,0.0000,0.0000,0.0000,,1
2298,0.511,0.7924,0.7669,0.0255,,1
2299,0.504,0.0000,0.0000,0.0000,,1
2300,0.541,0.0000,0.0000,0.0000,,1
2301,0.762,0.7881,0.7717,0.0164,,1
2302,0.816,0.0000,0.0000,0.0000,,1
2303,0.415,0.0000,0.0000,0.0000,,1
2304,0.270,0.7778,0.7661,0.0117,,1
2305,0.263,0.0000,0.0000,0.0000,,1
2306,0.559,0.0000,0.0000,0.0000,,1
2307,0.604,0.7961,0.7934,0.0027,,1
2308,0.821,0.0000,0.0000,0.0000,,1
2309,0.808,0.0000,0.0000,0.0000,,1
2310,0.538,0.7768,0.7668,0.0100,,1
2311,0.438,0.0000,0.0000,0.0000,,1
2312,0.634,0.0000,0.0000,0.0000,,1
2313,0.647,0.7793,0.7709,0.0084,,1
2314,0.723,0.0000,0.0000,0.0000,,1
2315,0.869,0.0000,0.0000,0.0000,,1
2316,0.843,0.7523,0.7514,0.0009,,1
2317,0.452,0.0000,0.0000,0.0000,,1
2318,0.849,0.0000,0.0000,0.0000,,1
2319,0.357,0.7868,0.7763,0.0104,,1
2320,0.474,0.0000,0.0000,0.0000,,1
2321,0.433,0.0000,0.0000,0.0000,,1
2322,0.337,0.7799,0.7580,0.0219,,1
2323,0.258,0.0000,0.0000,0.0000,,1
2325,0.338,0.7035,0.6978,0.0058,,1
2326,0.488,0.0000,0.0000,0.0000,,1
2331,0.682,0.7437,0.7436,0.0001,,1
2332,0.555,0.0000,0.0000,0.0000,,1
2333,0.413,0.0000,0.0000,0.0000,,1
2334,0.336,0.7343,0.7317,0.0026,,1
2336,0.296,0.0000,0.0000,0.0000,,1
2337,0.335,0.6925,0.6887,0.0038,,1
2338,0.309,0.0000,0.0000,0.0000,,1
2339,0.343,0.0000,0.0000,0.0000,,1
2340,0.474,0.7602,0.7530,0.0072,,1
2341,0.680,0.0000,0.0000,0.0000,,1
2342,0.900,0.0000,0.0000,0.0000,,1
2343,0.950,0.8023,0.8003,0.0020,,1
2344,0.903,0.0000,0.0000,0.0000,,1
2345,0.945,0.0000,0.0000,0.0000,,1
2346,0.840,0.8105,0.7997,0.0107,,1
2347,0.826,0.0000,0.0000,0.0000,,1
2348,0.915,0.0000,0.0000,0.0000,,1
2349,0.893,0.7516,0.7454,0.0062,,1
2349,0.571,0.7365,0.6991,0.0374,,1
2350,0.886,0.0000,0.0000,0.0000,,1
2350,0.330,0.0000,0.0000,0.0000,,1
2351,0.837,0.0000,0.0000,0.0000,,1
2351,0.593,0.0000,0.0000,0.0000,,1
2352,0.837,0.7881,0.7807,0.0074,,1
2352,0.493,0.7912,0.7811,0.0101,,1
2353,0.933,0.0000,0.0000,0.0000,,1
2354,0.932,0.0000,0.0000,0.0000,,1
2355,0.927,0.7943,0.7871,0.0072,,1
2356,0.711,0.0000,0.0000,0.0000,,1
2356,0.646,0.0000,0.0000,0.0000,,1
2357,0.948,0.0000,0.0000,0.0000,,1
2358,0.840,0.8147,0.7996,0.0151,,1
2358,0.391,0.7508,0.7359,0.0149,,1
2359,0.732,0.0000,0.0000,0.0000,,1
2359,0.631,0.0000,0.0000,0.0000,,1
2360,0.962,0.0000,0.0000,0.0000,,1
2361,0.974,0.8166,0.8123,0.0042,,1
2362,0.935,0.0000,0.0000,0.0000,,1
2363,0.922,0.0000,0.0000,0.0000,,1
2364,0.827,0.8217,0.8131,0.0085,,1
2364,0.458,0.7692,0.7660,0.0033,,1
2365,0.816,0.0000,0.0000,0.0000,,1
2365,0.535,0.0000,0.0000,0.0000,,1
2366,0.924,0.0000,0.0000,0.0000,,1
2367,0.974,0.7907,0.7808,0.0099,,1
2368,0.978,0.0000,0.0000,0.0000,,1
2369,0.955,0.0000,0.0000,0.0000,,1
2370,0.971,0.7713,0.7633,0.0081,,1
2371,0.927,0.0000,0.0000,0.0000,,1
2372,0.775,0.0000,0.0000,0.0000,,1
2373,0.840,0.7600,0.7355,0.0245,,1
2374,0.907,0.0000,0.0000,0.0000,,1
2375,0.308,0.0000,0.0000,0.0000,,1
2375,0.307,0.0000,0.0000,0.0000,,1
2376,0.476,0.7792,0.7479,0.0314,,1
2376,0.314,0.7635,0.7545,0.0090,,1
2377,0.559,0.0000,0.0000,0.0000,,1
2378,0.390,0.0000,0.0000,0.0000,,1
2378,0.343,0.0000,0.0000,0.0000,,1
2379,0.450,0.7590,0.7352,0.0238,,1
2380,0.405,0.0000,0.0000,0.0000,,1
2381,0.493,0.0000,0.0000,0.0000,,1
2382,0.588,0.7200,0.7102,0.0098,,1
2383,0.374,0.0000,0.0000,0.0000,,1
2383,0.335,0.0000,0.0000,0.0000,,1
2385,0.364,0.6440,0.6189,0.0251,,1
2388,0.396,0.7451,0.7354,0.0098,,1
2389,0.441,0.0000,0.0000,0.0000,,1
2390,0.318,0.0000,0.0000,0.0000,,1
2391,0.412,0.7690,0.7673,0.0017,,1
2392,0.504,0.0000,0.0000,0.0000,,1
2393,0.554,0.0000,0.0000,0.0000,,1
2394,0.612,0.7540,0.7494,0.0046,,1
2395,0.705,0.0000,0.0000,0.0000,,1
2399,0.515,0.0000,0.0000,0.0000,,1
2400,0.886,0.7418,0.7298,0.0120,,1
2401,0.689,0.0000,0.0000,0.0000,,1
2401,0.640,0.0000,0.0000,0.0000,,1
2402,0.969,0.0000,0.0000,0.0000,,1
2403,0.951,0.7925,0.7849,0.0076,,1
2404,0.770,0.0000,0.0000,0.0000,,1
2404,0.743,0.0000,0.0000,0.0000,,1
2405,0.912,0.0000,0.0000,0.0000,,1
2406,0.962,0.8230,0.8207,0.0023,,1
2407,0.958,0.0000,0.0000,0.0000,,1
2408,0.907,0.0000,0.0000,0.0000,,1
2409,0.898,0.7919,0.7859,0.0060,,1
2410,0.955,0.0000,0.0000,0.0000,,1
2411,0.987,0.0000,0.0000,0.0000,,1
2412,0.956,0.7986,0.7820,0.0166,,1
2413,0.685,0.0000,0.0000,0.0000,,1
2413,0.527,0.0000,0.0000,0.0000,,1
2414,0.365,0.0000,0.0000,0.0000,,1
2414,0.291,0.0000,0.0000,0.0000,,1
2415,0.805,0.7694,0.7652,0.0042,,1
2416,0.420,0.0000,0.0000,0.0000,,1
2418,0.650,0.7210,0.7107,0.0103,,1
2419,0.770,0.0000,0.0000,0.0000,,1
2425,0.289,0.0000,0.0000,0.0000,,1
2427,0.339,0.7264,0.7259,0.0005,,1
2428,0.532,0.0000,0.0000,0.0000,,1
2429,0.673,0.0000,0.0000,0.0000,,1
2430,0.739,0.6871,0.6768,0.0104,,1
2431,0.848,0.0000,0.0000,0.0000,,1
2432,0.745,0.0000,0.0000,0.0000,,1
2433,0.806,0.7062,0.7026,0.0036,,1
2434,0.642,0.0000,0.0000,0.0000,,1
2439,0.263,0.5426,0.5262,0.0164,,1
2440,0.968,0.0000,0.0000,0.0000,,1
2441,0.922,0.0000,0.0000,0.0000,,1
2442,0.900,0.7963,0.7833,0.0130,,1
2443,0.736,0.0000,0.0000,0.0000,,1
2444,0.807,0.0000,0.0000,0.0000,,1
2445,0.709,0.7916,0.7847,0.0069,,1
2446,0.958,0.0000,0.0000,0.0000,,1
2447,0.926,0.0000,0.0000,0.0000,,1
2448,0.943,0.7970,0.7898,0.0073,,1
2449,0.956,0.0000,0.0000,0.0000,,1
2450,0.722,0.0000,0.0000,0.0000,,1
2450,0.714,0.0000,0.0000,0.0000,,1
2451,0.953,0.8003,0.7913,0.0089,,1
2451,0.304,0.7553,0.7253,0.0301,,1
2452,0.861,0.0000,0.0000,0.0000,,1
2452,0.702,0.0000,0.0000,0.0000,,1
2453,0.893,0.0000,0.0000,0.0000,,1
2454,0.965,0.7822,0.7804,0.0017,,1
2455,0.720,0.0000,0.0000,0.0000,,1
2455,0.661,0.0000,0.0000,0.0000,,1
2456,0.791,0.0000,0.0000,0.0000,,1
2456,0.596,0.0000,0.0000,0.0000,,1
2457,0.734,0.8085,0.8082,0.0003,,1
2457,0.715,0.8161,0.8037,0.0124,,1
2458,0.922,0.0000,0.0000,0.0000,,1
2459,0.921,0.0000,0.0000,0.0000,,1
2460,0.839,0.8183,0.8066,0.0117,,1
2461,0.681,0.0000,0.0000,0.0000,,1
2461,0.464,0.0000,0.0000,0.0000,,1
2462,0.925,0.0000,0.0000,0.0000,,1
2462,0.251,0.0000,0.0000,0.0000,,1
2463,0.928,0.8067,0.8041,0.0026,,1
2463,0.302,0.8108,0.7750,0.0358,,1
2464,0.956,0.0000,0.0000,0.0000,,1
2465,0.975,0.0000,0.0000,0.0000,,1
2466,0.947,0.8007,0.7919,0.0088,,1
2467,0.978,0.0000,0.0000,0.0000,,1
2468,0.969,0.0000,0.0000,0.0000,,1
2469,0.972,0.8111,0.8022,0.0089,,1
2470,0.971,0.0000,0.0000,0.0000,,1
2471,0.972,0.0000,0.0000,0.0000,,1
2472,0.977,0.7945,0.7771,0.0175,,1
2473,0.910,0.0000,0.0000,0.0000,,1
2473,0.283,0.0000,0.0000,0.0000,,1
2474,0.922,0.0000,0.0000,0.0000,,1
2475,0.801,0.8210,0.8190,0.0020,,1
2475,0.478,0.8065,0.7891,0.0174,,1
2476,0.770,0.0000,0.0000,0.0000,,1
2476,0.579,0.0000,0.0000,0.0000,,1
2477,0.798,0.0000,0.0000,0.0000,,1
2477,0.673,0.0000,0.0000,0.0000,,1
2478,0.420,0.7744,0.7726,0.0018,,1
2479,0.273,0.0000,0.0000,0.0000,,1
2483,0.678,0.0000,0.0000,0.0000,,1
2484,0.330,0.8038,0.7844,0.0194,,1
2485,0.484,0.0000,0.0000,0.0000,,1
2485,0.312,0.0000,0.0000,0.0000,,1
2486,0.752,0.0000,0.0000,0.0000,,1
2487,0.900,0.7898,0.7767,0.0131,,1
2488,0.961,0.0000,0.0000,0.0000,,1
2489,0.907,0.0000,0.0000,0.0000,,1
2490,0.796,0.7872,0.7771,0.0101,,1
2491,0.843,0.0000,0.0000,0.0000,,1
2492,0.796,0.0000,0.0000,0.0000,,1
2493,0.706,0.7707,0.7563,0.0144,,1
2494,0.680,0.0000,0.0000,0.0000,,1
2495,0.529,0.0000,0.0000,0.0000,,1
2496,0.327,0.7567,0.7434,0.0133,,1
2497,0.366,0.0000,0.0000,0.0000,,1
2497,0.269,0.0000,0.0000,0.0000,,1
2498,0.731,0.0000,0.0000,0.0000,,1
2499,0.709,0.7847,0.7629,0.0218,,1
2500,0.950,0.0000,0.0000,0.0000,,1
2501,0.762,0.0000,0.0000,0.0000,,1
2502,0.472,0.6017,0.5987,0.0030,,1
2503,0.361,0.0000,0.0000,0.0000,,1
2506,0.299,0.0000,0.0000,0.0000,,1
2507,0.482,0.0000,0.0000,0.0000,,1
2508,0.254,0.6790,0.6756,0.0034,,1
2516,0.262,0.0000,0.0000,0.0000,,1
2536,0.604,0.0000,0.0000,0.0000,,1
2537,0.833,0.0000,0.0000,0.0000,,1
2538,0.879,0.7272,0.7136,0.0136,,1
2539,0.921,0.0000,0.0000,0.0000,,1
2540,0.929,0.0000,0.0000,0.0000,,1
2541,0.918,0.7457,0.7425,0.0032,,1
2542,0.804,0.0000,0.0000,0.0000,,1
2543,0.927,0.0000,0.0000,0.0000,,1
2544,0.901,0.7593,0.7482,0.0111,,1
2545,0.931,0.0000,0.0000,0.0000,,1
2546,0.922,0.0000,0.0000,0.0000,,1
2547,0.923,0.7702,0.7609,0.0093,,1
2548,0.894,0.0000,0.0000,0.0000,,1
2549,0.646,0.0000,0.0000,0.0000,,1
2550,0.778,0.7687,0.7684,0.0002,,1
2551,0.952,0.0000,0.0000,0.0000,,1
2552,0.960,0.0000,0.0000,0.0000,,1
2553,0.936,0.7879,0.7854,0.0025,,1
2554,0.958,0.0000,0.0000,0.0000,,1
2555,0.949,0.0000,0.0000,0.0000,,1
2556,0.857,0.7925,0.7883,0.0042,,1
2557,0.893,0.0000,0.0000,0.0000,,1
2558,0.417,0.0000,0.0000,0.0000,,1
2558,0.262,0.0000,0.0000,0.0000,,1
2559,0.544,0.7785,0.7779,0.0007,,1
2560,0.809,0.0000,0.0000,0.0000,,1
2561,0.863,0.0000,0.0000,0.0000,,1
2562,0.901,0.7586,0.7443,0.0143,,1
2563,0.761,0.0000,0.0000,0.0000,,1
2564,0.929,0.0000,0.0000,0.0000,,1
2565,0.706,0.7748,0.7738,0.0010,,1
2566,0.395,0.0000,0.0000,0.0000,,1
2567,0.355,0.0000,0.0000,0.0000,,1
2568,0.671,0.7534,0.7508,0.0026,,1
2569,0.400,0.0000,0.0000,0.0000,,1
2569,0.302,0.0000,0.0000,0.0000,,1
2570,0.492,0.0000,0.0000,0.0000,,1
2571,0.851,0.7915,0.7802,0.0112,,1
2572,0.639,0.0000,0.0000,0.0000,,1
2573,0.902,0.0000,0.0000,0.0000,,1
2574,0.843,0.7974,0.7950,0.0024,,1
2575,0.539,0.0000,0.0000,0.0000,,1
2580,0.319,0.7858,0.7700,0.0157,,1
2581,0.965,0.0000,0.0000,0.0000,,1
2582,0.926,0.0000,0.0000,0.0000,,1
2583,0.878,0.7792,0.7641,0.0151,,1
2584,0.983,0.0000,0.0000,0.0000,,1
2585,0.977,0.0000,0.0000,0.0000,,1
2586,0.992,0.7911,0.7907,0.0005,,1
2587,0.982,0.0000,0.0000,0.0000,,1
2588,0.853,0.0000,0.0000,0.0000,,1
2589,0.708,0.8066,0.7818,0.0248,,1
2590,0.804,0.0000,0.0000,0.0000,,1
2590,0.316,0.0000,0.0000,0.0000,,1
2591,0.961,0.0000,0.0000,0.0000,,1
2592,0.981,0.8013,0.7778,0.0236,,1
2593,0.936,0.0000,0.0000,0.0000,,1
2594,0.851,0.0000,0.0000,0.0000,,1
2595,0.837,0.8228,0.7996,0.0231,,1
2596,0.879,0.0000,0.0000,0.0000,,1
2597,0.949,0.0000,0.0000,0.0000,,1
2598,0.915,0.8117,0.7883,0.0234,,1
2599,0.954,0.0000,0.0000,0.0000,,1
2600,0.952,0.0000,0.0000,0.0000,,1
2601,0.981,0.7884,0.7793,0.0091,,1
2602,0.947,0.0000,0.0000,0.0000,,1
2603,0.943,0.0000,0.0000,0.0000,,1
2604,0.917,0.7786,0.7523,0.0263,,1
2605,0.718,0.0000,0.0000,0.0000,,1
2606,0.710,0.0000,0.0000,0.0000,,1
2607,0.790,0.8298,0.8100,0.0198,,1
2608,0.821,0.0000,0.0000,0.0000,,1
2609,0.658,0.0000,0.0000,0.0000,,1
2610,0.374,0.8010,0.7898,0.0111,,1
2610,0.364,0.8086,0.7935,0.0152,,1
2611,0.547,0.0000,0.0000,0.0000,,1
2611,0.349,0.0000,0.0000,0.0000,,1
2612,0.754,0.0000,0.0000,0.0000,,1
2612,0.512,0.0000,0.0000,0.0000,,1
2613,0.860,0.8017,0.7901,0.0116,,1
2613,0.262,0.8147,0.7832,0.0315,,1
2614,0.946,0.0000,0.0000,0.0000,,1
2615,0.955,0.0000,0.0000,0.0000,,1
2616,0.965,0.8183,0.8064,0.0119,,1
2617,0.954,0.0000,0.0000,0.0000,,1
2618,0.920,0.0000,0.0000,0.0000,,1
2619,0.593,0.7972,0.7767,0.0205,,1
2619,0.509,0.8156,0.7810,0.0346,,1
2620,0.676,0.0000,0.0000,0.0000,,1
2620,0.489,0.0000,0.0000,0.0000,,1
2621,0.966,0.0000,0.0000,0.0000,,1
2622,0.883,0.7888,0.7767,0.0121,,1
2623,0.844,0.0000,0.0000,0.0000,,1
2624,0.498,0.0000,0.0000,0.0000,,1
2624,0.491,0.0000,0.0000,0.0000,,1
2625,0.688,0.7849,0.7757,0.0093,,1
2625,0.611,0.7733,0.7577,0.0156,,1
2626,0.642,0.0000,0.0000,0.0000,,1
2626,0.522,0.0000,0.0000,0.0000,,1
2627,0.929,0.0000,0.0000,0.0000,,1
2628,0.963,0.8401,0.8200,0.0200,,1
2629,0.977,0.0000,0.0000,0.0000,,1
2630,0.985,0.0000,0.0000,0.0000,,1
2631,0.964,0.8260,0.8150,0.0110,,1
2632,0.971,0.0000,0.0000,0.0000,,1
2633,0.994,0.0000,0.0000,0.0000,,1
2634,0.961,0.8175,0.8119,0.0055,,1
2635,0.946,0.0000,0.0000,0.0000,,1
2636,0.952,0.0000,0.0000,0.0000,,1
2637,0.493,0.8529,0.8462,0.0067,,1
2637,0.464,0.8135,0.7771,0.0364,,1
2638,0.544,0.0000,0.0000,0.0000,,1
2638,0.444,0.0000,0.0000,0.0000,,1
2639,0.853,0.0000,0.0000,0.0000,,1
2640,0.929,0.8234,0.8120,0.0115,,1
2641,0.941,0.0000,0.0000,0.0000,,1
2642,0.967,0.0000,0.0000,0.0000,,1
2643,0.880,0.8482,0.8220,0.0261,,1
2644,0.921,0.0000,0.0000,0.0000,,1
2645,0.932,0.0000,0.0000,0.0000,,1
2646,0.873,0.8288,0.8117,0.0171,,1
2647,0.873,0.0000,0.0000,0.0000,,1
2648,0.959,0.0000,0.0000,0.0000,,1
2649,0.960,0.8269,0.8131,0.0139,,1
2650,0.941,0.0000,0.0000,0.0000,,1
2651,0.892,0.0000,0.0000,0.0000,,1
2651,0.514,0.0000,0.0000,0.0000,,1
2652,0.960,0.8317,0.8256,0.0061,,1
2653,0.929,0.0000,0.0000,0.0000,,1
2654,0.942,0.0000,0.0000,0.0000,,1
2655,0.954,0.8439,0.8226,0.0213,,1
2656,0.940,0.0000,0.0000,0.0000,,1
2657,0.884,0.0000,0.0000,0.0000,,1
2658,0.901,0.7863,0.7809,0.0055,,1
2659,0.941,0.0000,0.0000,0.0000,,1
2660,0.937,0.0000,0.0000,0.0000,,1
2661,0.981,0.8238,0.8067,0.0171,,1
2662,0.982,0.0000,0.0000,0.0000,,1
2663,0.967,0.0000,0.0000,0.0000,,1
2664,0.974,0.8329,0.8314,0.0014,,1
2665,0.955,0.0000,0.0000,0.0000,,1
2666,0.979,0.0000,0.0000,0.0000,,1
2667,0.958,0.7985,0.7754,0.0231,,1
2668,0.832,0.0000,0.0000,0.0000,,1
2669,0.813,0.0000,0.0000,0.0000,,1
2669,0.444,0.0000,0.0000,0.0000,,1
2670,0.741,0.8157,0.8091,0.0066,,1
2670,0.529,0.8094,0.7932,0.0163,,1
2671,0.719,0.0000,0.0000,0.0000,,1
2671,0.632,0.0000,0.0000,0.0000,,1
2672,0.813,0.0000,0.0000,0.0000,,1
2672,0.496,0.0000,0.0000,0.0000,,1
2673,0.837,0.8153,0.8020,0.0133,,1
2673,0.595,0.8107,0.8021,0.0086,,1
2674,0.702,0.0000,0.0000,0.0000,,1
2674,0.661,0.0000,0.0000,0.0000,,1
2675,0.721,0.0000,0.0000,0.0000,,1
2675,0.490,0.0000,0.0000,0.0000,,1
2676,0.920,0.8153,0.7969,0.0184,,1
2677,0.869,0.0000,0.0000,0.0000,,1
2678,0.943,0.0000,0.0000,0.0000,,1
2679,0.946,0.8154,0.8047,0.0108,,1
2680,0.966,0.0000,0.0000,0.0000,,1
2681,0.966,0.0000,0.0000,0.0000,,1
2682,0.952,0.8214,0.8214,0.0000,,1
2683,0.932,0.0000,0.0000,0.0000,,1
2684,0.959,0.0000,0.0000,0.0000,,1
2685,0.967,0.8203,0.8094,0.0109,,1
2686,0.804,0.0000,0.0000,0.0000,,1
2687,0.967,0.0000,0.0000,0.0000,,1
2688,0.980,0.7984,0.7773,0.0211,,1
2689,0.986,0.0000,0.0000,0.0000,,1
2690,0.993,0.0000,0.0000,0.0000,,1
2691,0.992,0.8033,0.7946,0.0087,,1
2692,0.984,0.0000,0.0000,0.0000,,1
2693,0.984,0.0000,0.0000,0.0000,,1
2694,0.990,0.8059,0.8056,0.0003,,1
2695,0.988,0.0000,0.0000,0.0000,,1
2696,0.989,0.0000,0.0000,0.0000,,1
2697,0.992,0.8219,0.8161,0.0058,,1
2698,0.991,0.0000,0.0000,0.0000,,1
2699,0.987,0.0000,0.0000,0.0000,,1
2700,0.988,0.8042,0.8039,0.0003,,1
2701,0.988,0.0000,0.0000,0.0000,,1
2702,0.996,0.0000,0.0000,0.0000,,1
2703,0.996,0.7865,0.7847,0.0018,,1
2704,0.996,0.0000,0.0000,0.0000,,1
2705,0.986,0.0000,0.0000,0.0000,,1
2706,0.984,0.8006,0.7921,0.0085,,1
2707,0.991,0.0000,0.0000,0.0000,,1
2708,0.991,0.0000,0.0000,0.0000,,1
2709,0.977,0.8035,0.7934,0.0100,,1
2710,0.991,0.0000,0.0000,0.0000,,1
2711,0.977,0.0000,0.0000,0.0000,,1
2712,0.983,0.8069,0.7932,0.0137,,1
2713,0.985,0.0000,0.0000,0.0000,,1
2714,0.986,0.0000,0.0000,0.0000,,1
2715,0.985,0.8119,0.8075,0.0044,,1
2716,0.984,0.0000,0.0000,0.0000,,1
2717,0.981,0.0000,0.0000,0.0000,,1
2718,0.987,0.7875,0.7805,0.0070,,1
2719,0.990,0.0000,0.0000,0.0000,,1
2720,0.982,0.0000,0.0000,0.0000,,1
2721,0.977,0.7827,0.7743,0.0084,,1
2722,0.995,0.0000,0.0000,0.0000,,1
2723,0.994,0.0000,0.0000,0.0000,,1
2724,0.995,0.7956,0.7923,0.0034,,1
2725,0.995,0.0000,0.0000,0.0000,,1
2726,0.996,0.0000,0.0000,0.0000,,1
2727,0.995,0.7766,0.7719,0.0047,,1
2728,0.995,0.0000,0.0000,0.0000,,1
2729,0.994,0.0000,0.0000,0.0000,,1
2730,0.995,0.7731,0.7674,0.0057,,1
2731,0.995,0.0000,0.0000,0.0000,,1
2732,0.994,0.0000,0.0000,0.0000,,1
2733,0.995,0.7646,0.7643,0.0003,,1
2734,0.995,0.0000,0.0000,0.0000,,1
2735,0.989,0.0000,0.0000,0.0000,,1
2736,0.991,0.7806,0.7723,0.0083,,1
2737,0.991,0.0000,0.0000,0.0000,,1
2738,0.992,0.0000,0.0000,0.0000,,1
2739,0.993,0.7663,0.7615,0.0049,,1
2740,0.994,0.0000,0.0000,0.0000,,1
2741,0.995,0.0000,0.0000,0.0000,,1
2742,0.995,0.7577,0.7544,0.0033,,1
2743,0.994,0.0000,0.0000,0.0000,,1
2744,0.994,0.0000,0.0000,0.0000,,1
2745,0.992,0.7699,0.7649,0.0050,,1
2746,0.989,0.0000,0.0000,0.0000,,1
2747,0.989,0.0000,0.0000,0.0000,,1
2748,0.984,0.8086,0.7989,0.0097,,1
2749,0.984,0.0000,0.0000,0.0000,,1
2750,0.986,0.0000,0.0000,0.0000,,1
2751,0.981,0.7892,0.7753,0.0139,,1
2752,0.970,0.0000,0.0000,0.0000,,1
2753,0.872,0.0000,0.0000,0.0000,,1
2754,0.988,0.8061,0.7870,0.0191,,1
2755,0.990,0.0000,0.0000,0.0000,,1
2756,0.967,0.0000,0.0000,0.0000,,1
2757,0.950,0.8182,0.7991,0.0192,,1
2758,0.944,0.0000,0.0000,0.0000,,1
2759,0.958,0.0000,0.0000,0.0000,,1
2760,0.965,0.8015,0.7971,0.0044,,1
2761,0.972,0.0000,0.0000,0.0000,,1
2762,0.937,0.0000,0.0000,0.0000,,1
2763,0.936,0.7864,0.7848,0.0016,,1
2764,0.949,0.0000,0.0000,0.0000,,1
2765,0.953,0.0000,0.0000,0.0000,,1
2766,0.964,0.7866,0.7757,0.0109,,1
2767,0.969,0.0000,0.0000,0.0000,,1
2768,0.990,0.0000,0.0000,0.0000,,1
2769,0.991,0.7866,0.7775,0.0091,,1
2770,0.978,0.0000,0.0000,0.0000,,1
2771,0.722,0.0000,0.0000,0.0000,,1
2772,0.579,0.7830,0.7760,0.0070,,1
2772,0.175,0.7461,0.7425,0.0036,,1
2773,0.409,0.0000,0.0000,0.0000,,1
2773,0.383,0.0000,0.0000,0.0000,,1
2774,0.508,0.0000,0.0000,0.0000,,1
2775,0.749,0.7872,0.7841,0.0031,,1
2776,0.449,0.0000,0.0000,0.0000,,1
2777,0.968,0.0000,0.0000,0.0000,,1
2778,0.967,0.7861,0.7811,0.0050,,1
2779,0.973,0.0000,0.0000,0.0000,,1
2780,0.973,0.0000,0.0000,0.0000,,1
2781,0.969,0.7967,0.7867,0.0100,,1
2782,0.983,0.0000,0.0000,0.0000,,1
2783,0.981,0.0000,0.0000,0.0000,,1
2784,0.974,0.8048,0.7957,0.0091,,1
2785,0.958,0.0000,0.0000,0.0000,,1
2786,0.985,0.0000,0.0000,0.0000,,1
2787,0.987,0.7987,0.7886,0.0101,,1
2788,0.976,0.0000,0.0000,0.0000,,1
2789,0.972,0.0000,0.0000,0.0000,,1
2790,0.980,0.7975,0.7914,0.0061,,1
2791,0.979,0.0000,0.0000,0.0000,,1
2792,0.973,0.0000,0.0000,0.0000,,1
2793,0.949,0.7939,0.7875,0.0064,,1
2794,0.965,0.0000,0.0000,0.0000,,1
2795,0.982,0.0000,0.0000,0.0000,,1
2796,0.976,0.7955,0.7888,0.0067,,1
2797,0.984,0.0000,0.0000,0.0000,,1
2798,0.951,0.0000,0.0000,0.0000,,1
2799,0.982,0.7962,0.7825,0.0137,,1
2800,0.986,0.0000,0.0000,0.0000,,1
2801,0.975,0.0000,0.0000,0.0000,,1
2802,0.977,0.7916,0.7872,0.0044,,1
2803,0.982,0.0000,0.0000,0.0000,,1
2804,0.973,0.0000,0.0000,0.0000,,1
2805,0.969,0.7891,0.7828,0.0062,,1
2806,0.968,0.0000,0.0000,0.0000,,1
2807,0.893,0.0000,0.0000,0.0000,,1
2808,0.706,0.7752,0.7734,0.0018,,1
2808,0.118,0.7599,0.7563,0.0037,,1
2809,0.938,0.0000,0.0000,0.0000,,1
2810,0.761,0.0000,0.0000,0.0000,,1
2811,0.585,0.7705,0.7699,0.0006,,1
2812,0.800,0.0000,0.0000,0.0000,,1
2813,0.857,0.0000,0.0000,0.0000,,1
2814,0.801,0.7575,0.7528,0.0047,,1
2815,0.619,0.0000,0.0000,0.0000,,1
2816,0.485,0.0000,0.0000,0.0000,,1
2816,0.169,0.0000,0.0000,0.0000,,1
2817,0.867,0.7801,0.7723,0.0078,,1
2818,0.902,0.0000,0.0000,0.0000,,1
2819,0.385,0.0000,0.0000,0.0000,,1
2819,0.340,0.0000,0.0000,0.0000,,1
2820,0.914,0.7950,0.7876,0.0074,,1
2821,0.781,0.0000,0.0000,0.0000,,1
2822,0.844,0.0000,0.0000,0.0000,,1
2823,0.803,0.8147,0.8029,0.0118,,1
2823,0.251,0.8116,0.7696,0.0420,,1
2824,0.916,0.0000,0.0000,0.0000,,1
2825,0.956,0.0000,0.0000,0.0000,,1
2825,0.133,0.0000,0.0000,0.0000,,1
2826,0.821,0.7982,0.7743,0.0238,,1
2826,0.625,0.8033,0.7706,0.0327,,1
2827,0.703,0.0000,0.0000,0.0000,,1
2827,0.702,0.0000,0.0000,0.0000,,1
2828,0.939,0.0000,0.0000,0.0000,,1
2829,0.928,0.7652,0.7514,0.0139,,1
2830,0.994,0.0000,0.0000,0.0000,,1
2831,0.887,0.0000,0.0000,0.0000,,1
2832,0.924,0.7877,0.7803,0.0074,,1
2833,0.989,0.0000,0.0000,0.0000,,1
2834,0.994,0.0000,0.0000,0.0000,,1
2835,0.989,0.7936,0.7926,0.0010,,1
2836,0.987,0.0000,0.0000,0.0000,,1
2837,0.986,0.0000,0.0000,0.0000,,1
2838,0.991,0.7991,0.7855,0.0136,,1
2839,0.987,0.0000,0.0000,0.0000,,1
2840,0.976,0.0000,0.0000,0.0000,,1
2841,0.983,0.7592,0.7580,0.0012,,1
2842,0.989,0.0000,0.0000,0.0000,,1
2843,0.981,0.0000,0.0000,0.0000,,1
2844,0.988,0.7861,0.7778,0.0083,,1
2845,0.987,0.0000,0.0000,0.0000,,1
2846,0.985,0.0000,0.0000,0.0000,,1
2847,0.977,0.7862,0.7729,0.0132,,1
2848,0.988,0.0000,0.0000,0.0000,,1
2849,0.958,0.0000,0.0000,0.0000,,1
2850,0.940,0.7901,0.7796,0.0105,,1
2851,0.853,0.0000,0.0000,0.0000,,1
2851,0.307,0.0000,0.0000,0.0000,,1
2852,0.607,0.0000,0.0000,0.0000,,1
2852,0.359,0.0000,0.0000,0.0000,,1
2853,0.649,0.7913,0.7796,0.0116,,1
2853,0.424,0.8300,0.8004,0.0296,,1
2854,0.826,0.0000,0.0000,0.0000,,1
2855,0.951,0.0000,0.0000,0.0000,,1
2856,0.995,0.7881,0.7769,0.0112,,1
2857,0.995,0.0000,0.0000,0.0000,,1
2858,0.995,0.0000,0.0000,0.0000,,1
2859,0.991,0.8065,0.7939,0.0126,,1
2860,0.994,0.0000,0.0000,0.0000,,1
2861,0.995,0.0000,0.0000,0.0000,,1
2862,0.994,0.8090,0.7902,0.0189,,1
2863,0.992,0.0000,0.0000,0.0000,,1
2864,0.992,0.0000,0.0000,0.0000,,1
2865,0.993,0.8054,0.7875,0.0179,,1
2866,0.993,0.0000,0.0000,0.0000,,1
2867,0.993,0.0000,0.0000,0.0000,,1
2868,0.996,0.7874,0.7738,0.0135,,1
2869,0.995,0.0000,0.0000,0.0000,,1
2870,0.995,0.0000,0.0000,0.0000,,1
2871,0.996,0.8233,0.8028,0.0206,,1
2872,0.995,0.0000,0.0000,0.0000,,1
2873,0.996,0.0000,0.0000,0.0000,,1
2874,0.994,0.8034,0.7790,0.0244,,1
2875,0.989,0.0000,0.0000,0.0000,,1
2876,0.959,0.0000,0.0000,0.0000,,1
2877,0.965,0.7793,0.7678,0.0116,,1
2878,0.985,0.0000,0.0000,0.0000,,1
2879,0.991,0.0000,0.0000,0.0000,,1
2880,0.986,0.7659,0.7636,0.0023,,1
2881,0.983,0.0000,0.0000,0.0000,,1
2882,0.979,0.0000,0.0000,0.0000,,1
2883,0.989,0.8022,0.7828,0.0194,,1
2884,0.988,0.0000,0.0000,0.0000,,1
2885,0.995,0.0000,0.0000,0.0000,,1
2886,0.993,0.8028,0.7933,0.0095,,1
2887,0.995,0.0000,0.0000,0.0000,,1
2888,0.994,0.0000,0.0000,0.0000,,1
2889,0.994,0.8028,0.7906,0.0122,,1
2890,0.994,0.0000,0.0000,0.0000,,1
2891,0.990,0.0000,0.0000,0.0000,,1
2892,0.988,0.7802,0.7672,0.0130,,1
2893,0.988,0.0000,0.0000,0.0000,,1
2894,0.986,0.0000,0.0000,0.0000,,1
2895,0.991,0.8001,0.7795,0.0206,,1
2896,0.993,0.0000,0.0000,0.0000,,1
2897,0.993,0.0000,0.0000,0.0000,,1
2898,0.994,0.8077,0.7887,0.0191,,1
2899,0.993,0.0000,0.0000,0.0000,,1
2900,0.990,0.0000,0.0000,0.0000,,1
2901,0.993,0.7917,0.7709,0.0209,,1
2902,0.992,0.0000,0.0000,0.0000,,1
2903,0.989,0.0000,0.0000,0.0000,,1
2904,0.992,0.8103,0.7857,0.0246,,1
2905,0.983,0.0000,0.0000,0.0000,,1
2906,0.991,0.0000,0.0000,0.0000,,1
2907,0.988,0.8032,0.7909,0.0123,,1
2908,0.992,0.0000,0.0000,0.0000,,1
2909,0.993,0.0000,0.0000,0.0000,,1
2910,0.995,0.7794,0.7716,0.0078,,1
2911,0.997,0.0000,0.0000,0.0000,,1
2912,0.998,0.0000,0.0000,0.0000,,1
2913,0.997,0.7826,0.7784,0.0042,,1
2914,0.996,0.0000,0.0000,0.0000,,1
2915,0.983,0.0000,0.0000,0.0000,,1
2916,0.993,0.7832,0.7773,0.0060,,1
2917,0.997,0.0000,0.0000,0.0000,,1
2918,0.997,0.0000,0.0000,0.0000,,1
2919,0.995,0.8173,0.8144,0.0029,,1
2920,0.995,0.0000,0.0000,0.0000,,1
2921,0.991,0.0000,0.0000,0.0000,,1
2922,0.947,0.7771,0.7642,0.0129,,1
2923,0.891,0.0000,0.0000,0.0000,,1
2924,0.986,0.0000,0.0000,0.0000,,1
2925,0.967,0.7952,0.7871,0.0081,,1
2926,0.967,0.0000,0.0000,0.0000,,1
2927,0.954,0.0000,0.0000,0.0000,,1
2928,0.961,0.8324,0.8266,0.0058,,1
2929,0.959,0.0000,0.0000,0.0000,,1
2930,0.967,0.0000,0.0000,0.0000,,1
2931,0.968,0.8214,0.8142,0.0072,,1
2932,0.954,0.0000,0.0000,0.0000,,1
2933,0.987,0.0000,0.0000,0.0000,,1
2934,0.985,0.8039,0.7891,0.0148,,1
2935,0.967,0.0000,0.0000,0.0000,,1
2936,0.971,0.0000,0.0000,0.0000,,1
2937,0.973,0.7867,0.7791,0.0076,,1
2938,0.990,0.0000,0.0000,0.0000,,1
2939,0.997,0.0000,0.0000,0.0000,,1
2940,0.998,0.8097,0.7924,0.0173,,1
2941,0.998,0.0000,0.0000,0.0000,,1
2942,0.997,0.0000,0.0000,0.0000,,1
2943,0.997,0.8275,0.8090,0.0185,,1
2944,0.996,0.0000,0.0000,0.0000,,1
2945,0.998,0.0000,0.0000,0.0000,,1
2946,0.997,0.8316,0.8240,0.0076,,1
2947,0.997,0.0000,0.0000,0.0000,,1
2948,0.995,0.0000,0.0000,0.0000,,1
2949,0.992,0.8198,0.7990,0.0208,,1
2950,0.987,0.0000,0.0000,0.0000,,1
2951,0.996,0.0000,0.0000,0.0000,,1
2952,0.996,0.8065,0.8035,0.0030,,1
2953,0.995,0.0000,0.0000,0.0000,,1
2954,0.997,0.0000,0.0000,0.0000,,1
2955,0.998,0.8088,0.8016,0.0072,,1
2956,0.996,0.0000,0.0000,0.0000,,1
2957,0.495,0.0000,0.0000,0.0000,,1
2958,0.966,0.8016,0.8016,0.0000,,1
2959,0.696,0.0000,0.0000,0.0000,,1
2960,0.924,0.0000,0.0000,0.0000,,1
2961,0.986,0.7677,0.7605,0.0072,,1
2962,0.987,0.0000,0.0000,0.0000,,1
2963,0.993,0.0000,0.0000,0.0000,,1
2964,0.984,0.7948,0.7925,0.0023,,1
2965,0.986,0.0000,0.0000,0.0000,,1
2966,0.576,0.0000,0.0000,0.0000,,1
2967,0.313,0.7677,0.7445,0.0233,,1
2968,0.334,0.0000,0.0000,0.0000,,1
2969,0.234,0.0000,0.0000,0.0000,,1
2971,0.166,0.0000,0.0000,0.0000,,1
2972,0.284,0.0000,0.0000,0.0000,,1
2973,0.493,0.5912,0.5879,0.0033,,1
2974,0.356,0.0000,0.0000,0.0000,,1
2975,0.119,0.0000,0.0000,0.0000,,1
2976,0.388,0.7553,0.7269,0.0284,,1
2977,0.394,0.0000,0.0000,0.0000,,1
2978,0.670,0.0000,0.0000,0.0000,,1
2979,0.415,0.7196,0.6970,0.0226,,1
2980,0.327,0.0000,0.0000,0.0000,,1
2987,0.147,0.0000,0.0000,0.0000,,1
2988,0.593,0.7729,0.7481,0.0248,,1
2989,0.423,0.0000,0.0000,0.0000,,1
2990,0.158,0.0000,0.0000,0.0000,,1
2991,0.111,0.7598,0.7593,0.0005,,1
2992,0.214,0.0000,0.0000,0.0000,,1
2993,0.527,0.0000,0.0000,0.0000,,1
2994,0.522,0.7712,0.7551,0.0160,,1
2995,0.623,0.0000,0.0000,0.0000,,1
2996,0.832,0.0000,0.0000,0.0000,,1
2997,0.818,0.7168,0.7016,0.0153,,1
2998,0.726,0.0000,0.0000,0.0000,,1
2999,0.785,0.0000,0.0000,0.0000,,1
3000,0.830,0.7098,0.7092,0.0007,,1
3001,0.834,0.0000,0.0000,0.0000,,1
3002,0.699,0.0000,0.0000,0.0000,,1
3003,0.863,0.7217,0.7216,0.0002,,1
3004,0.901,0.0000,0.0000,0.0000,,1
3005,0.929,0.0000,0.0000,0.0000,,1
3006,0.856,0.7453,0.7372,0.0081,,1
3007,0.871,0.0000,0.0000,0.0000,,1
3008,0.764,0.0000,0.0000,0.0000,,1
3009,0.826,0.6989,0.6952,0.0037,,1
3010,0.884,0.0000,0.0000,0.0000,,1
3011,0.962,0.0000,0.0000,0.0000,,1
3012,0.968,0.7371,0.7313,0.0058,,1
3013,0.955,0.0000,0.0000,0.0000,,1
3014,0.924,0.0000,0.0000,0.0000,,1
3015,0.935,0.7385,0.7111,0.0273,,1
3016,0.939,0.0000,0.0000,0.0000,,1
3017,0.942,0.0000,0.0000,0.0000,,1
3018,0.948,0.7363,0.7263,0.0100,,1
3019,0.951,0.0000,0.0000,0.0000,,1
3020,0.898,0.0000,0.0000,0.0000,,1
3021,0.891,0.7302,0.7296,0.0006,,1
3022,0.887,0.0000,0.0000,0.0000,,1
3023,0.730,0.0000,0.0000,0.0000,,1
3024,0.812,0.6174,0.6025,0.0149,,1
3025,0.931,0.0000,0.0000,0.0000,,1
3026,0.788,0.0000,0.0000,0.0000,,1
3027,0.790,0.6984,0.6734,0.0250,,1
3028,0.683,0.0000,0.0000,0.0000,,1
3029,0.911,0.0000,0.0000,0.0000,,1
3030,0.853,0.7083,0.6918,0.0165,,1
3031,0.869,0.0000,0.0000,0.0000,,1
3032,0.905,0.0000,0.0000,0.0000,,1
3033,0.918,0.7406,0.7348,0.0058,,1
3034,0.930,0.0000,0.0000,0.0000,,1
3035,0.926,0.0000,0.0000,0.0000,,1
3036,0.955,0.7014,0.6741,0.0274,,1
3037,0.939,0.0000,0.0000,0.0000,,1
3038,0.838,0.0000,0.0000,0.0000,,1
3039,0.802,0.7202,0.7154,0.0048,,1
3040,0.852,0.0000,0.0000,0.0000,,1
3041,0.819,0.0000,0.0000,0.0000,,1
3042,0.760,0.7406,0.7341,0.0065,,1
3043,0.650,0.0000,0.0000,0.0000,,1
3044,0.698,0.0000,0.0000,0.0000,,1
3045,0.389,0.7069,0.7011,0.0058,,1
3046,0.422,0.0000,0.0000,0.0000,,1
3047,0.420,0.0000,0.0000,0.0000,,1
3048,0.130,0.6866,0.6846,0.0020,,1
3049,0.126,0.0000,0.0000,0.0000,,1
3050,0.110,0.0000,0.0000,0.0000,,1
3051,0.167,0.7000,0.6912,0.0088,,1
3052,0.118,0.0000,0.0000,0.0000,,1
3056,0.109,0.0000,0.0000,0.0000,,1
3057,0.134,0.6944,0.6674,0.0270,,1
3058,0.135,0.0000,0.0000,0.0000,,1
3059,0.281,0.0000,0.0000,0.0000,,1
3060,0.440,0.7465,0.7306,0.0159,,1
3061,0.633,0.0000,0.0000,0.0000,,1
3062,0.289,0.0000,0.0000,0.0000,,1
3062,0.216,0.0000,0.0000,0.0000,,1
3063,0.481,0.7426,0.7424,0.0002,,1
3063,0.113,0.6880,0.6829,0.0051,,1
3064,0.604,0.0000,0.0000,0.0000,,1
3064,0.106,0.0000,0.0000,0.0000,,1
3065,0.762,0.0000,0.0000,0.0000,,1
3066,0.611,0.7786,0.7554,0.0232,,1
3067,0.248,0.0000,0.0000,0.0000,,1
3067,0.149,0.0000,0.0000,0.0000,,1
3068,0.698,0.0000,0.0000,0.0000,,1
3069,0.700,0.7601,0.7420,0.0181,,1
3070,0.812,0.0000,0.0000,0.0000,,1
3071,0.651,0.0000,0.0000,0.0000,,1
3071,0.108,0.0000,0.0000,0.0000,,1
3072,0.389,0.7537,0.7434,0.0104,,1
3072,0.185,0.7433,0.7417,0.0016,,1
3073,0.388,0.0000,0.0000,0.0000,,1
3073,0.154,0.0000,0.0000,0.0000,,1
3074,0.424,0.0000,0.0000,0.0000,,1
3074,0.231,0.0000,0.0000,0.0000,,1
3075,0.293,0.7781,0.7573,0.0208,,1
3075,0.104,0.7453,0.7380,0.0073,,1
3076,0.165,0.0000,0.0000,0.0000,,1
3078,0.146,0.6808,0.6750,0.0058,,1
3079,0.173,0.0000,0.0000,0.0000,,1
3080,0.272,0.0000,0.0000,0.0000,,1
3081,0.116,0.7976,0.7880,0.0095,,1
3082,0.146,0.0000,0.0000,0.0000,,1
3083,0.239,0.0000,0.0000,0.0000,,1
3084,0.277,0.8023,0.7984,0.0039,,1
3085,0.367,0.0000,0.0000,0.0000,,1
3086,0.493,0.0000,0.0000,0.0000,,1
3087,0.719,0.7791,0.7643,0.0148,,1
3088,0.646,0.0000,0.0000,0.0000,,1
3089,0.751,0.0000,0.0000,0.0000,,1
3090,0.834,0.7893,0.7763,0.0130,,1
3091,0.940,0.0000,0.0000,0.0000,,1
3092,0.869,0.0000,0.0000,0.0000,,1
3093,0.724,0.7690,0.7559,0.0132,,1
3094,0.625,0.0000,0.0000,0.0000,,1
3095,0.721,0.0000,0.0000,0.0000,,1
3096,0.431,0.7690,0.7531,0.0160,,1
3097,0.406,0.0000,0.0000,0.0000,,1
3098,0.210,0.0000,0.0000,0.0000,,1
3099,0.270,0.7544,0.7451,0.0093,,1
3100,0.604,0.0000,0.0000,0.0000,,1
3101,0.700,0.0000,0.0000,0.0000,,1
3102,0.535,0.7516,0.7445,0.0071,,1
3103,0.133,0.0000,0.0000,0.0000,,1
3105,0.159,0.5963,0.5955,0.0008,,1
3106,0.592,0.0000,0.0000,0.0000,,1
3107,0.769,0.0000,0.0000,0.0000,,1
3108,0.690,0.7659,0.7645,0.0014,,1
3109,0.706,0.0000,0.0000,0.0000,,1
3110,0.477,0.0000,0.0000,0.0000,,1
3111,0.628,0.7653,0.7570,0.0083,,1
3112,0.620,0.0000,0.0000,0.0000,,1
3113,0.655,0.0000,0.0000,0.0000,,1
3114,0.814,0.7481,0.7315,0.0166,,1
3115,0.532,0.0000,0.0000,0.0000,,1
3116,0.428,0.0000,0.0000,0.0000,,1
3117,0.549,0.7397,0.7283,0.0114,,1
3118,0.745,0.0000,0.0000,0.0000,,1
3119,0.428,0.0000,0.0000,0.0000,,1
3120,0.770,0.7446,0.7387,0.0059,,1
3121,0.826,0.0000,0.0000,0.0000,,1
3122,0.789,0.0000,0.0000,0.0000,,1
3123,0.614,0.7561,0.7555,0.0006,,1
3124,0.688,0.0000,0.0000,0.0000,,1
3125,0.762,0.0000,0.0000,0.0000,,1
3126,0.762,0.7693,0.7592,0.0102,,1
3127,0.754,0.0000,0.0000,0.0000,,1
3128,0.799,0.0000,0.0000,0.0000,,1
3129,0.783,0.7527,0.7473,0.0054,,1
3130,0.798,0.0000,0.0000,0.0000,,1
3131,0.713,0.0000,0.0000,0.0000,,1
3132,0.700,0.7517,0.7421,0.0096,,1
3133,0.690,0.0000,0.0000,0.0000,,1
3134,0.708,0.0000,0.0000,0.0000,,1
3135,0.607,0.7639,0.7549,0.0090,,1
3137,0.788,0.0000,0.0000,0.0000,,1
3138,0.946,0.7563,0.7522,0.0041,,1
3139,0.908,0.0000,0.0000,0.0000,,1
3139,0.120,0.0000,0.0000,0.0000,,1
3139,0.118,0.0000,0.0000,0.0000,,1
3139,0.117,0.0000,0.0000,0.0000,,1
3140,0.936,0.0000,0.0000,0.0000,,1
3141,0.961,0.7477,0.7254,0.0222,,1
3142,0.765,0.0000,0.0000,0.0000,,1
3142,0.191,0.0000,0.0000,0.0000,,1
3143,0.257,0.0000,0.0000,0.0000,,1
3143,0.183,0.0000,0.0000,0.0000,,1
3144,0.376,0.7643,0.7328,0.0315,,1
3145,0.190,0.0000,0.0000,0.0000,,1
3145,0.113,0.0000,0.0000,0.0000,,1
3146,0.667,0.0000,0.0000,0.0000,,1
3147,0.254,0.6609,0.6256,0.0353,,1
3147,0.147,0.5252,0.5018,0.0234,,1
3148,0.436,0.0000,0.0000,0.0000,,1
3148,0.283,0.0000,0.0000,0.0000,,1
3148,0.222,0.0000,0.0000,0.0000,,1
3151,0.124,0.0000,0.0000,0.0000,,1
3155,0.185,0.0000,0.0000,0.0000,,1
3162,0.148,0.7497,0.7479,0.0018,,1
3163,0.129,0.0000,0.0000,0.0000,,1
3164,0.172,0.0000,0.0000,0.0000,,1
3164,0.165,0.0000,0.0000,0.0000,,1
3164,0.142,0.0000,0.0000,0.0000,,1
3165,0.363,0.7707,0.7636,0.0071,,1
3165,0.155,0.7746,0.7484,0.0262,,1
3166,0.223,0.0000,0.0000,0.0000,,1
3167,0.100,0.0000,0.0000,0.0000,,1
3168,0.226,0.7532,0.7485,0.0046,,1
3169,0.352,0.0000,0.0000,0.0000,,1
3169,0.293,0.0000,0.0000,0.0000,,1
3169,0.224,0.0000,0.0000,0.0000,,1
3170,0.913,0.0000,0.0000,0.0000,,1
3171,0.612,0.7293,0.7248,0.0045,,1
3171,0.149,0.6399,0.6314,0.0085,,1
3172,0.311,0.0000,0.0000,0.0000,,1
3172,0.247,0.0000,0.0000,0.0000,,1
3173,0.153,0.0000,0.0000,0.0000,,1
3174,0.272,0.7607,0.7418,0.0188,,1
3174,0.126,0.5414,0.5207,0.0207,,1
3175,0.241,0.0000,0.0000,0.0000,,1
3176,0.187,0.0000,0.0000,0.0000,,1
3176,0.141,0.0000,0.0000,0.0000,,1
3177,0.289,0.7270,0.7262,0.0008,,1
3178,0.223,0.0000,0.0000,0.0000,,1
3179,0.193,0.0000,0.0000,0.0000,,1
3180,0.178,0.6927,0.6783,0.0144,,1
3180,0.122,0.5585,0.5421,0.0165,,1
3181,0.160,0.0000,0.0000,0.0000,,1
3181,0.120,0.0000,0.0000,0.0000,,1
3182,0.253,0.0000,0.0000,0.0000,,1
3182,0.107,0.0000,0.0000,0.0000,,1
3183,0.167,0.7021,0.7020,0.0001,,1
3183,0.132,0.6893,0.6796,0.0096,,1
3184,0.201,0.0000,0.0000,0.0000,,1
3185,0.138,0.0000,0.0000,0.0000,,1
3186,0.740,0.7551,0.7392,0.0160,,1
3187,0.471,0.0000,0.0000,0.0000,,1
3187,0.106,0.0000,0.0000,0.0000,,1
3188,0.260,0.0000,0.0000,0.0000,,1
3189,0.491,0.7117,0.7021,0.0096,,1
3190,0.148,0.0000,0.0000,0.0000,,1
3191,0.126,0.0000,0.0000,0.0000,,1
3192,0.148,0.6919,0.6644,0.0275,,1
3193,0.158,0.0000,0.0000,0.0000,,1
3194,0.117,0.0000,0.0000,0.0000,,1
3195,0.143,0.7117,0.6940,0.0176,,1
3196,0.277,0.0000,0.0000,0.0000,,1
3197,0.704,0.0000,0.0000,0.0000,,1
3198,0.571,0.6953,0.6883,0.0070,,1
3199,0.739,0.0000,0.0000,0.0000,,1
3200,0.141,0.0000,0.0000,0.0000,,1
3201,0.722,0.7032,0.7021,0.0011,,1
3202,0.685,0.0000,0.0000,0.0000,,1
3204,0.110,0.6912,0.6848,0.0064,,1
3205,0.209,0.0000,0.0000,0.0000,,1
3206,0.420,0.0000,0.0000,0.0000,,1
3207,0.331,0.7433,0.7359,0.0074,,1
3208,0.177,0.0000,0.0000,0.0000,,1
3209,0.305,0.0000,0.0000,0.0000,,1
3210,0.344,0.7318,0.7164,0.0153,,1
3211,0.266,0.0000,0.0000,0.0000,,1
3212,0.252,0.0000,0.0000,0.0000,,1
3213,0.267,0.7256,0.7202,0.0054,,1
3214,0.539,0.0000,0.0000,0.0000,,1
3215,0.386,0.0000,0.0000,0.0000,,1
3216,0.217,0.7162,0.7095,0.0067,,1
3217,0.344,0.0000,0.0000,0.0000,,1
3218,0.200,0.0000,0.0000,0.0000,,1
3219,0.172,0.7014,0.6966,0.0048,,1
3219,0.140,0.7055,0.6856,0.0199,,1
3220,0.213,0.0000,0.0000,0.0000,,1
3221,0.337,0.0000,0.0000,0.0000,,1
3222,0.247,0.7167,0.7039,0.0128,,1
3223,0.284,0.0000,0.0000,0.0000,,1
3224,0.416,0.0000,0.0000,0.0000,,1
3225,0.320,0.7414,0.7218,0.0196,,1
3226,0.377,0.0000,0.0000,0.0000,,1
3227,0.298,0.0000,0.0000,0.0000,,1
3227,0.124,0.0000,0.0000,0.0000,,1
3228,0.262,0.7367,0.7188,0.0180,,1
3229,0.261,0.0000,0.0000,0.0000,,1
3230,0.214,0.0000,0.0000,0.0000,,1
3231,0.201,0.7430,0.7333,0.0097,,1
3232,0.181,0.0000,0.0000,0.0000,,1
3233,0.225,0.0000,0.0000,0.0000,,1
3234,0.332,0.7419,0.7231,0.0188,,1
3235,0.320,0.0000,0.0000,0.0000,,1
3236,0.275,0.0000,0.0000,0.0000,,1
3236,0.238,0.0000,0.0000,0.0000,,1
3237,0.255,0.7511,0.7379,0.0132,,1
3237,0.211,0.6329,0.6293,0.0036,,1
3238,0.340,0.0000,0.0000,0.0000,,1
3238,0.227,0.0000,0.0000,0.0000,,1
3239,0.424,0.0000,0.0000,0.0000,,1
3239,0.105,0.0000,0.0000,0.0000,,1
3240,0.205,0.7741,0.7629,0.0112,,1
3240,0.128,0.7389,0.7280,0.0109,,1
3241,0.594,0.0000,0.0000,0.0000,,1
3241,0.201,0.0000,0.0000,0.0000,,1
3242,0.922,0.0000,0.0000,0.0000,,1
3243,0.625,0.7615,0.7546,0.0069,,1
3243,0.263,0.7139,0.7118,0.0021,,1
3244,0.834,0.0000,0.0000,0.0000,,1
3245,0.825,0.0000,0.0000,0.0000,,1
3246,0.865,0.7863,0.7802,0.0061,,1
3247,0.870,0.0000,0.0000,0.0000,,1
3248,0.678,0.0000,0.0000,0.0000,,1
3249,0.306,0.7835,0.7712,0.0123,,1
3250,0.317,0.0000,0.0000,0.0000,,1
3251,0.770,0.0000,0.0000,0.0000,,1
3252,0.627,0.7812,0.7669,0.0143,,1
3253,0.778,0.0000,0.0000,0.0000,,1
3254,0.484,0.0000,0.0000,0.0000,,1
3255,0.417,0.7928,0.7844,0.0084,,1
3256,0.251,0.0000,0.0000,0.0000,,1
3257,0.792,0.0000,0.0000,0.0000,,1
3258,0.634,0.7724,0.7716,0.0008,,1
3259,0.733,0.0000,0.0000,0.0000,,1
3260,0.565,0.0000,0.0000,0.0000,,1
3261,0.631,0.7766,0.7719,0.0047,,1
3262,0.644,0.0000,0.0000,0.0000,,1
3263,0.766,0.0000,0.0000,0.0000,,1
3264,0.870,0.7876,0.7827,0.0050,,1
3265,0.886,0.0000,0.0000,0.0000,,1
3266,0.913,0.0000,0.0000,0.0000,,1
3267,0.785,0.7788,0.7643,0.0145,,1
3268,0.760,0.0000,0.0000,0.0000,,1
3269,0.719,0.0000,0.0000,0.0000,,1
3270,0.630,0.7544,0.7397,0.0147,,1
3271,0.720,0.0000,0.0000,0.0000,,1
3272,0.916,0.0000,0.0000,0.0000,,1
3273,0.855,0.7303,0.7160,0.0143,,1
3274,0.857,0.0000,0.0000,0.0000,,1
3275,0.948,0.0000,0.0000,0.0000,,1
3276,0.894,0.7621,0.7492,0.0130,,1
3277,0.907,0.0000,0.0000,0.0000,,1
3278,0.911,0.0000,0.0000,0.0000,,1
3279,0.601,0.7593,0.7417,0.0175,,1
3279,0.199,0.7441,0.7143,0.0298,,1
3280,0.653,0.0000,0.0000,0.0000,,1
3281,0.525,0.0000,0.0000,0.0000,,1
3281,0.296,0.0000,0.0000,0.0000,,1
3282,0.890,0.7516,0.7504,0.0012,,1
3283,0.663,0.0000,0.0000,0.0000,,1
3283,0.124,0.0000,0.0000,0.0000,,1
3284,0.798,0.0000,0.0000,0.0000,,1
3285,0.534,0.7806,0.7754,0.0052,,1
3285,0.477,0.7784,0.7555,0.0230,,1
3286,0.561,0.0000,0.0000,0.0000,,1
3286,0.503,0.0000,0.0000,0.0000,,1
3287,0.803,0.0000,0.0000,0.0000,,1
3287,0.175,0.0000,0.0000,0.0000,,1
3288,0.502,0.7786,0.7701,0.0085,,1
3288,0.420,0.7812,0.7504,0.0308,,1
3289,0.456,0.0000,0.0000,0.0000,,1
3289,0.330,0.0000,0.0000,0.0000,,1
3290,0.403,0.0000,0.0000,0.0000,,1
3290,0.106,0.0000,0.0000,0.0000,,1
3291,0.317,0.7480,0.7420,0.0059,,1
3292,0.729,0.0000,0.0000,0.0000,,1
3293,0.194,0.0000,0.0000,0.0000,,1
3294,0.396,0.7367,0.7275,0.0093,,1
3295,0.294,0.0000,0.0000,0.0000,,1
3296,0.512,0.0000,0.0000,0.0000,,1
3297,0.568,0.7361,0.7331,0.0030,,1
3298,0.812,0.0000,0.0000,0.0000,,1
3299,0.828,0.0000,0.0000,0.0000,,1
3300,0.851,0.7745,0.7587,0.0158,,1
3301,0.886,0.0000,0.0000,0.0000,,1
3302,0.635,0.0000,0.0000,0.0000,,1
3303,0.759,0.7433,0.7330,0.0103,,1
3304,0.442,0.0000,0.0000,0.0000,,1
3308,0.133,0.0000,0.0000,0.0000,,1
3309,0.268,0.7582,0.7440,0.0142,,1
3310,0.199,0.0000,0.0000,0.0000,,1
3311,0.743,0.0000,0.0000,0.0000,,1
3314,0.143,0.0000,0.0000,0.0000,,1
3315,0.234,0.6908,0.6729,0.0179,,1
3316,0.270,0.0000,0.0000,0.0000,,1
3317,0.233,0.0000,0.0000,0.0000,,1
3318,0.845,0.7362,0.7293,0.0069,,1
3319,0.664,0.0000,0.0000,0.0000,,1
3320,0.172,0.0000,0.0000,0.0000,,1
3320,0.115,0.0000,0.0000,0.0000,,1
3321,0.186,0.7159,0.7042,0.0116,,1
3321,0.163,0.7327,0.7104,0.0223,,1
3322,0.470,0.0000,0.0000,0.0000,,1
3322,0.231,0.0000,0.0000,0.0000,,1
3323,0.431,0.0000,0.0000,0.0000,,1
3323,0.391,0.0000,0.0000,0.0000,,1
3324,0.337,0.7725,0.7593,0.0132,,1
3324,0.268,0.7029,0.6997,0.0032,,1
3325,0.184,0.0000,0.0000,0.0000,,1
3326,0.494,0.0000,0.0000,0.0000,,1
3327,0.478,0.7784,0.7685,0.0099,,1
3328,0.340,0.0000,0.0000,0.0000,,1
3329,0.621,0.0000,0.0000,0.0000,,1
3330,0.537,0.7632,0.7548,0.0085,,1
3331,0.499,0.0000,0.0000,0.0000,,1
3332,0.337,0.0000,0.0000,0.0000,,1
3333,0.288,0.7596,0.7506,0.0091,,1
3333,0.106,0.7159,0.6988,0.0171,,1
3334,0.238,0.0000,0.0000,0.0000,,1
3334,0.188,0.0000,0.0000,0.0000,,1
3335,0.237,0.0000,0.0000,0.0000,,1
3336,0.153,0.7054,0.7016,0.0038,,1
3336,0.137,0.6947,0.6942,0.0005,,1
3337,0.366,0.0000,0.0000,0.0000,,1
3338,0.194,0.0000,0.0000,0.0000,,1
3342,0.138,0.6907,0.6752,0.0154,,1
3343,0.389,0.0000,0.0000,0.0000,,1
3344,0.158,0.0000,0.0000,0.0000,,1
3345,0.110,0.7106,0.7005,0.0101,,1
3346,0.545,0.0000,0.0000,0.0000,,1
3353,0.125,0.0000,0.0000,0.0000,,1
3354,0.212,0.7335,0.7309,0.0026,,1
3355,0.161,0.0000,0.0000,0.0000,,1
3355,0.119,0.0000,0.0000,0.0000,,1
3356,0.141,0.0000,0.0000,0.0000,,1
3358,0.243,0.0000,0.0000,0.0000,,1
3358,0.109,0.0000,0.0000,0.0000,,1
7,0.262,0.0000,0.0000,0.0000,,1
11,0.345,0.0000,0.0000,0.0000,,1
12,0.492,0.7109,0.7011,0.0099,,1
13,0.561,0.0000,0.0000,0.0000,,1
14,0.888,0.0000,0.0000,0.0000,,1
15,0.745,0.7755,0.7642,0.0113,,1
15,0.602,0.7455,0.7232,0.0223,,1
16,0.933,0.0000,0.0000,0.0000,,1
17,0.806,0.0000,0.0000,0.0000,,1
18,0.559,0.7662,0.7552,0.0110,,1
18,0.350,0.6222,0.6148,0.0073,,1
19,0.715,0.0000,0.0000,0.0000,,1
20,0.522,0.0000,0.0000,0.0000,,1
21,0.569,0.8010,0.7973,0.0036,,1
22,0.405,0.0000,0.0000,0.0000,,1
23,0.915,0.0000,0.0000,0.0000,,1
24,0.943,0.7891,0.7883,0.0008,,1
25,0.918,0.0000,0.0000,0.0000,,1
26,0.853,0.0000,0.0000,0.0000,,1
27,0.792,0.7912,0.7890,0.0022,,1
28,0.755,0.0000,0.0000,0.0000,,1
29,0.893,0.0000,0.0000,0.0000,,1
30,0.894,0.7761,0.7729,0.0032,,1
31,0.907,0.0000,0.0000,0.0000,,1
32,0.824,0.0000,0.0000,0.0000,,1
33,0.857,0.7957,0.7837,0.0119,,1
34,0.827,0.0000,0.0000,0.0000,,1
35,0.893,0.0000,0.0000,0.0000,,1
36,0.889,0.7858,0.7795,0.0064,,1
37,0.944,0.0000,0.0000,0.0000,,1
38,0.955,0.0000,0.0000,0.0000,,1
38,0.281,0.0000,0.0000,0.0000,,1
39,0.954,0.7915,0.7735,0.0180,,1
40,0.939,0.0000,0.0000,0.0000,,1
41,0.954,0.0000,0.0000,0.0000,,1
41,0.269,0.0000,0.0000,0.0000,,1
42,0.953,0.7853,0.7782,0.0071,,1
42,0.259,0.5639,0.5414,0.0225,,1
43,0.948,0.0000,0.0000,0.0000,,1
43,0.321,0.0000,0.0000,0.0000,,1
44,0.939,0.0000,0.0000,0.0000,,1
44,0.441,0.0000,0.0000,0.0000,,1
45,0.949,0.7906,0.7831,0.0075,,1
45,0.256,0.5788,0.5681,0.0107,,1
46,0.935,0.0000,0.0000,0.0000,,1
47,0.912,0.0000,0.0000,0.0000,,1
48,0.823,0.7898,0.7753,0.0145,,1
49,0.598,0.0000,0.0000,0.0000,,1
50,0.334,0.0000,0.0000,0.0000,,1
51,0.336,0.7917,0.7820,0.0097,,1
52,0.431,0.0000,0.0000,0.0000,,1
53,0.592,0.0000,0.0000,0.0000,,1
54,0.896,0.8061,0.7986,0.0075,,1
55,0.888,0.0000,0.0000,0.0000,,1
56,0.872,0.0000,0.0000,0.0000,,1
57,0.494,0.8107,0.8017,0.0091,,1
58,0.836,0.0000,0.0000,0.0000,,1
59,0.517,0.0000,0.0000,0.0000,,1
59,0.447,0.0000,0.0000,0.0000,,1
60,0.765,0.8104,0.8022,0.0082,,1
61,0.830,0.0000,0.0000,0.0000,,1
62,0.656,0.0000,0.0000,0.0000,,1
63,0.691,0.6224,0.6183,0.0041,,1
64,0.616,0.0000,0.0000,0.0000,,1
65,0.559,0.0000,0.0000,0.0000,,1
65,0.264,0.0000,0.0000,0.0000,,1
66,0.846,0.7698,0.7513,0.0184,,1
67,0.574,0.0000,0.0000,0.0000,,1
67,0.497,0.0000,0.0000,0.0000,,1
68,0.917,0.0000,0.0000,0.0000,,1
69,0.873,0.7762,0.7607,0.0155,,1
70,0.940,0.0000,0.0000,0.0000,,1
71,0.907,0.0000,0.0000,0.0000,,1
72,0.611,0.7764,0.7717,0.0047,,1
72,0.565,0.7547,0.7332,0.0215,,1
73,0.652,0.0000,0.0000,0.0000,,1
73,0.597,0.0000,0.0000,0.0000,,1
74,0.888,0.0000,0.0000,0.0000,,1
75,0.931,0.7785,0.7621,0.0164,,1
76,0.955,0.0000,0.0000,0.0000,,1
77,0.369,0.0000,0.0000,0.0000,,1
78,0.892,0.7346,0.7236,0.0109,,1
79,0.918,0.0000,0.0000,0.0000,,1
80,0.568,0.0000,0.0000,0.0000,,1
81,0.446,0.7760,0.7554,0.0205,,1
83,0.337,0.0000,0.0000,0.0000,,1
84,0.748,0.7743,0.7626,0.0117,,1
85,0.466,0.0000,0.0000,0.0000,,1
86,0.372,0.0000,0.0000,0.0000,,1
87,0.360,0.7758,0.7749,0.0009,,1
88,0.810,0.0000,0.0000,0.0000,,1
89,0.440,0.0000,0.0000,0.0000,,1
90,0.353,0.7760,0.7737,0.0023,,1
91,0.527,0.0000,0.0000,0.0000,,1
91,0.301,0.0000,0.0000,0.0000,,1
92,0.427,0.0000,0.0000,0.0000,,1
92,0.393,0.0000,0.0000,0.0000,,1
93,0.428,0.7796,0.7719,0.0077,,1
93,0.287,0.7714,0.7687,0.0027,,1
94,0.499,0.0000,0.0000,0.0000,,1
95,0.693,0.0000,0.0000,0.0000,,1
96,0.553,0.8038,0.7854,0.0184,,1
97,0.304,0.0000,0.0000,0.0000,,1
97,0.285,0.0000,0.0000,0.0000,,1
98,0.464,0.0000,0.0000,0.0000,,1
99,0.594,0.7900,0.7665,0.0235,,1
100,0.366,0.0000,0.0000,0.0000,,1
101,0.908,0.0000,0.0000,0.0000,,1
102,0.835,0.7970,0.7764,0.0206,,1
103,0.748,0.0000,0.0000,0.0000,,1
104,0.878,0.0000,0.0000,0.0000,,1
105,0.888,0.7849,0.7716,0.0133,,1
106,0.567,0.0000,0.0000,0.0000,,1
106,0.259,0.0000,0.0000,0.0000,,1
107,0.660,0.0000,0.0000,0.0000,,1
108,0.662,0.7284,0.7221,0.0063,,1
109,0.577,0.0000,0.0000,0.0000,,1
115,0.390,0.0000,0.0000,0.0000,,1
116,0.739,0.0000,0.0000,0.0000,,1
117,0.641,0.5810,0.5800,0.0010,,1
120,0.632,0.7146,0.7090,0.0056,,1
121,0.692,0.0000,0.0000,0.0000,,1
122,0.714,0.0000,0.0000,0.0000,,1
123,0.609,0.8021,0.7979,0.0042,,1
124,0.682,0.0000,0.0000,0.0000,,1
125,0.937,0.0000,0.0000,0.0000,,1
126,0.933,0.7948,0.7851,0.0096,,1
127,0.302,0.0000,0.0000,0.0000,,1
128,0.527,0.0000,0.0000,0.0000,,1
129,0.551,0.7851,0.7723,0.0128,,1
130,0.352,0.0000,0.0000,0.0000,,1
134,0.825,0.0000,0.0000,0.0000,,1
135,0.926,0.7745,0.7558,0.0187,,1
136,0.379,0.0000,0.0000,0.0000,,1
137,0.331,0.0000,0.0000,0.0000,,1
142,0.314,0.0000,0.0000,0.0000,,1
144,0.365,0.5401,0.5111,0.0290,,1
145,0.374,0.0000,0.0000,0.0000,,1
149,0.264,0.0000,0.0000,0.0000,,1
164,0.338,0.0000,0.0000,0.0000,,1
167,0.488,0.0000,0.0000,0.0000,,1
168,0.619,0.7390,0.7345,0.0045,,1
169,0.621,0.0000,0.0000,0.0000,,1
170,0.321,0.0000,0.0000,0.0000,,1
170,0.276,0.0000,0.0000,0.0000,,1
171,0.513,0.7240,0.7090,0.0150,,1
171,0.268,0.7303,0.7001,0.0303,,1
172,0.667,0.0000,0.0000,0.0000,,1
176,0.411,0.0000,0.0000,0.0000,,1
177,0.373,0.7504,0.7425,0.0079,,1
178,0.523,0.0000,0.0000,0.0000,,1
179,0.854,0.0000,0.0000,0.0000,,1
180,0.749,0.7588,0.7334,0.0254,,1
181,0.694,0.0000,0.0000,0.0000,,1
182,0.757,0.0000,0.0000,0.0000,,1
182,0.435,0.0000,0.0000,0.0000,,1
183,0.822,0.7036,0.7022,0.0014,,1
184,0.762,0.0000,0.0000,0.0000,,1
184,0.483,0.0000,0.0000,0.0000,,1
185,0.925,0.0000,0.0000,0.0000,,1
186,0.745,0.7528,0.7474,0.0054,,1
187,0.880,0.0000,0.0000,0.0000,,1
188,0.657,0.0000,0.0000,0.0000,,1
189,0.311,0.7560,0.7315,0.0245,,1
198,0.363,0.7249,0.7199,0.0050,,1
200,0.500,0.0000,0.0000,0.0000,,1
201,0.499,0.7359,0.7302,0.0057,,1
202,0.415,0.0000,0.0000,0.0000,,1
203,0.623,0.0000,0.0000,0.0000,,1
204,0.793,0.7236,0.7194,0.0041,,1
205,0.705,0.0000,0.0000,0.0000,,1
206,0.688,0.0000,0.0000,0.0000,,1
207,0.690,0.7540,0.7479,0.0061,,1
208,0.705,0.0000,0.0000,0.0000,,1
209,0.802,0.0000,0.0000,0.0000,,1
210,0.774,0.7472,0.7414,0.0058,,1
211,0.893,0.0000,0.0000,0.0000,,1
212,0.865,0.0000,0.0000,0.0000,,1
213,0.882,0.7633,0.7572,0.0061,,1
214,0.845,0.0000,0.0000,0.0000,,1
215,0.856,0.0000,0.0000,0.0000,,1
216,0.827,0.7676,0.7611,0.0065,,1
217,0.860,0.0000,0.0000,0.0000,,1
218,0.789,0.0000,0.0000,0.0000,,1
219,0.806,0.7695,0.7494,0.0201,,1
220,0.854,0.0000,0.0000,0.0000,,1
221,0.875,0.0000,0.0000,0.0000,,1
222,0.878,0.7106,0.6973,0.0134,,1
223,0.854,0.0000,0.0000,0.0000,,1
224,0.852,0.0000,0.0000,0.0000,,1
224,0.435,0.0000,0.0000,0.0000,,1
225,0.835,0.7533,0.7389,0.0143,,1
225,0.549,0.7627,0.7242,0.0384,,1
226,0.786,0.0000,0.0000,0.0000,,1
226,0.304,0.0000,0.0000,0.0000,,1
227,0.758,0.0000,0.0000,0.0000,,1
228,0.759,0.7718,0.7483,0.0235,,1
228,0.501,0.7684,0.7374,0.0310,,1
229,0.791,0.0000,0.0000,0.0000,,1
230,0.832,0.0000,0.0000,0.0000,,1
231,0.792,0.7865,0.7792,0.0073,,1
232,0.816,0.0000,0.0000,0.0000,,1
233,0.808,0.0000,0.0000,0.0000,,1
234,0.765,0.7533,0.7363,0.0170,,1
235,0.754,0.0000,0.0000,0.0000,,1
236,0.828,0.0000,0.0000,0.0000,,1
237,0.772,0.7633,0.7467,0.0166,,1
238,0.893,0.0000,0.0000,0.0000,,1
239,0.934,0.0000,0.0000,0.0000,,1
240,0.936,0.7738,0.7697,0.0041,,1
241,0.937,0.0000,0.0000,0.0000,,1
242,0.953,0.0000,0.0000,0.0000,,1
243,0.963,0.7940,0.7722,0.0218,,1
244,0.967,0.0000,0.0000,0.0000,,1
245,0.956,0.0000,0.0000,0.0000,,1
246,0.956,0.7779,0.7695,0.0083,,1
247,0.973,0.0000,0.0000,0.0000,,1
248,0.977,0.0000,0.0000,0.0000,,1
249,0.949,0.7854,0.7620,0.0234,,1
250,0.932,0.0000,0.0000,0.0000,,1
251,0.746,0.0000,0.0000,0.0000,,1
252,0.878,0.7690,0.7458,0.0232,,1
253,0.908,0.0000,0.0000,0.0000,,1
254,0.903,0.0000,0.0000,0.0000,,1
255,0.827,0.7726,0.7689,0.0038,,1
256,0.966,0.0000,0.0000,0.0000,,1
257,0.622,0.0000,0.0000,0.0000,,1
258,0.826,0.8256,0.7951,0.0305,,1
259,0.763,0.0000,0.0000,0.0000,,1
260,0.434,0.0000,0.0000,0.0000,,1
260,0.420,0.0000,0.0000,0.0000,,1
261,0.576,0.8408,0.7944,0.0463,,1
261,0.297,0.8072,0.7761,0.0311,,1
262,0.909,0.0000,0.0000,0.0000,,1
263,0.873,0.0000,0.0000,0.0000,,1
264,0.443,0.7927,0.7841,0.0086,,1
264,0.342,0.7648,0.7513,0.0135,,1
265,0.869,0.0000,0.0000,0.0000,,1
266,0.927,0.0000,0.0000,0.0000,,1
267,0.899,0.7642,0.7270,0.0372,,1
268,0.982,0.0000,0.0000,0.0000,,1
269,0.889,0.0000,0.0000,0.0000,,1
270,0.949,0.8140,0.7771,0.0369,,1
271,0.956,0.0000,0.0000,0.0000,,1
272,0.843,0.0000,0.0000,0.0000,,1
273,0.879,0.7944,0.7567,0.0377,,1
274,0.757,0.0000,0.0000,0.0000,,1
275,0.597,0.0000,0.0000,0.0000,,1
276,0.516,0.7833,0.7663,0.0170,,1
278,0.538,0.0000,0.0000,0.0000,,1
279,0.280,0.5901,0.5627,0.0274,,1
280,0.380,0.0000,0.0000,0.0000,,1
283,0.284,0.0000,0.0000,0.0000,,1
301,0.419,0.0000,0.0000,0.0000,,1
302,0.275,0.0000,0.0000,0.0000,,1
303,0.686,0.7942,0.7752,0.0189,,1
304,0.644,0.0000,0.0000,0.0000,,1
305,0.497,0.0000,0.0000,0.0000,,1
306,0.395,0.7725,0.7563,0.0162,,1
307,0.430,0.0000,0.0000,0.0000,,1
309,0.461,0.7588,0.7398,0.0190,,1
310,0.754,0.0000,0.0000,0.0000,,1
311,0.595,0.0000,0.0000,0.0000,,1
311,0.379,0.0000,0.0000,0.0000,,1
312,0.700,0.8294,0.7785,0.0509,nike_pogo_plus_japanese_roots,0
313,0.850,0.0000,0.0000,0.0000,nike_pogo_plus_japanese_roots,0
314,0.429,0.0000,0.0000,0.0000,nike_pogo_plus_japanese_roots,0
315,0.766,0.7669,0.7524,0.0145,nike_pogo_plus_japanese_roots,0
316,0.833,0.0000,0.0000,0.0000,nike_pogo_plus_japanese_roots,0
317,0.911,0.0000,0.0000,0.0000,nike_pogo_plus_japanese_roots,0
318,0.732,0.8094,0.7882,0.0212,nike_pogo_plus_japanese_roots,0
319,0.955,0.0000,0.0000,0.0000,nike_pogo_plus_japanese_roots,0
320,0.664,0.0000,0.0000,0.0000,,1
321,0.864,0.8106,0.7883,0.0223,,1
322,0.928,0.0000,0.0000,0.0000,,1
323,0.962,0.0000,0.0000,0.0000,,1
324,0.982,0.7929,0.7848,0.0081,,1
325,0.909,0.0000,0.0000,0.0000,,1
326,0.654,0.0000,0.0000,0.0000,,1
327,0.871,0.7943,0.7588,0.0355,,1
328,0.551,0.0000,0.0000,0.0000,,1
329,0.949,0.0000,0.0000,0.0000,,1
330,0.762,0.8279,0.7991,0.0288,,1
331,0.701,0.0000,0.0000,0.0000,,1
332,0.626,0.0000,0.0000,0.0000,,1
333,0.858,0.8253,0.7869,0.0384,,1
334,0.862,0.0000,0.0000,0.0000,,1
335,0.596,0.0000,0.0000,0.0000,,1
336,0.583,0.8276,0.7981,0.0294,,1
337,0.481,0.0000,0.0000,0.0000,,1
338,0.933,0.0000,0.0000,0.0000,,1
339,0.816,0.7917,0.7493,0.0424,,1
340,0.485,0.0000,0.0000,0.0000,,1
340,0.274,0.0000,0.0000,0.0000,,1
341,0.413,0.0000,0.0000,0.0000,,1
342,0.287,0.8284,0.7962,0.0322,,1
343,0.271,0.0000,0.0000,0.0000,,1
344,0.596,0.0000,0.0000,0.0000,,1
345,0.578,0.7914,0.7691,0.0223,,1
346,0.502,0.0000,0.0000,0.0000,,1
347,0.446,0.0000,0.0000,0.0000,,1
348,0.562,0.8093,0.7800,0.0293,,1
349,0.541,0.0000,0.0000,0.0000,,1
350,0.452,0.0000,0.0000,0.0000,,1
351,0.570,0.8033,0.7728,0.0305,,1
352,0.651,0.0000,0.0000,0.0000,,1
356,0.340,0.0000,0.0000,0.0000,,1
357,0.285,0.7922,0.7701,0.0222,,1
359,0.810,0.0000,0.0000,0.0000,,1
360,0.416,0.7813,0.7691,0.0123,,1
361,0.711,0.0000,0.0000,0.0000,,1
362,0.781,0.0000,0.0000,0.0000,,1
363,0.908,0.7669,0.7532,0.0137,,1
364,0.739,0.0000,0.0000,0.0000,,1
364,0.288,0.0000,0.0000,0.0000,,1
365,0.712,0.0000,0.0000,0.0000,,1
365,0.321,0.0000,0.0000,0.0000,,1
366,0.666,0.7924,0.7710,0.0214,,1
366,0.381,0.8150,0.7704,0.0446,,1
367,0.658,0.0000,0.0000,0.0000,,1
367,0.435,0.0000,0.0000,0.0000,,1
368,0.949,0.0000,0.0000,0.0000,,1
369,0.925,0.7637,0.7378,0.0260,,1
370,0.921,0.0000,0.0000,0.0000,,1
371,0.915,0.0000,0.0000,0.0000,,1
372,0.778,0.7760,0.7600,0.0160,,1
373,0.764,0.0000,0.0000,0.0000,,1
374,0.584,0.0000,0.0000,0.0000,,1
375,0.455,0.7806,0.7439,0.0367,,1
376,0.324,0.0000,0.0000,0.0000,,1
392,0.358,0.0000,0.0000,0.0000,,1
393,0.368,0.5585,0.5442,0.0143,,1
415,0.512,0.0000,0.0000,0.0000,,1
416,0.423,0.0000,0.0000,0.0000,,1
417,0.530,0.7628,0.7275,0.0352,,1
418,0.493,0.0000,0.0000,0.0000,,1
419,0.915,0.0000,0.0000,0.0000,,1
420,0.938,0.8056,0.7786,0.0271,,1
421,0.961,0.0000,0.0000,0.0000,,1
422,0.717,0.0000,0.0000,0.0000,,1
423,0.809,0.7960,0.7645,0.0315,,1
424,0.853,0.0000,0.0000,0.0000,,1
425,0.969,0.0000,0.0000,0.0000,,1
426,0.957,0.7906,0.7628,0.0278,,1
427,0.944,0.0000,0.0000,0.0000,,1
428,0.905,0.0000,0.0000,0.0000,,1
429,0.928,0.8024,0.7756,0.0269,,1
430,0.869,0.0000,0.0000,0.0000,,1
431,0.675,0.0000,0.0000,0.0000,,1
432,0.858,0.7868,0.7593,0.0275,,1
433,0.961,0.0000,0.0000,0.0000,,1
434,0.527,0.0000,0.0000,0.0000,,1
434,0.343,0.0000,0.0000,0.0000,,1
435,0.933,0.7902,0.7700,0.0202,,1
436,0.848,0.0000,0.0000,0.0000,,1
437,0.814,0.0000,0.0000,0.0000,,1
438,0.842,0.8043,0.7766,0.0277,,1
439,0.879,0.0000,0.0000,0.0000,,1
440,0.884,0.0000,0.0000,0.0000,,1
441,0.891,0.7967,0.7810,0.0157,,1
442,0.951,0.0000,0.0000,0.0000,,1
443,0.961,0.0000,0.0000,0.0000,,1
444,0.959,0.7863,0.7541,0.0322,,1
445,0.948,0.0000,0.0000,0.0000,,1
446,0.457,0.0000,0.0000,0.0000,,1
447,0.365,0.7766,0.7441,0.0325,,1
447,0.352,0.7987,0.7541,0.0447,,1
448,0.412,0.0000,0.0000,0.0000,,1
448,0.381,0.0000,0.0000,0.0000,,1
449,0.394,0.0000,0.0000,0.0000,,1
449,0.271,0.0000,0.0000,0.0000,,1
449,0.260,0.0000,0.0000,0.0000,,1
450,0.536,0.7992,0.7788,0.0204,,1
451,0.892,0.0000,0.0000,0.0000,,1
452,0.890,0.0000,0.0000,0.0000,,1
453,0.656,0.8138,0.7877,0.0261,,1
454,0.581,0.0000,0.0000,0.0000,,1
455,0.897,0.0000,0.0000,0.0000,,1
456,0.901,0.8125,0.7857,0.0268,,1
457,0.931,0.0000,0.0000,0.0000,,1
458,0.938,0.0000,0.0000,0.0000,,1
459,0.947,0.7997,0.7680,0.0317,,1
460,0.946,0.0000,0.0000,0.0000,,1
461,0.961,0.0000,0.0000,0.0000,,1
462,0.962,0.7947,0.7824,0.0122,,1
463,0.962,0.0000,0.0000,0.0000,,1
464,0.956,0.0000,0.0000,0.0000,,1
465,0.963,0.8040,0.7826,0.0214,,1
466,0.954,0.0000,0.0000,0.0000,,1
467,0.940,0.0000,0.0000,0.0000,,1
468,0.938,0.7918,0.7696,0.0223,,1
469,0.944,0.0000,0.0000,0.0000,,1
470,0.953,0.0000,0.0000,0.0000,,1
471,0.958,0.7820,0.7612,0.0209,,1
472,0.956,0.0000,0.0000,0.0000,,1
473,0.952,0.0000,0.0000,0.0000,,1
474,0.949,0.8055,0.7788,0.0267,,1
475,0.953,0.0000,0.0000,0.0000,,1
476,0.927,0.0000,0.0000,0.0000,,1
477,0.951,0.7838,0.7694,0.0144,,1
478,0.941,0.0000,0.0000,0.0000,,1
479,0.966,0.0000,0.0000,0.0000,,1
480,0.963,0.7738,0.7491,0.0248,,1
481,0.968,0.0000,0.0000,0.0000,,1
482,0.971,0.0000,0.0000,0.0000,,1
483,0.974,0.7610,0.7344,0.0266,,1
484,0.974,0.0000,0.0000,0.0000,,1
485,0.973,0.0000,0.0000,0.0000,,1
486,0.973,0.7606,0.7360,0.0246,,1
487,0.973,0.0000,0.0000,0.0000,,1
488,0.970,0.0000,0.0000,0.0000,,1
489,0.972,0.7663,0.7528,0.0135,,1
490,0.958,0.0000,0.0000,0.0000,,1
491,0.954,0.0000,0.0000,0.0000,,1
492,0.961,0.7709,0.7550,0.0159,,1
493,0.948,0.0000,0.0000,0.0000,,1
494,0.934,0.0000,0.0000,0.0000,,1
495,0.921,0.7498,0.7354,0.0144,,1
496,0.891,0.0000,0.0000,0.0000,,1
497,0.933,0.0000,0.0000,0.0000,,1
498,0.916,0.7717,0.7599,0.0118,,1
499,0.897,0.0000,0.0000,0.0000,,1
500,0.900,0.0000,0.0000,0.0000,,1
501,0.889,0.8098,0.7725,0.0373,,1
502,0.938,0.0000,0.0000,0.0000,,1
503,0.917,0.0000,0.0000,0.0000,,1
504,0.918,0.8154,0.7805,0.0349,,1
505,0.854,0.0000,0.0000,0.0000,,1
506,0.616,0.0000,0.0000,0.0000,,1
507,0.666,0.7909,0.7628,0.0282,,1
508,0.729,0.0000,0.0000,0.0000,,1
508,0.354,0.0000,0.0000,0.0000,,1
509,0.628,0.0000,0.0000,0.0000,,1
510,0.631,0.8060,0.7749,0.0311,,1
511,0.707,0.0000,0.0000,0.0000,,1
512,0.834,0.0000,0.0000,0.0000,,1
513,0.871,0.7747,0.7469,0.0278,,1
514,0.850,0.0000,0.0000,0.0000,,1
515,0.832,0.0000,0.0000,0.0000,,1
516,0.838,0.7722,0.7375,0.0348,,1
517,0.861,0.0000,0.0000,0.0000,,1
518,0.772,0.0000,0.0000,0.0000,,1
519,0.796,0.7918,0.7586,0.0332,,1
520,0.823,0.0000,0.0000,0.0000,,1
521,0.836,0.0000,0.0000,0.0000,,1
522,0.845,0.8050,0.7851,0.0199,,1
523,0.800,0.0000,0.0000,0.0000,,1
524,0.868,0.0000,0.0000,0.0000,,1
525,0.856,0.7713,0.7583,0.0130,,1
526,0.867,0.0000,0.0000,0.0000,,1
527,0.745,0.0000,0.0000,0.0000,,1
528,0.760,0.7815,0.7597,0.0218,,1
529,0.699,0.0000,0.0000,0.0000,,1
529,0.409,0.0000,0.0000,0.0000,,1
530,0.705,0.0000,0.0000,0.0000,,1
530,0.412,0.0000,0.0000,0.0000,,1
531,0.666,0.7893,0.7747,0.0146,,1
531,0.402,0.7566,0.7374,0.0192,,1
532,0.774,0.0000,0.0000,0.0000,,1
533,0.965,0.0000,0.0000,0.0000,,1
534,0.959,0.7839,0.7602,0.0238,,1
535,0.957,0.0000,0.0000,0.0000,,1
536,0.965,0.0000,0.0000,0.0000,,1
537,0.954,0.7883,0.7763,0.0120,,1
538,0.897,0.0000,0.0000,0.0000,,1
539,0.721,0.0000,0.0000,0.0000,,1
539,0.580,0.0000,0.0000,0.0000,,1
540,0.739,0.7901,0.7545,0.0356,,1
540,0.600,0.7464,0.7278,0.0186,,1
541,0.657,0.0000,0.0000,0.0000,,1
541,0.406,0.0000,0.0000,0.0000,,1
541,0.396,0.0000,0.0000,0.0000,,1
542,0.954,0.0000,0.0000,0.0000,,1
543,0.890,0.8080,0.7735,0.0345,,1
544,0.790,0.0000,0.0000,0.0000,,1
545,0.954,0.0000,0.0000,0.0000,,1
546,0.950,0.7972,0.7670,0.0302,,1
547,0.925,0.0000,0.0000,0.0000,,1
548,0.771,0.0000,0.0000,0.0000,,1
549,0.616,0.8051,0.7854,0.0197,,1
550,0.698,0.0000,0.0000,0.0000,,1
551,0.496,0.0000,0.0000,0.0000,,1
551,0.254,0.0000,0.0000,0.0000,,1
555,0.364,0.8195,0.7669,0.0526,nike_pogo_plus_japanese_roots,0
556,0.566,0.0000,0.0000,0.0000,nike_pogo_plus_japanese_roots,0
557,0.912,0.0000,0.0000,0.0000,nike_pogo_plus_japanese_roots,0
558,0.931,0.7857,0.7615,0.0242,nike_pogo_plus_japanese_roots,0
559,0.907,0.0000,0.0000,0.0000,nike_pogo_plus_japanese_roots,0
560,0.807,0.0000,0.0000,0.0000,nike_pogo_plus_japanese_roots,0
560,0.277,0.0000,0.0000,0.0000,,1
561,0.933,0.8083,0.7804,0.0280,nike_pogo_plus_japanese_roots,0
562,0.782,0.0000,0.0000,0.0000,nike_pogo_plus_japanese_roots,0
563,0.937,0.0000,0.0000,0.0000,,1
564,0.901,0.8172,0.7794,0.0378,,1
565,0.559,0.0000,0.0000,0.0000,,1
565,0.386,0.0000,0.0000,0.0000,,1
566,0.886,0.0000,0.0000,0.0000,,1
567,0.571,0.8167,0.7889,0.0278,,1
568,0.551,0.0000,0.0000,0.0000,,1
569,0.958,0.0000,0.0000,0.0000,,1
570,0.950,0.8018,0.7755,0.0263,,1
571,0.962,0.0000,0.0000,0.0000,,1
572,0.973,0.0000,0.0000,0.0000,,1
573,0.971,0.8072,0.7862,0.0210,,1
574,0.963,0.0000,0.0000,0.0000,,1
575,0.958,0.0000,0.0000,0.0000,,1
576,0.968,0.7994,0.7665,0.0329,,1
577,0.951,0.0000,0.0000,0.0000,,1
578,0.917,0.0000,0.0000,0.0000,,1
579,0.909,0.8114,0.7842,0.0272,,1
580,0.941,0.0000,0.0000,0.0000,,1
581,0.952,0.0000,0.0000,0.0000,,1
582,0.954,0.8189,0.7913,0.0276,,1
583,0.726,0.0000,0.0000,0.0000,,1
583,0.603,0.0000,0.0000,0.0000,,1
584,0.912,0.0000,0.0000,0.0000,,1
585,0.933,0.8212,0.8047,0.0165,,1
586,0.944,0.0000,0.0000,0.0000,,1
587,0.868,0.0000,0.0000,0.0000,,1
588,0.935,0.8172,0.7951,0.0221,,1
589,0.878,0.0000,0.0000,0.0000,,1
590,0.516,0.0000,0.0000,0.0000,,1
591,0.726,0.7761,0.7406,0.0354,,1
592,0.551,0.0000,0.0000,0.0000,,1
593,0.900,0.0000,0.0000,0.0000,,1
594,0.910,0.8158,0.7826,0.0332,,1
595,0.825,0.0000,0.0000,0.0000,,1
596,0.876,0.0000,0.0000,0.0000,,1
597,0.874,0.8317,0.7894,0.0423,,1
598,0.915,0.0000,0.0000,0.0000,,1
599,0.615,0.0000,0.0000,0.0000,,1
600,0.451,0.8201,0.7810,0.0391,,1
601,0.751,0.0000,0.0000,0.0000,,1
602,0.903,0.0000,0.0000,0.0000,,1
603,0.792,0.8133,0.7686,0.0446,,1
604,0.774,0.0000,0.0000,0.0000,,1
605,0.832,0.0000,0.0000,0.0000,,1
606,0.784,0.8070,0.7627,0.0443,,1
607,0.809,0.0000,0.0000,0.0000,,1
608,0.874,0.0000,0.0000,0.0000,,1
609,0.934,0.8007,0.7629,0.0378,,1
610,0.896,0.0000,0.0000,0.0000,,1
611,0.959,0.0000,0.0000,0.0000,,1
612,0.901,0.8192,0.7779,0.0412,,1
613,0.915,0.0000,0.0000,0.0000,,1
614,0.954,0.0000,0.0000,0.0000,,1
615,0.899,0.8209,0.7746,0.0463,,1
616,0.359,0.0000,0.0000,0.0000,,1
616,0.333,0.0000,0.0000,0.0000,,1
617,0.871,0.0000,0.0000,0.0000,,1
618,0.886,0.8130,0.7779,0.0351,,1
619,0.943,0.0000,0.0000,0.0000,,1
620,0.704,0.0000,0.0000,0.0000,,1
621,0.962,0.8256,0.7840,0.0417,,1
622,0.945,0.0000,0.0000,0.0000,,1
623,0.949,0.0000,0.0000,0.0000,,1
624,0.951,0.8239,0.7847,0.0393,,1
625,0.935,0.0000,0.0000,0.0000,,1
626,0.822,0.0000,0.0000,0.0000,,1
627,0.813,0.8391,0.7910,0.0481,,1
628,0.893,0.0000,0.0000,0.0000,,1
629,0.629,0.0000,0.0000,0.0000,,1
630,0.676,0.8188,0.7839,0.0349,,1
631,0.271,0.0000,0.0000,0.0000,,1
632,0.643,0.0000,0.0000,0.0000,,1
633,0.693,0.8221,0.7754,0.0467,,1
634,0.763,0.0000,0.0000,0.0000,,1
635,0.887,0.0000,0.0000,0.0000,,1
636,0.907,0.8292,0.7880,0.0411,,1
637,0.937,0.0000,0.0000,0.0000,,1
638,0.828,0.0000,0.0000,0.0000,,1
639,0.970,0.8242,0.7839,0.0403,,1
640,0.975,0.0000,0.0000,0.0000,,1
641,0.936,0.0000,0.0000,0.0000,,1
642,0.807,0.7993,0.7699,0.0294,,1
643,0.878,0.0000,0.0000,0.0000,,1
644,0.874,0.0000,0.0000,0.0000,,1
645,0.675,0.8124,0.7699,0.0424,,1
646,0.799,0.0000,0.0000,0.0000,,1
647,0.787,0.0000,0.0000,0.0000,,1
648,0.865,0.8258,0.7733,0.0525,nike_pogo_plus_japanese_roots,0
649,0.921,0.0000,0.0000,0.0000,nike_pogo_plus_japanese_roots,0
650,0.690,0.0000,0.0000,0.0000,nike_pogo_plus_japanese_roots,0
651,0.789,0.8026,0.7705,0.0320,nike_pogo_plus_japanese_roots,0
652,0.950,0.0000,0.0000,0.0000,nike_pogo_plus_japanese_roots,0
653,0.970,0.0000,0.0000,0.0000,nike_pogo_plus_japanese_roots,0
654,0.965,0.8165,0.7879,0.0287,nike_pogo_plus_japanese_roots,0
655,0.965,0.0000,0.0000,0.0000,nike_pogo_plus_japanese_roots,0
656,0.953,0.0000,0.0000,0.0000,,1
657,0.972,0.7703,0.7447,0.0256,,1
658,0.971,0.0000,0.0000,0.0000,,1
659,0.971,0.0000,0.0000,0.0000,,1
660,0.977,0.7484,0.7188,0.0295,,1
661,0.981,0.0000,0.0000,0.0000,,1
662,0.976,0.0000,0.0000,0.0000,,1
663,0.977,0.7938,0.7673,0.0266,,1
664,0.972,0.0000,0.0000,0.0000,,1
665,0.969,0.0000,0.0000,0.0000,,1
666,0.970,0.7904,0.7602,0.0302,,1
667,0.977,0.0000,0.0000,0.0000,,1
668,0.975,0.0000,0.0000,0.0000,,1
669,0.977,0.8181,0.7830,0.0351,,1
670,0.977,0.0000,0.0000,0.0000,,1
671,0.970,0.0000,0.0000,0.0000,,1
672,0.975,0.7987,0.7656,0.0331,,1
673,0.975,0.0000,0.0000,0.0000,,1
674,0.974,0.0000,0.0000,0.0000,,1
675,0.965,0.7710,0.7411,0.0298,,1
676,0.939,0.0000,0.0000,0.0000,,1
677,0.852,0.0000,0.0000,0.0000,,1
678,0.627,0.8031,0.7641,0.0390,,1
678,0.415,0.8076,0.7617,0.0459,,1
679,0.815,0.0000,0.0000,0.0000,,1
680,0.794,0.0000,0.0000,0.0000,,1
681,0.815,0.8062,0.7794,0.0268,,1
682,0.746,0.0000,0.0000,0.0000,,1
683,0.960,0.0000,0.0000,0.0000,,1
684,0.966,0.7977,0.7622,0.0355,,1
685,0.958,0.0000,0.0000,0.0000,,1
686,0.966,0.0000,0.0000,0.0000,,1
687,0.974,0.7768,0.7559,0.0209,,1
688,0.940,0.0000,0.0000,0.0000,,1
689,0.972,0.0000,0.0000,0.0000,,1
690,0.973,0.7837,0.7560,0.0277,,1
691,0.976,0.0000,0.0000,0.0000,,1
692,0.964,0.0000,0.0000,0.0000,,1
693,0.953,0.7818,0.7561,0.0257,,1
694,0.967,0.0000,0.0000,0.0000,,1
695,0.967,0.0000,0.0000,0.0000,,1
696,0.922,0.7707,0.7446,0.0261,,1
697,0.951,0.0000,0.0000,0.0000,,1
698,0.976,0.0000,0.0000,0.0000,,1
699,0.967,0.8122,0.7766,0.0356,,1
700,0.970,0.0000,0.0000,0.0000,,1
701,0.974,0.0000,0.0000,0.0000,,1
702,0.968,0.8084,0.7794,0.0290,,1
703,0.942,0.0000,0.0000,0.0000,,1
704,0.959,0.0000,0.0000,0.0000,,1
705,0.956,0.8002,0.7653,0.0350,,1
706,0.951,0.0000,0.0000,0.0000,,1
707,0.795,0.0000,0.0000,0.0000,,1
708,0.835,0.8081,0.7759,0.0322,,1
709,0.913,0.0000,0.0000,0.0000,,1
710,0.906,0.0000,0.0000,0.0000,,1
711,0.933,0.7974,0.7662,0.0312,,1
712,0.914,0.0000,0.0000,0.0000,,1
713,0.870,0.0000,0.0000,0.0000,,1
714,0.852,0.8034,0.7631,0.0403,,1
715,0.931,0.0000,0.0000,0.0000,,1
716,0.912,0.0000,0.0000,0.0000,,1
717,0.900,0.8086,0.7778,0.0307,,1
718,0.905,0.0000,0.0000,0.0000,,1
719,0.853,0.0000,0.0000,0.0000,,1
720,0.901,0.8095,0.7779,0.0316,,1
721,0.935,0.0000,0.0000,0.0000,,1
722,0.918,0.0000,0.0000,0.0000,,1
723,0.877,0.8352,0.7929,0.0424,,1
724,0.907,0.0000,0.0000,0.0000,,1
725,0.899,0.0000,0.0000,0.0000,,1
726,0.956,0.7818,0.7537,0.0281,,1
727,0.956,0.0000,0.0000,0.0000,,1
728,0.925,0.0000,0.0000,0.0000,,1
729,0.886,0.8081,0.7789,0.0292,,1
730,0.906,0.0000,0.0000,0.0000,,1
731,0.930,0.0000,0.0000,0.0000,,1
732,0.912,0.7765,0.7507,0.0258,,1
733,0.920,0.0000,0.0000,0.0000,,1
734,0.942,0.0000,0.0000,0.0000,,1
735,0.960,0.7919,0.7765,0.0154,,1
736,0.963,0.0000,0.0000,0.0000,,1
737,0.957,0.0000,0.0000,0.0000,,1
738,0.915,0.8061,0.7735,0.0326,,1
739,0.544,0.0000,0.0000,0.0000,,1
740,0.970,0.0000,0.0000,0.0000,,1
741,0.977,0.7981,0.7688,0.0293,,1
742,0.907,0.0000,0.0000,0.0000,,1
743,0.975,0.0000,0.0000,0.0000,,1
744,0.955,0.8047,0.7796,0.0251,,1
745,0.975,0.0000,0.0000,0.0000,,1
746,0.976,0.0000,0.0000,0.0000,,1
747,0.975,0.7978,0.7768,0.0210,,1
748,0.970,0.0000,0.0000,0.0000,,1
749,0.949,0.0000,0.0000,0.0000,,1
750,0.959,0.7760,0.7531,0.0229,,1
751,0.974,0.0000,0.0000,0.0000,,1
752,0.981,0.0000,0.0000,0.0000,,1
753,0.977,0.7954,0.7614,0.0339,,1
754,0.972,0.0000,0.0000,0.0000,,1
755,0.958,0.0000,0.0000,0.0000,,1
756,0.974,0.7585,0.7337,0.0248,,1
757,0.965,0.0000,0.0000,0.0000,,1
758,0.943,0.0000,0.0000,0.0000,,1
759,0.948,0.7983,0.7784,0.0199,,1
760,0.893,0.0000,0.0000,0.0000,,1
761,0.649,0.0000,0.0000,0.0000,,1
761,0.419,0.0000,0.0000,0.0000,,1
762,0.643,0.8158,0.7844,0.0315,,1
762,0.332,0.7824,0.7414,0.0410,,1
763,0.828,0.0000,0.0000,0.0000,,1
764,0.901,0.0000,0.0000,0.0000,,1
765,0.675,0.8067,0.7780,0.0287,,1
766,0.824,0.0000,0.0000,0.0000,,1
767,0.928,0.0000,0.0000,0.0000,,1
768,0.904,0.8146,0.7706,0.0440,,1
769,0.783,0.0000,0.0000,0.0000,,1
770,0.759,0.0000,0.0000,0.0000,,1
771,0.796,0.8114,0.7799,0.0315,,1
772,0.791,0.0000,0.0000,0.0000,,1
773,0.828,0.0000,0.0000,0.0000,,1
774,0.799,0.8124,0.7698,0.0426,,1
775,0.918,0.0000,0.0000,0.0000,,1
776,0.897,0.0000,0.0000,0.0000,,1
777,0.798,0.7813,0.7497,0.0315,,1
778,0.938,0.0000,0.0000,0.0000,,1
779,0.318,0.0000,0.0000,0.0000,,1
780,0.703,0.8246,0.7926,0.0320,,1
781,0.753,0.0000,0.0000,0.0000,,1
782,0.922,0.0000,0.0000,0.0000,,1
783,0.616,0.8053,0.7700,0.0354,,1
784,0.422,0.0000,0.0000,0.0000,,1
784,0.359,0.0000,0.0000,0.0000,,1
785,0.340,0.0000,0.0000,0.0000,,1
785,0.268,0.0000,0.0000,0.0000,,1
786,0.548,0.8002,0.7584,0.0418,,1
787,0.550,0.0000,0.0000,0.0000,,1
788,0.528,0.0000,0.0000,0.0000,,1
789,0.614,0.8252,0.7848,0.0404,,1
790,0.464,0.0000,0.0000,0.0000,,1
791,0.504,0.0000,0.0000,0.0000,,1
791,0.369,0.0000,0.0000,0.0000,,1
792,0.708,0.7929,0.7657,0.0272,,1
793,0.363,0.0000,0.0000,0.0000,,1
794,0.587,0.0000,0.0000,0.0000,,1
795,0.761,0.7949,0.7591,0.0357,,1
796,0.550,0.0000,0.0000,0.0000,,1
797,0.444,0.0000,0.0000,0.0000,,1
798,0.397,0.7985,0.7638,0.0347,,1
799,0.419,0.0000,0.0000,0.0000,,1
800,0.880,0.0000,0.0000,0.0000,,1
801,0.771,0.7992,0.7779,0.0213,,1
802,0.758,0.0000,0.0000,0.0000,,1
803,0.867,0.0000,0.0000,0.0000,,1
804,0.540,0.8160,0.7791,0.0368,,1
805,0.624,0.0000,0.0000,0.0000,,1
806,0.406,0.0000,0.0000,0.0000,,1
806,0.376,0.0000,0.0000,0.0000,,1
807,0.579,0.8201,0.7817,0.0383,,1
808,0.605,0.0000,0.0000,0.0000,,1
808,0.308,0.0000,0.0000,0.0000,,1
809,0.316,0.0000,0.0000,0.0000,,1
809,0.312,0.0000,0.0000,0.0000,,1
810,0.876,0.7965,0.7733,0.0232,,1
811,0.575,0.0000,0.0000,0.0000,,1
812,0.591,0.0000,0.0000,0.0000,,1
813,0.608,0.8247,0.7875,0.0372,,1
814,0.764,0.0000,0.0000,0.0000,,1
815,0.879,0.0000,0.0000,0.0000,,1
816,0.876,0.8180,0.7929,0.0251,,1
817,0.870,0.0000,0.0000,0.0000,,1
818,0.754,0.0000,0.0000,0.0000,,1
819,0.784,0.8352,0.8042,0.0310,,1
820,0.838,0.0000,0.0000,0.0000,,1
821,0.423,0.0000,0.0000,0.0000,,1
822,0.513,0.7800,0.7534,0.0266,,1
823,0.350,0.0000,0.0000,0.0000,,1
824,0.396,0.0000,0.0000,0.0000,,1
825,0.438,0.8102,0.7878,0.0224,,1
825,0.275,0.8024,0.7553,0.0471,,1
826,0.441,0.0000,0.0000,0.0000,,1
828,0.362,0.7979,0.7655,0.0324,,1
829,0.323,0.0000,0.0000,0.0000,,1
830,0.654,0.0000,0.0000,0.0000,,1
831,0.701,0.8296,0.8015,0.0281,,1
832,0.740,0.0000,0.0000,0.0000,,1
833,0.505,0.0000,0.0000,0.0000,,1
834,0.474,0.8243,0.8010,0.0233,,1
835,0.680,0.0000,0.0000,0.0000,,1
836,0.471,0.0000,0.0000,0.0000,,1
837,0.424,0.8043,0.7840,0.0202,,1
838,0.900,0.0000,0.0000,0.0000,,1
839,0.909,0.0000,0.0000,0.0000,,1
840,0.788,0.7947,0.7688,0.0260,,1
841,0.681,0.0000,0.0000,0.0000,,1
842,0.862,0.0000,0.0000,0.0000,,1
843,0.884,0.8296,0.8008,0.0288,,1
844,0.887,0.0000,0.0000,0.0000,,1
845,0.667,0.0000,0.0000,0.0000,,1
846,0.320,0.8255,0.7767,0.0488,,1
847,0.342,0.0000,0.0000,0.0000,,1
854,0.713,0.0000,0.0000,0.0000,,1
857,0.494,0.0000,0.0000,0.0000,,1
858,0.256,0.7649,0.7545,0.0103,,1
859,0.428,0.0000,0.0000,0.0000,,1
860,0.461,0.0000,0.0000,0.0000,,1
863,0.641,0.0000,0.0000,0.0000,,1
865,0.453,0.0000,0.0000,0.0000,,1
866,0.786,0.0000,0.0000,0.0000,,1
867,0.849,0.7905,0.7628,0.0276,,1
868,0.858,0.0000,0.0000,0.0000,,1
869,0.447,0.0000,0.0000,0.0000,,1
870,0.942,0.7617,0.7520,0.0096,,1
871,0.633,0.0000,0.0000,0.0000,,1
872,0.460,0.0000,0.0000,0.0000,,1
873,0.646,0.7471,0.7292,0.0179,,1
874,0.620,0.0000,0.0000,0.0000,,1
875,0.514,0.0000,0.0000,0.0000,,1
875,0.430,0.0000,0.0000,0.0000,,1
876,0.862,0.7918,0.7486,0.0431,,1
877,0.724,0.0000,0.0000,0.0000,,1
878,0.842,0.0000,0.0000,0.0000,,1
879,0.885,0.8133,0.7798,0.0334,,1
880,0.737,0.0000,0.0000,0.0000,,1
881,0.331,0.0000,0.0000,0.0000,,1
882,0.459,0.8011,0.7708,0.0303,,1
883,0.822,0.0000,0.0000,0.0000,,1
884,0.601,0.0000,0.0000,0.0000,,1
885,0.949,0.7813,0.7590,0.0222,,1
886,0.911,0.0000,0.0000,0.0000,,1
887,0.957,0.0000,0.0000,0.0000,,1
888,0.967,0.7900,0.7591,0.0309,,1
889,0.784,0.0000,0.0000,0.0000,,1
889,0.669,0.0000,0.0000,0.0000,,1
890,0.984,0.0000,0.0000,0.0000,,1
891,0.795,0.8021,0.7754,0.0267,,1
892,0.676,0.0000,0.0000,0.0000,,1
893,0.955,0.0000,0.0000,0.0000,,1
894,0.971,0.7955,0.7676,0.0279,,1
895,0.969,0.0000,0.0000,0.0000,,1
896,0.959,0.0000,0.0000,0.0000,,1
897,0.909,0.8001,0.7650,0.0351,,1
898,0.969,0.0000,0.0000,0.0000,,1
899,0.982,0.0000,0.0000,0.0000,,1
900,0.987,0.8080,0.7773,0.0307,,1
901,0.989,0.0000,0.0000,0.0000,,1
902,0.992,0.0000,0.0000,0.0000,,1
903,0.993,0.7793,0.7538,0.0254,,1
904,0.994,0.0000,0.0000,0.0000,,1
905,0.992,0.0000,0.0000,0.0000,,1
906,0.987,0.7928,0.7564,0.0364,,1
907,0.990,0.0000,0.0000,0.0000,,1
908,0.990,0.0000,0.0000,0.0000,,1
909,0.994,0.8165,0.7979,0.0186,,1
910,0.988,0.0000,0.0000,0.0000,,1
911,0.899,0.0000,0.0000,0.0000,,1
912,0.983,0.8199,0.7987,0.0213,,1
913,0.990,0.0000,0.0000,0.0000,,1
914,0.989,0.0000,0.0000,0.0000,,1
915,0.982,0.7751,0.7476,0.0275,,1
916,0.971,0.0000,0.0000,0.0000,,1
917,0.981,0.0000,0.0000,0.0000,,1
918,0.988,0.8207,0.7897,0.0311,,1
919,0.991,0.0000,0.0000,0.0000,,1
920,0.972,0.0000,0.0000,0.0000,,1
921,0.979,0.7838,0.7749,0.0089,,1
922,0.979,0.0000,0.0000,0.0000,,1
923,0.518,0.0000,0.0000,0.0000,,1
924,0.501,0.7966,0.7620,0.0346,,1
924,0.448,0.7764,0.7421,0.0344,,1
925,0.607,0.0000,0.0000,0.0000,,1
925,0.424,0.0000,0.0000,0.0000,,1
927,0.672,0.7350,0.7070,0.0279,,1
928,0.816,0.0000,0.0000,0.0000,,1
929,0.982,0.0000,0.0000,0.0000,,1
930,0.992,0.7876,0.7609,0.0267,,1
931,0.993,0.0000,0.0000,0.0000,,1
932,0.711,0.0000,0.0000,0.0000,,1
933,0.960,0.7836,0.7636,0.0201,,1
934,0.688,0.0000,0.0000,0.0000,,1
936,0.375,0.7715,0.7498,0.0217,,1
939,0.253,0.7089,0.6986,0.0103,,1
947,0.588,0.0000,0.0000,0.0000,,1
948,0.520,0.7097,0.7034,0.0062,,1
949,0.539,0.0000,0.0000,0.0000,,1
953,0.572,0.0000,0.0000,0.0000,,1
955,0.659,0.0000,0.0000,0.0000,,1
966,0.297,0.6586,0.6463,0.0123,,1
987,0.332,0.5895,0.5806,0.0089,,1
989,0.387,0.0000,0.0000,0.0000,,1
990,0.336,0.6964,0.6931,0.0033,,1
991,0.579,0.0000,0.0000,0.0000,,1
992,0.585,0.0000,0.0000,0.0000,,1
993,0.407,0.6887,0.6795,0.0092,,1
994,0.570,0.0000,0.0000,0.0000,,1
995,0.839,0.0000,0.0000,0.0000,,1
996,0.852,0.6385,0.6098,0.0287,,1
997,0.508,0.0000,0.0000,0.0000,,1
998,0.576,0.0000,0.0000,0.0000,,1
999,0.361,0.6118,0.5938,0.0180,,1
1000,0.381,0.0000,0.0000,0.0000,,1
1002,0.302,0.6352,0.6218,0.0135,,1
1003,0.447,0.0000,0.0000,0.0000,,1
1004,0.642,0.0000,0.0000,0.0000,,1
1005,0.563,0.6212,0.6081,0.0132,,1
1006,0.374,0.0000,0.0000,0.0000,,1
1008,0.314,0.6718,0.6628,0.0090,,1
1009,0.350,0.0000,0.0000,0.0000,,1
1011,0.717,0.7255,0.7201,0.0054,,1
1012,0.788,0.0000,0.0000,0.0000,,1
1013,0.787,0.0000,0.0000,0.0000,,1
1014,0.662,0.7207,0.7122,0.0084,,1
1015,0.582,0.0000,0.0000,0.0000,,1
1016,0.782,0.0000,0.0000,0.0000,,1
1017,0.926,0.7659,0.7577,0.0082,,1
1018,0.919,0.0000,0.0000,0.0000,,1
1019,0.959,0.0000,0.0000,0.0000,,1
1020,0.977,0.7789,0.7720,0.0069,,1
1021,0.983,0.0000,0.0000,0.0000,,1
1022,0.976,0.0000,0.0000,0.0000,,1
1023,0.981,0.7404,0.7403,0.0002,,1
1024,0.978,0.0000,0.0000,0.0000,,1
1025,0.981,0.0000,0.0000,0.0000,,1
1026,0.975,0.7127,0.7087,0.0040,,1
1027,0.978,0.0000,0.0000,0.0000,,1
1028,0.982,0.0000,0.0000,0.0000,,1
1029,0.979,0.7697,0.7655,0.0042,,1
1030,0.753,0.0000,0.0000,0.0000,,1
1031,0.976,0.0000,0.0000,0.0000,,1
1032,0.986,0.6921,0.6625,0.0296,,1
1033,0.981,0.0000,0.0000,0.0000,,1
1034,0.970,0.0000,0.0000,0.0000,,1
1035,0.981,0.7506,0.7291,0.0214,,1
1036,0.955,0.0000,0.0000,0.0000,,1
1037,0.945,0.0000,0.0000,0.0000,,1
1038,0.952,0.7309,0.7154,0.0155,,1
1039,0.964,0.0000,0.0000,0.0000,,1
1040,0.956,0.0000,0.0000,0.0000,,1
1041,0.973,0.7707,0.7565,0.0142,,1
1042,0.986,0.0000,0.0000,0.0000,,1
1043,0.955,0.0000,0.0000,0.0000,,1
1044,0.970,0.5676,0.5638,0.0038,,1
1045,0.960,0.0000,0.0000,0.0000,,1
1046,0.966,0.0000,0.0000,0.0000,,1
1047,0.954,0.6777,0.6749,0.0028,,1
1048,0.758,0.0000,0.0000,0.0000,,1
1049,0.657,0.0000,0.0000,0.0000,,1
1050,0.251,0.6441,0.6423,0.0017,,1
1056,0.252,0.7710,0.7510,0.0199,,1
1057,0.459,0.0000,0.0000,0.0000,,1
1058,0.317,0.0000,0.0000,0.0000,,1
1059,0.250,0.7526,0.7273,0.0253,,1
1060,0.665,0.0000,0.0000,0.0000,,1
1064,0.435,0.0000,0.0000,0.0000,,1
1067,0.378,0.0000,0.0000,0.0000,,1
1068,0.430,0.7471,0.7281,0.0189,,1
1068,0.325,0.7139,0.6953,0.0185,,1
1069,0.414,0.0000,0.0000,0.0000,,1
1070,0.367,0.0000,0.0000,0.0000,,1
1072,0.287,0.0000,0.0000,0.0000,,1
1073,0.400,0.0000,0.0000,0.0000,,1
1074,0.522,0.7443,0.7290,0.0152,,1
1075,0.493,0.0000,0.0000,0.0000,,1
1076,0.481,0.0000,0.0000,0.0000,,1
1077,0.506,0.7612,0.7408,0.0203,,1
1078,0.527,0.0000,0.0000,0.0000,,1
1079,0.499,0.0000,0.0000,0.0000,,1
1080,0.478,0.7610,0.7409,0.0201,,1
1080,0.253,0.7237,0.7221,0.0016,,1
1081,0.483,0.0000,0.0000,0.0000,,1
1082,0.459,0.0000,0.0000,0.0000,,1
1083,0.378,0.7357,0.7294,0.0064,,1
1084,0.270,0.0000,0.0000,0.0000,,1
1085,0.271,0.0000,0.0000,0.0000,,1
1086,0.281,0.7606,0.7511,0.0095,,1
1092,0.278,0.7666,0.7587,0.0080,,1
1099,0.323,0.0000,0.0000,0.0000,,1
1100,0.275,0.0000,0.0000,0.0000,,1
1101,0.312,0.7460,0.7322,0.0139,,1
1102,0.297,0.0000,0.0000,0.0000,,1
1103,0.277,0.0000,0.0000,0.0000,,1
1104,0.270,0.7442,0.7366,0.0076,,1
1106,0.302,0.0000,0.0000,0.0000,,1
1107,0.333,0.7430,0.7321,0.0109,,1
1108,0.287,0.0000,0.0000,0.0000,,1
1117,0.253,0.0000,0.0000,0.0000,,1
1124,0.374,0.0000,0.0000,0.0000,,1
1124,0.283,0.0000,0.0000,0.0000,,1
1125,0.792,0.7573,0.7550,0.0023,,1
1126,0.732,0.0000,0.0000,0.0000,,1
1127,0.708,0.0000,0.0000,0.0000,,1
1128,0.946,0.6436,0.6425,0.0011,,1
1129,0.771,0.0000,0.0000,0.0000,,1
1130,0.968,0.0000,0.0000,0.0000,,1
1131,0.885,0.7565,0.7499,0.0067,,1
1132,0.972,0.0000,0.0000,0.0000,,1
1133,0.549,0.0000,0.0000,0.0000,,1
1133,0.269,0.0000,0.0000,0.0000,,1
1134,0.457,0.7372,0.7334,0.0038,,1
1135,0.715,0.0000,0.0000,0.0000,,1
1136,0.741,0.0000,0.0000,0.0000,,1
1137,0.524,0.7392,0.7343,0.0049,,1
1138,0.970,0.0000,0.0000,0.0000,,1
1139,0.971,0.0000,0.0000,0.0000,,1
1140,0.909,0.7413,0.7333,0.0080,,1
1141,0.938,0.0000,0.0000,0.0000,,1
1142,0.930,0.0000,0.0000,0.0000,,1
1143,0.962,0.8075,0.7968,0.0107,,1
1144,0.957,0.0000,0.0000,0.0000,,1
1145,0.789,0.0000,0.0000,0.0000,,1
1146,0.825,0.7933,0.7800,0.0133,,1
1147,0.659,0.0000,0.0000,0.0000,,1
1148,0.782,0.0000,0.0000,0.0000,,1
1149,0.433,0.7987,0.7835,0.0151,,1
1149,0.261,0.8000,0.7751,0.0250,,1
1150,0.938,0.0000,0.0000,0.0000,,1
1151,0.891,0.0000,0.0000,0.0000,,1
1152,0.890,0.7839,0.7785,0.0054,,1
1153,0.845,0.0000,0.0000,0.0000,,1
1154,0.965,0.0000,0.0000,0.0000,,1
1155,0.874,0.7590,0.7539,0.0051,,1
1156,0.928,0.0000,0.0000,0.0000,,1
1157,0.927,0.0000,0.0000,0.0000,,1
1158,0.871,0.7741,0.7695,0.0046,,1
1159,0.949,0.0000,0.0000,0.0000,,1
1160,0.968,0.0000,0.0000,0.0000,,1
1161,0.974,0.7910,0.7885,0.0025,,1
1162,0.984,0.0000,0.0000,0.0000,,1
1163,0.893,0.0000,0.0000,0.0000,,1
1164,0.807,0.7699,0.7652,0.0047,,1
1165,0.919,0.0000,0.0000,0.0000,,1
1166,0.730,0.0000,0.0000,0.0000,,1
1167,0.889,0.7770,0.7721,0.0049,,1
1168,0.910,0.0000,0.0000,0.0000,,1
1169,0.946,0.0000,0.0000,0.0000,,1
1170,0.959,0.7464,0.7431,0.0033,,1
1171,0.904,0.0000,0.0000,0.0000,,1
1172,0.760,0.0000,0.0000,0.0000,,1
1173,0.752,0.7560,0.7549,0.0010,,1
1174,0.828,0.0000,0.0000,0.0000,,1
1175,0.864,0.0000,0.0000,0.0000,,1
1175,0.404,0.0000,0.0000,0.0000,,1
1176,0.699,0.7759,0.7708,0.0052,,1
1176,0.498,0.7937,0.7909,0.0029,,1
1177,0.901,0.0000,0.0000,0.0000,,1
1178,0.939,0.0000,0.0000,0.0000,,1
1179,0.880,0.7116,0.7059,0.0057,,1
1180,0.816,0.0000,0.0000,0.0000,,1
1181,0.766,0.0000,0.0000,0.0000,,1
1182,0.715,0.7578,0.7476,0.0102,,1
1183,0.608,0.0000,0.0000,0.0000,,1
1184,0.764,0.0000,0.0000,0.0000,,1
1185,0.746,0.7557,0.7523,0.0034,,1
1186,0.671,0.0000,0.0000,0.0000,,1
1187,0.725,0.0000,0.0000,0.0000,,1
1188,0.665,0.7540,0.7466,0.0074,,1
1189,0.628,0.0000,0.0000,0.0000,,1
1190,0.592,0.0000,0.0000,0.0000,,1
1191,0.693,0.7432,0.7405,0.0027,,1
1192,0.586,0.0000,0.0000,0.0000,,1
1193,0.794,0.0000,0.0000,0.0000,,1
1194,0.682,0.7247,0.7101,0.0146,,1
1195,0.424,0.0000,0.0000,0.0000,,1
1195,0.355,0.0000,0.0000,0.0000,,1
1195,0.271,0.0000,0.0000,0.0000,,1
1196,0.544,0.0000,0.0000,0.0000,,1
1196,0.330,0.0000,0.0000,0.0000,,1
1197,0.319,0.7183,0.7163,0.0020,,1
1197,0.282,0.6930,0.6748,0.0182,,1
1198,0.326,0.0000,0.0000,0.0000,,1
1198,0.276,0.0000,0.0000,0.0000,,1
1199,0.471,0.0000,0.0000,0.0000,,1
1199,0.269,0.0000,0.0000,0.0000,,1
1200,0.634,0.7213,0.7071,0.0142,,1
1201,0.691,0.0000,0.0000,0.0000,,1
1202,0.553,0.0000,0.0000,0.0000,,1
1203,0.439,0.7275,0.7077,0.0198,,1
1204,0.516,0.0000,0.0000,0.0000,,1
1204,0.320,0.0000,0.0000,0.0000,,1
1205,0.398,0.0000,0.0000,0.0000,,1
1206,0.636,0.7617,0.7610,0.0007,,1
1207,0.694,0.0000,0.0000,0.0000,,1
1208,0.516,0.0000,0.0000,0.0000,,1
1209,0.677,0.7649,0.7558,0.0092,,1
1210,0.843,0.0000,0.0000,0.0000,,1
1211,0.630,0.0000,0.0000,0.0000,,1
1212,0.875,0.7637,0.7541,0.0096,,1
1213,0.553,0.0000,0.0000,0.0000,,1
1234,0.862,0.0000,0.0000,0.0000,,1
1235,0.621,0.0000,0.0000,0.0000,,1
1236,0.369,0.7805,0.7515,0.0290,,1
1236,0.317,0.7571,0.7424,0.0147,,1
1237,0.323,0.0000,0.0000,0.0000,,1
1238,0.510,0.0000,0.0000,0.0000,,1
1239,0.558,0.7150,0.7108,0.0041,,1
1240,0.792,0.0000,0.0000,0.0000,,1
1241,0.826,0.0000,0.0000,0.0000,,1
1242,0.916,0.7660,0.7384,0.0277,,1
1243,0.907,0.0000,0.0000,0.0000,,1
1244,0.931,0.0000,0.0000,0.0000,,1
1245,0.969,0.7945,0.7451,0.0493,,1
1246,0.676,0.0000,0.0000,0.0000,,1
1246,0.562,0.0000,0.0000,0.0000,,1
1247,0.959,0.0000,0.0000,0.0000,,1
1248,0.934,0.7834,0.7320,0.0514,nike_pogo_plus_japanese_roots,0
1249,0.897,0.0000,0.0000,0.0000,nike_pogo_plus_japanese_roots,0
1250,0.981,0.0000,0.0000,0.0000,nike_pogo_plus_japanese_roots,0
1251,0.963,0.7527,0.7179,0.0347,nike_pogo_plus_japanese_roots,0
1252,0.972,0.0000,0.0000,0.0000,nike_pogo_plus_japanese_roots,0
1253,0.985,0.0000,0.0000,0.0000,nike_pogo_plus_japanese_roots,0
1254,0.956,0.8078,0.7553,0.0525,nike_pogo_plus_japanese_roots,0
1255,0.916,0.0000,0.0000,0.0000,nike_pogo_plus_japanese_roots,0
1256,0.950,0.0000,0.0000,0.0000,nike_pogo_plus_japanese_roots,0
1257,0.951,0.7878,0.7658,0.0219,nike_pogo_plus_japanese_roots,0
1258,0.942,0.0000,0.0000,0.0000,nike_pogo_plus_japanese_roots,0
1259,0.884,0.0000,0.0000,0.0000,nike_pogo_plus_japanese_roots,0
1260,0.862,0.7907,0.7563,0.0345,nike_pogo_plus_japanese_roots,0
1261,0.880,0.0000,0.0000,0.0000,nike_pogo_plus_japanese_roots,0
1262,0.885,0.0000,0.0000,0.0000,,1
1263,0.906,0.8067,0.7793,0.0275,,1
1264,0.965,0.0000,0.0000,0.0000,,1
1265,0.797,0.0000,0.0000,0.0000,,1
1266,0.886,0.8051,0.7650,0.0401,,1
1267,0.936,0.0000,0.0000,0.0000,,1
1268,0.939,0.0000,0.0000,0.0000,,1
1269,0.932,0.7965,0.7659,0.0305,,1
1270,0.895,0.0000,0.0000,0.0000,,1
1271,0.963,0.0000,0.0000,0.0000,,1
1272,0.961,0.7530,0.7137,0.0394,,1
1273,0.958,0.0000,0.0000,0.0000,,1
1274,0.975,0.0000,0.0000,0.0000,,1
1275,0.980,0.7778,0.7397,0.0381,,1
1276,0.983,0.0000,0.0000,0.0000,,1
1277,0.982,0.0000,0.0000,0.0000,,1
1278,0.981,0.7821,0.7379,0.0442,,1
1279,0.977,0.0000,0.0000,0.0000,,1
1280,0.985,0.0000,0.0000,0.0000,,1
1280,0.266,0.0000,0.0000,0.0000,,1
1281,0.985,0.7944,0.7667,0.0276,,1
1282,0.979,0.0000,0.0000,0.0000,,1
1283,0.981,0.0000,0.0000,0.0000,,1
1284,0.986,0.7759,0.7457,0.0302,,1
1284,0.256,0.5836,0.5823,0.0013,,1
1285,0.986,0.0000,0.0000,0.0000,,1
1285,0.267,0.0000,0.0000,0.0000,,1
1286,0.984,0.0000,0.0000,0.0000,,1
1286,0.315,0.0000,0.0000,0.0000,,1
1287,0.985,0.7667,0.7370,0.0297,,1
1287,0.352,0.5570,0.5494,0.0075,,1
1288,0.985,0.0000,0.0000,0.0000,,1
1289,0.986,0.0000,0.0000,0.0000,,1
1289,0.390,0.0000,0.0000,0.0000,,1
1290,0.985,0.7722,0.7381,0.0341,,1
1290,0.336,0.5989,0.5878,0.0111,,1
1291,0.981,0.0000,0.0000,0.0000,,1
1291,0.261,0.0000,0.0000,0.0000,,1
1292,0.819,0.0000,0.0000,0.0000,,1
1293,0.762,0.7929,0.7520,0.0409,,1
1294,0.947,0.0000,0.0000,0.0000,,1
1295,0.979,0.0000,0.0000,0.0000,,1
1296,0.705,0.8425,0.8171,0.0254,,1
1297,0.900,0.0000,0.0000,0.0000,,1
1298,0.892,0.0000,0.0000,0.0000,,1
1299,0.968,0.8140,0.7633,0.0507,nike_pogo_plus_japanese_roots,0
1300,0.946,0.0000,0.0000,0.0000,nike_pogo_plus_japanese_roots,0
1301,0.973,0.0000,0.0000,0.0000,nike_pogo_plus_japanese_roots,0
1302,0.994,0.7990,0.7709,0.0281,nike_pogo_plus_japanese_roots,0
1303,0.994,0.0000,0.0000,0.0000,nike_pogo_plus_japanese_roots,0
1304,0.996,0.0000,0.0000,0.0000,nike_pogo_plus_japanese_roots,0
1305,0.995,0.7561,0.7241,0.0320,nike_pogo_plus_japanese_roots,0
1306,0.995,0.0000,0.0000,0.0000,nike_pogo_plus_japanese_roots,0
1307,0.897,0.0000,0.0000,0.0000,,1
1308,0.964,0.8197,0.7842,0.0355,,1
1309,0.988,0.0000,0.0000,0.0000,,1
1310,0.995,0.0000,0.0000,0.0000,,1
1311,0.994,0.7814,0.7532,0.0283,,1
1312,0.987,0.0000,0.0000,0.0000,,1
1313,0.995,0.0000,0.0000,0.0000,,1
1314,0.994,0.7912,0.7540,0.0372,,1
1315,0.993,0.0000,0.0000,0.0000,,1
1315,0.272,0.0000,0.0000,0.0000,,1
1316,0.995,0.0000,0.0000,0.0000,,1
1317,0.995,0.7928,0.7648,0.0280,,1
1318,0.994,0.0000,0.0000,0.0000,,1
1319,0.989,0.0000,0.0000,0.0000,,1
1320,0.984,0.8081,0.7797,0.0283,,1
1321,0.985,0.0000,0.0000,0.0000,,1
1322,0.984,0.0000,0.0000,0.0000,,1
1323,0.983,0.7996,0.7695,0.0300,,1
1324,0.981,0.0000,0.0000,0.0000,,1
1324,0.302,0.0000,0.0000,0.0000,,1
1325,0.980,0.0000,0.0000,0.0000,,1
1326,0.971,0.7953,0.7541,0.0413,,1
1327,0.974,0.0000,0.0000,0.0000,,1
1328,0.944,0.0000,0.0000,0.0000,,1
1329,0.979,0.8335,0.7931,0.0404,,1
1330,0.983,0.0000,0.0000,0.0000,,1
1330,0.329,0.0000,0.0000,0.0000,,1
1331,0.981,0.0000,0.0000,0.0000,,1
1331,0.573,0.0000,0.0000,0.0000,,1
1332,0.989,0.8141,0.7746,0.0395,,1
1332,0.465,0.6267,0.6248,0.0018,,1
1333,0.985,0.0000,0.0000,0.0000,,1
1333,0.340,0.0000,0.0000,0.0000,,1
1334,0.992,0.0000,0.0000,0.0000,,1
1334,0.327,0.0000,0.0000,0.0000,,1
1335,0.993,0.8073,0.7642,0.0431,,1
1335,0.370,0.5870,0.5754,0.0116,,1
1336,0.987,0.0000,0.0000,0.0000,,1
1336,0.296,0.0000,0.0000,0.0000,,1
1337,0.991,0.0000,0.0000,0.0000,,1
1337,0.270,0.0000,0.0000,0.0000,,1
1338,0.992,0.7685,0.7355,0.0329,,1
1338,0.311,0.5644,0.5496,0.0148,,1
1339,0.991,0.0000,0.0000,0.0000,,1
1339,0.298,0.0000,0.0000,0.0000,,1
1340,0.983,0.0000,0.0000,0.0000,,1
1341,0.981,0.8149,0.7730,0.0419,,1
1342,0.972,0.0000,0.0000,0.0000,,1
1343,0.979,0.0000,0.0000,0.0000,,1
1343,0.268,0.0000,0.0000,0.0000,,1
1344,0.981,0.8350,0.7775,0.0576,nike_pogo_plus_japanese_roots,0
1345,0.949,0.0000,0.0000,0.0000,nike_pogo_plus_japanese_roots,0
1346,0.946,0.0000,0.0000,0.0000,nike_pogo_plus_japanese_roots,0
1347,0.822,0.8165,0.7751,0.0414,nike_pogo_plus_japanese_roots,0
1348,0.580,0.0000,0.0000,0.0000,nike_pogo_plus_japanese_roots,0
1349,0.619,0.0000,0.0000,0.0000,nike_pogo_plus_japanese_roots,0
1350,0.521,0.8098,0.7676,0.0422,nike_pogo_plus_japanese_roots,0
1351,0.873,0.0000,0.0000,0.0000,nike_pogo_plus_japanese_roots,0
1352,0.956,0.0000,0.0000,0.0000,,1
1353,0.984,0.7632,0.7316,0.0316,,1
1354,0.989,0.0000,0.0000,0.0000,,1
1355,0.989,0.0000,0.0000,0.0000,,1
1356,0.989,0.7298,0.7046,0.0252,,1
1357,0.988,0.0000,0.0000,0.0000,,1
1358,0.977,0.0000,0.0000,0.0000,,1
1359,0.985,0.7360,0.7087,0.0273,,1
1360,0.983,0.0000,0.0000,0.0000,,1
1361,0.928,0.0000,0.0000,0.0000,,1
1362,0.909,0.8173,0.7934,0.0239,,1
1363,0.840,0.0000,0.0000,0.0000,,1
1364,0.946,0.0000,0.0000,0.0000,,1
1365,0.911,0.7752,0.7471,0.0281,,1
1366,0.943,0.0000,0.0000,0.0000,,1
1367,0.976,0.0000,0.0000,0.0000,,1
1368,0.980,0.7788,0.7525,0.0263,,1
1369,0.979,0.0000,0.0000,0.0000,,1
1370,0.983,0.0000,0.0000,0.0000,,1
1371,0.978,0.7865,0.7572,0.0293,,1
1372,0.979,0.0000,0.0000,0.0000,,1
1373,0.950,0.0000,0.0000,0.0000,,1
1374,0.967,0.7980,0.7725,0.0255,,1
1375,0.948,0.0000,0.0000,0.0000,,1
1376,0.966,0.0000,0.0000,0.0000,,1
1377,0.982,0.7488,0.7245,0.0242,,1
1378,0.979,0.0000,0.0000,0.0000,,1
1379,0.988,0.0000,0.0000,0.0000,,1
1380,0.985,0.7934,0.7656,0.0278,,1
1381,0.979,0.0000,0.0000,0.0000,,1
1382,0.967,0.0000,0.0000,0.0000,,1
1383,0.974,0.7981,0.7741,0.0240,,1
1384,0.984,0.0000,0.0000,0.0000,,1
1385,0.979,0.0000,0.0000,0.0000,,1
1386,0.583,0.7913,0.7578,0.0335,,1
1387,0.956,0.0000,0.0000,0.0000,,1
1388,0.960,0.0000,0.0000,0.0000,,1
1389,0.975,0.8073,0.7840,0.0233,,1
1390,0.958,0.0000,0.0000,0.0000,,1
1391,0.839,0.0000,0.0000,0.0000,,1
1392,0.631,0.7953,0.7557,0.0396,,1
1393,0.896,0.0000,0.0000,0.0000,,1
1394,0.742,0.0000,0.0000,0.0000,,1
1395,0.925,0.8294,0.7973,0.0321,,1
1396,0.741,0.0000,0.0000,0.0000,,1
1397,0.956,0.0000,0.0000,0.0000,,1
1398,0.949,0.8126,0.7759,0.0367,,1
1399,0.963,0.0000,0.0000,0.0000,,1
1400,0.973,0.0000,0.0000,0.0000,,1
1401,0.981,0.8009,0.7564,0.0445,,1
1402,0.986,0.0000,0.0000,0.0000,,1
1403,0.984,0.0000,0.0000,0.0000,,1
1404,0.991,0.8010,0.7640,0.0370,,1
1405,0.990,0.0000,0.0000,0.0000,,1
1406,0.991,0.0000,0.0000,0.0000,,1
1407,0.991,0.8096,0.7816,0.0281,,1
1408,0.991,0.0000,0.0000,0.0000,,1
1409,0.987,0.0000,0.0000,0.0000,,1
1410,0.990,0.8255,0.7772,0.0483,,1
1411,0.991,0.0000,0.0000,0.0000,,1
1412,0.990,0.0000,0.0000,0.0000,,1
1413,0.980,0.7987,0.7593,0.0394,,1
1414,0.988,0.0000,0.0000,0.0000,,1
1415,0.987,0.0000,0.0000,0.0000,,1
1416,0.978,0.8053,0.7563,0.0489,,1
1417,0.987,0.0000,0.0000,0.0000,,1
1418,0.972,0.0000,0.0000,0.0000,,1
1419,0.977,0.8214,0.7733,0.0481,,1
1420,0.979,0.0000,0.0000,0.0000,,1
1421,0.988,0.0000,0.0000,0.0000,,1
1422,0.985,0.8456,0.7971,0.0486,,1
1423,0.988,0.0000,0.0000,0.0000,,1
1424,0.984,0.0000,0.0000,0.0000,,1
1425,0.972,0.8034,0.7630,0.0403,,1
1426,0.974,0.0000,0.0000,0.0000,,1
1427,0.976,0.0000,0.0000,0.0000,,1
1428,0.984,0.8127,0.7760,0.0367,,1
1429,0.983,0.0000,0.0000,0.0000,,1
1430,0.987,0.0000,0.0000,0.0000,,1
1431,0.984,0.8199,0.7764,0.0435,,1
1432,0.985,0.0000,0.0000,0.0000,,1
1433,0.986,0.0000,0.0000,0.0000,,1
1434,0.985,0.7985,0.7548,0.0437,,1
1435,0.983,0.0000,0.0000,0.0000,,1
1436,0.988,0.0000,0.0000,0.0000,,1
1437,0.990,0.8036,0.7722,0.0314,,1
1438,0.990,0.0000,0.0000,0.0000,,1
1439,0.990,0.0000,0.0000,0.0000,,1
1440,0.987,0.8017,0.7629,0.0388,,1
1441,0.988,0.0000,0.0000,0.0000,,1
1442,0.988,0.0000,0.0000,0.0000,,1
1443,0.989,0.8094,0.7686,0.0408,,1
1444,0.988,0.0000,0.0000,0.0000,,1
1445,0.987,0.0000,0.0000,0.0000,,1
1446,0.989,0.7958,0.7567,0.0391,,1
1447,0.988,0.0000,0.0000,0.0000,,1
1448,0.989,0.0000,0.0000,0.0000,,1
1449,0.989,0.8207,0.7785,0.0421,,1
1450,0.986,0.0000,0.0000,0.0000,,1
1451,0.896,0.0000,0.0000,0.0000,,1
1452,0.900,0.8012,0.7745,0.0267,,1
1453,0.987,0.0000,0.0000,0.0000,,1
1454,0.991,0.0000,0.0000,0.0000,,1
1455,0.988,0.8064,0.7694,0.0370,,1
1456,0.987,0.0000,0.0000,0.0000,,1
1457,0.989,0.0000,0.0000,0.0000,,1
1458,0.989,0.8221,0.7876,0.0345,,1
1459,0.988,0.0000,0.0000,0.0000,,1
1460,0.965,0.0000,0.0000,0.0000,,1
1461,0.937,0.8321,0.7786,0.0535,nike_pogo_plus_japanese_roots,0
1462,0.924,0.0000,0.0000,0.0000,nike_pogo_plus_japanese_roots,0
1463,0.978,0.0000,0.0000,0.0000,nike_pogo_plus_japanese_roots,0
1464,0.981,0.8182,0.7565,0.0617,nike_pogo_plus_japanese_roots,0
1465,0.986,0.0000,0.0000,0.0000,nike_pogo_plus_japanese_roots,0
1466,0.976,0.0000,0.0000,0.0000,nike_pogo_plus_japanese_roots,0
1467,0.983,0.8143,0.7717,0.0427,nike_pogo_plus_japanese_roots,0
1468,0.980,0.0000,0.0000,0.0000,nike_pogo_plus_japanese_roots,0
1469,0.985,0.0000,0.0000,0.0000,nike_pogo_plus_japanese_roots,0
1470,0.988,0.7967,0.7463,0.0504,nike_pogo_plus_japanese_roots,0
1471,0.989,0.0000,0.0000,0.0000,nike_pogo_plus_japanese_roots,0
1472,0.983,0.0000,0.0000,0.0000,nike_pogo_plus_japanese_roots,0
1473,0.974,0.7989,0.7515,0.0474,nike_pogo_plus_japanese_roots,0
1474,0.978,0.0000,0.0000,0.0000,nike_pogo_plus_japanese_roots,0
1475,0.979,0.0000,0.0000,0.0000,nike_pogo_plus_japanese_roots,0
1476,0.976,0.7772,0.7366,0.0407,nike_pogo_plus_japanese_roots,0
1477,0.979,0.0000,0.0000,0.0000,nike_pogo_plus_japanese_roots,0
1478,0.976,0.0000,0.0000,0.0000,,1
1479,0.973,0.8051,0.7568,0.0483,,1
1480,0.920,0.0000,0.0000,0.0000,,1
1481,0.489,0.0000,0.0000,0.0000,,1
1482,0.506,0.7624,0.7367,0.0257,,1
1483,0.759,0.0000,0.0000,0.0000,,1
1484,0.740,0.0000,0.0000,0.0000,,1
1485,0.854,0.7844,0.7379,0.0466,,1
1486,0.590,0.0000,0.0000,0.0000,,1
1487,0.281,0.0000,0.0000,0.0000,,1
1526,0.455,0.0000,0.0000,0.0000,,1
1527,0.302,0.5258,0.5193,0.0065,,1
1590,0.306,0.5288,0.5279,0.0009,,1
1644,0.303,0.5108,0.4841,0.0266,,1
1671,0.305,0.4861,0.4855,0.0006,,1
1679,0.259,0.0000,0.0000,0.0000,,1
33,0.342,0.5009,0.4919,0.0090,,1
34,0.433,0.0000,0.0000,0.0000,,1
34,0.277,0.0000,0.0000,0.0000,,1
35,0.507,0.0000,0.0000,0.0000,,1
36,0.667,0.5411,0.5227,0.0184,,1
38,0.266,0.0000,0.0000,0.0000,,1
40,0.374,0.0000,0.0000,0.0000,,1
42,0.464,0.7991,0.7069,0.0922,new_balance_550_grey,0
44,0.352,0.0000,0.0000,0.0000,new_balance_550_grey,0
45,0.621,0.7711,0.7005,0.0706,new_balance_550_grey,0
46,0.601,0.0000,0.0000,0.0000,new_balance_550_grey,0
48,0.280,0.7994,0.7286,0.0708,new_balance_550_grey,0
49,0.565,0.0000,0.0000,0.0000,new_balance_550_grey,0
50,0.729,0.0000,0.0000,0.0000,new_balance_550_grey,0
51,0.775,0.8242,0.7225,0.1017,new_balance_550_grey,0
52,0.749,0.0000,0.0000,0.0000,new_balance_550_grey,0
52,0.258,0.0000,0.0000,0.0000,,1
53,0.592,0.0000,0.0000,0.0000,new_balance_550_grey,0
54,0.789,0.7846,0.7294,0.0551,new_balance_550_grey,0
54,0.304,0.7693,0.7034,0.0659,new_balance_550_grey,0
55,0.705,0.0000,0.0000,0.0000,new_balance_550_grey,0
56,0.701,0.0000,0.0000,0.0000,new_balance_550_grey,0
57,0.706,0.8174,0.7350,0.0824,new_balance_550_grey,0
57,0.671,0.7758,0.6950,0.0809,new_balance_550_grey,0
58,0.666,0.0000,0.0000,0.0000,new_balance_550_grey,0
59,0.801,0.0000,0.0000,0.0000,new_balance_550_grey,0
60,0.779,0.7792,0.7303,0.0489,new_balance_550_grey,0
61,0.634,0.0000,0.0000,0.0000,new_balance_550_grey,0
62,0.417,0.0000,0.0000,0.0000,new_balance_550_grey,0
63,0.478,0.7966,0.6932,0.1034,new_balance_550_grey,0
63,0.264,0.7514,0.6917,0.0597,new_balance_550_grey,0
64,0.373,0.0000,0.0000,0.0000,new_balance_550_grey,0
69,0.271,0.8019,0.7196,0.0823,new_balance_550_grey,0
70,0.316,0.0000,0.0000,0.0000,new_balance_550_grey,0
71,0.282,0.0000,0.0000,0.0000,new_balance_550_grey,0
73,0.399,0.0000,0.0000,0.0000,new_balance_550_grey,0
74,0.531,0.0000,0.0000,0.0000,new_balance_550_grey,0
78,0.382,0.7994,0.7099,0.0895,new_balance_550_grey,0
79,0.497,0.0000,0.0000,0.0000,new_balance_550_grey,0
80,0.272,0.0000,0.0000,0.0000,new_balance_550_grey,0
81,0.384,0.8041,0.6984,0.1058,new_balance_550_grey,0
82,0.565,0.0000,0.0000,0.0000,new_balance_550_grey,0
83,0.304,0.0000,0.0000,0.0000,new_balance_550_grey,0
84,0.472,0.7999,0.7449,0.0550,new_balance_550_grey,0
85,0.550,0.0000,0.0000,0.0000,new_balance_550_grey,0
86,0.332,0.0000,0.0000,0.0000,new_balance_550_grey,0
87,0.442,0.7978,0.7425,0.0553,new_balance_550_grey,0
88,0.477,0.0000,0.0000,0.0000,new_balance_550_grey,0
89,0.541,0.0000,0.0000,0.0000,new_balance_550_grey,0
90,0.490,0.7851,0.6808,0.1043,new_balance_550_grey,0
91,0.475,0.0000,0.0000,0.0000,new_balance_550_grey,0
92,0.470,0.0000,0.0000,0.0000,new_balance_550_grey,0
93,0.443,0.7808,0.6904,0.0904,new_balance_550_grey,0
94,0.534,0.0000,0.0000,0.0000,new_balance_550_grey,0
95,0.483,0.0000,0.0000,0.0000,new_balance_550_grey,0
96,0.417,0.8056,0.7046,0.1010,new_balance_550_grey,0
97,0.538,0.0000,0.0000,0.0000,new_balance_550_grey,0
98,0.510,0.0000,0.0000,0.0000,new_balance_550_grey,0
99,0.523,0.7928,0.7070,0.0858,new_balance_550_grey,0
100,0.378,0.0000,0.0000,0.0000,new_balance_550_grey,0
101,0.485,0.0000,0.0000,0.0000,new_balance_550_grey,0
102,0.403,0.7984,0.7113,0.0871,new_balance_550_grey,0
103,0.490,0.0000,0.0000,0.0000,new_balance_550_grey,0
104,0.350,0.0000,0.0000,0.0000,new_balance_550_grey,0
105,0.450,0.8037,0.7221,0.0816,new_balance_550_grey,0
106,0.428,0.0000,0.0000,0.0000,new_balance_550_grey,0
107,0.311,0.0000,0.0000,0.0000,new_balance_550_grey,0
108,0.448,0.7926,0.7081,0.0845,new_balance_550_grey,0
109,0.404,0.0000,0.0000,0.0000,new_balance_550_grey,0
110,0.488,0.0000,0.0000,0.0000,new_balance_550_grey,0
111,0.404,0.7904,0.7111,0.0793,new_balance_550_grey,0
112,0.301,0.0000,0.0000,0.0000,new_balance_550_grey,0
113,0.628,0.0000,0.0000,0.0000,new_balance_550_grey,0
114,0.340,0.8083,0.7148,0.0935,new_balance_550_grey,0
115,0.336,0.0000,0.0000,0.0000,new_balance_550_grey,0
116,0.475,0.0000,0.0000,0.0000,new_balance_550_grey,0
117,0.489,0.8188,0.7204,0.0984,new_balance_550_grey,0
118,0.593,0.0000,0.0000,0.0000,new_balance_550_grey,0
119,0.781,0.0000,0.0000,0.0000,new_balance_550_grey,0
120,0.604,0.8109,0.7107,0.1002,new_balance_550_grey,0
120,0.487,0.7315,0.6473,0.0842,new_balance_550_grey,0
121,0.723,0.0000,0.0000,0.0000,new_balance_550_grey,0
122,0.689,0.0000,0.0000,0.0000,new_balance_550_grey,0
123,0.626,0.7839,0.6863,0.0976,new_balance_550_grey,0
123,0.542,0.7204,0.6564,0.0640,new_balance_550_grey,0
124,0.345,0.0000,0.0000,0.0000,new_balance_550_grey,0
125,0.271,0.0000,0.0000,0.0000,new_balance_550_grey,0
126,0.521,0.7613,0.6627,0.0986,new_balance_550_grey,0
127,0.503,0.0000,0.0000,0.0000,new_balance_550_grey,0
167,0.258,0.0000,0.0000,0.0000,new_balance_550_grey,0
168,0.421,0.7471,0.7068,0.0403,new_balance_550_grey,0
168,0.271,0.6985,0.6630,0.0354,new_balance_550_grey,0
169,0.372,0.0000,0.0000,0.0000,new_balance_550_grey,0
170,0.469,0.0000,0.0000,0.0000,new_balance_550_grey,0
286,0.339,0.0000,0.0000,0.0000,new_balance_550_grey,0
287,0.339,0.0000,0.0000,0.0000,new_balance_550_grey,0
364,0.253,0.0000,0.0000,0.0000,,1
485,0.312,0.0000,0.0000,0.0000,,1
487,0.405,0.0000,0.0000,0.0000,,1
487,0.340,0.0000,0.0000,0.0000,new_balance_550_grey,0
495,0.450,0.5765,0.5451,0.0314,,1
496,0.332,0.0000,0.0000,0.0000,,1
500,0.336,0.0000,0.0000,0.0000,,1
527,0.295,0.0000,0.0000,0.0000,,1
537,0.569,0.5240,0.5157,0.0083,,1
615,0.258,0.5561,0.5194,0.0366,,1
631,0.647,0.0000,0.0000,0.0000,,1
668,0.292,0.0000,0.0000,0.0000,,1
674,0.324,0.0000,0.0000,0.0000,,1
675,0.647,0.6938,0.6933,0.0005,,1
757,0.261,0.0000,0.0000,0.0000,,1
822,0.372,0.5975,0.5573,0.0402,,1
825,0.417,0.5691,0.5449,0.0242,,1
827,0.392,0.0000,0.0000,0.0000,,1
828,0.289,0.6057,0.5810,0.0247,,1
829,0.540,0.0000,0.0000,0.0000,,1
894,0.413,0.7239,0.7113,0.0125,,1
900,0.697,0.8088,0.7792,0.0296,,1
901,0.665,0.0000,0.0000,0.0000,,1
905,0.406,0.0000,0.0000,0.0000,,1
908,0.290,0.0000,0.0000,0.0000,,1
910,0.408,0.0000,0.0000,0.0000,,1
911,0.501,0.0000,0.0000,0.0000,,1
912,0.312,0.6595,0.6533,0.0062,,1
916,0.250,0.0000,0.0000,0.0000,,1
919,0.536,0.0000,0.0000,0.0000,,1
920,0.451,0.0000,0.0000,0.0000,,1
920,0.433,0.0000,0.0000,0.0000,new_balance_550_grey,0
921,0.285,0.7996,0.7485,0.0511,new_balance_550_grey,0
922,0.601,0.0000,0.0000,0.0000,new_balance_550_grey,0
923,0.488,0.0000,0.0000,0.0000,new_balance_550_grey,0
923,0.306,0.0000,0.0000,0.0000,new_balance_550_grey,0
924,0.298,0.7324,0.7127,0.0197,new_balance_550_grey,0
925,0.411,0.0000,0.0000,0.0000,new_balance_550_grey,0
925,0.351,0.0000,0.0000,0.0000,new_balance_550_grey,0
928,0.512,0.0000,0.0000,0.0000,new_balance_550_grey,0
928,0.368,0.0000,0.0000,0.0000,new_balance_550_grey,0
929,0.457,0.0000,0.0000,0.0000,new_balance_550_grey,0
929,0.261,0.0000,0.0000,0.0000,new_balance_550_grey,0
930,0.566,0.7146,0.7039,0.0106,new_balance_550_grey,0
930,0.313,0.7448,0.7123,0.0325,,1
931,0.414,0.0000,0.0000,0.0000,,1
931,0.302,0.0000,0.0000,0.0000,,1
932,0.383,0.0000,0.0000,0.0000,,1
932,0.344,0.0000,0.0000,0.0000,,1
933,0.472,0.6912,0.6835,0.0077,,1
934,0.474,0.0000,0.0000,0.0000,,1
934,0.416,0.0000,0.0000,0.0000,,1
935,0.259,0.0000,0.0000,0.0000,,1
936,0.303,0.6929,0.6883,0.0046,,1
940,0.271,0.0000,0.0000,0.0000,,1
941,0.434,0.0000,0.0000,0.0000,,1
941,0.263,0.0000,0.0000,0.0000,,1
942,0.283,0.7182,0.7114,0.0068,,1
949,0.315,0.0000,0.0000,0.0000,,1
950,0.465,0.0000,0.0000,0.0000,,1
951,0.383,0.6928,0.6746,0.0182,,1
952,0.281,0.0000,0.0000,0.0000,,1
954,0.447,0.7084,0.6891,0.0193,,1
955,0.269,0.0000,0.0000,0.0000,,1
958,0.391,0.0000,0.0000,0.0000,,1
959,0.306,0.0000,0.0000,0.0000,,1
961,0.868,0.0000,0.0000,0.0000,,1
962,0.745,0.0000,0.0000,0.0000,,1
1005,0.408,0.7635,0.7249,0.0386,,1
1006,0.395,0.0000,0.0000,0.0000,,1
1023,0.267,0.6853,0.6567,0.0286,,1
1025,0.510,0.0000,0.0000,0.0000,,1
1026,0.251,0.7165,0.6928,0.0237,,1
1028,0.328,0.0000,0.0000,0.0000,,1
1028,0.265,0.0000,0.0000,0.0000,,1
1039,0.624,0.0000,0.0000,0.0000,,1
1040,0.595,0.0000,0.0000,0.0000,,1
1041,0.819,0.7728,0.7167,0.0561,new_balance_550_grey,0
1042,0.679,0.0000,0.0000,0.0000,new_balance_550_grey,0
1043,0.451,0.0000,0.0000,0.0000,new_balance_550_grey,0
1044,0.709,0.7974,0.7272,0.0702,new_balance_550_grey,0
1045,0.757,0.0000,0.0000,0.0000,new_balance_550_grey,0
1046,0.868,0.0000,0.0000,0.0000,new_balance_550_grey,0
1047,0.601,0.7550,0.7044,0.0506,new_balance_550_grey,0
1048,0.750,0.0000,0.0000,0.0000,new_balance_550_grey,0
1052,0.591,0.0000,0.0000,0.0000,new_balance_550_grey,0
1053,0.803,0.7379,0.6863,0.0516,new_balance_550_grey,0
1054,0.896,0.0000,0.0000,0.0000,new_balance_550_grey,0
1055,0.912,0.0000,0.0000,0.0000,new_balance_550_grey,0
1056,0.836,0.7813,0.7118,0.0696,new_balance_550_grey,0
1057,0.775,0.0000,0.0000,0.0000,new_balance_550_grey,0
1058,0.885,0.0000,0.0000,0.0000,new_balance_550_grey,0
1059,0.912,0.7248,0.6964,0.0284,new_balance_550_grey,0
1060,0.917,0.0000,0.0000,0.0000,new_balance_550_grey,0
1061,0.830,0.0000,0.0000,0.0000,new_balance_550_grey,0
1062,0.738,0.7043,0.6816,0.0227,new_balance_550_grey,0
1063,0.641,0.0000,0.0000,0.0000,new_balance_550_grey,0
1064,0.696,0.0000,0.0000,0.0000,,1
1065,0.709,0.7377,0.6798,0.0580,new_balance_550_grey,0
1066,0.759,0.0000,0.0000,0.0000,new_balance_550_grey,0
1067,0.676,0.0000,0.0000,0.0000,new_balance_550_grey,0
1068,0.775,0.7884,0.7490,0.0395,new_balance_550_grey,0
1069,0.790,0.0000,0.0000,0.0000,new_balance_550_grey,0
1070,0.928,0.0000,0.0000,0.0000,new_balance_550_grey,0
1071,0.942,0.7864,0.7050,0.0814,new_balance_550_grey,0
1072,0.857,0.0000,0.0000,0.0000,new_balance_550_grey,0
1073,0.949,0.0000,0.0000,0.0000,new_balance_550_grey,0
1074,0.935,0.7873,0.7336,0.0537,new_balance_550_grey,0
1075,0.937,0.0000,0.0000,0.0000,new_balance_550_grey,0
1076,0.903,0.0000,0.0000,0.0000,new_balance_550_grey,0
1077,0.900,0.7943,0.7494,0.0449,new_balance_550_grey,0
1078,0.846,0.0000,0.0000,0.0000,new_balance_550_grey,0
1079,0.773,0.0000,0.0000,0.0000,new_balance_550_grey,0
1080,0.830,0.7554,0.7075,0.0479,new_balance_550_grey,0
1081,0.862,0.0000,0.0000,0.0000,new_balance_550_grey,0
1082,0.792,0.0000,0.0000,0.0000,,1
1083,0.768,0.8050,0.7360,0.0690,new_balance_550_grey,0
1084,0.705,0.0000,0.0000,0.0000,new_balance_550_grey,0
1085,0.747,0.0000,0.0000,0.0000,new_balance_550_grey,0
1086,0.814,0.7281,0.6700,0.0581,new_balance_550_grey,0
1087,0.766,0.0000,0.0000,0.0000,new_balance_550_grey,0
1088,0.855,0.0000,0.0000,0.0000,new_balance_550_grey,0
1089,0.679,0.7029,0.6834,0.0195,new_balance_550_grey,0
1089,0.279,0.7159,0.6869,0.0290,,1
1090,0.667,0.0000,0.0000,0.0000,new_balance_550_grey,0
1091,0.407,0.0000,0.0000,0.0000,new_balance_550_grey,0
1093,0.268,0.0000,0.0000,0.0000,new_balance_550_grey,0
1094,0.319,0.0000,0.0000,0.0000,new_balance_550_grey,0
1095,0.323,0.7889,0.7240,0.0649,new_balance_550_grey,0
1096,0.372,0.0000,0.0000,0.0000,new_balance_550_grey,0
1097,0.341,0.0000,0.0000,0.0000,new_balance_550_grey,0
1098,0.393,0.7758,0.7507,0.0251,new_balance_550_grey,0
1099,0.494,0.0000,0.0000,0.0000,new_balance_550_grey,0
1100,0.255,0.0000,0.0000,0.0000,new_balance_550_grey,0
1101,0.282,0.7701,0.6927,0.0774,new_balance_550_grey,0
1102,0.335,0.0000,0.0000,0.0000,new_balance_550_grey,0
1103,0.743,0.0000,0.0000,0.0000,new_balance_550_grey,0
1104,0.611,0.8172,0.7223,0.0950,new_balance_550_grey,0
1105,0.644,0.0000,0.0000,0.0000,new_balance_550_grey,0
1106,0.768,0.0000,0.0000,0.0000,new_balance_550_grey,0
1107,0.596,0.7746,0.7130,0.0616,new_balance_550_grey,0
1108,0.696,0.0000,0.0000,0.0000,new_balance_550_grey,0
1109,0.709,0.0000,0.0000,0.0000,new_balance_550_grey,0
1110,0.542,0.7679,0.7282,0.0396,new_balance_550_grey,0
1111,0.482,0.0000,0.0000,0.0000,new_balance_550_grey,0
1112,0.508,0.0000,0.0000,0.0000,new_balance_550_grey,0
1113,0.540,0.8338,0.7683,0.0655,new_balance_550_grey,0
1114,0.690,0.0000,0.0000,0.0000,new_balance_550_grey,0
1115,0.477,0.0000,0.0000,0.0000,new_balance_550_grey,0
1116,0.461,0.8120,0.7938,0.0182,new_balance_550_grey,0
1117,0.536,0.0000,0.0000,0.0000,new_balance_550_grey,0
1118,0.623,0.0000,0.0000,0.0000,new_balance_550_grey,0
1119,0.703,0.7957,0.7850,0.0107,new_balance_550_grey,0
1120,0.514,0.0000,0.0000,0.0000,new_balance_550_grey,0
1121,0.893,0.0000,0.0000,0.0000,,1
1122,0.676,0.7964,0.7555,0.0409,,1
1123,0.765,0.0000,0.0000,0.0000,,1
1124,0.752,0.0000,0.0000,0.0000,,1
1125,0.799,0.7844,0.7292,0.0552,new_balance_550_grey,0
1126,0.754,0.0000,0.0000,0.0000,new_balance_550_grey,0
1127,0.767,0.0000,0.0000,0.0000,new_balance_550_grey,0
1128,0.725,0.7852,0.7517,0.0335,new_balance_550_grey,0
1129,0.773,0.0000,0.0000,0.0000,new_balance_550_grey,0
1130,0.791,0.0000,0.0000,0.0000,new_balance_550_grey,0
1131,0.796,0.7655,0.7137,0.0518,new_balance_550_grey,0
1132,0.769,0.0000,0.0000,0.0000,new_balance_550_grey,0
1133,0.657,0.0000,0.0000,0.0000,new_balance_550_grey,0
1134,0.659,0.8213,0.7428,0.0785,new_balance_550_grey,0
1135,0.721,0.0000,0.0000,0.0000,new_balance_550_grey,0
1135,0.336,0.0000,0.0000,0.0000,,1
1136,0.749,0.0000,0.0000,0.0000,new_balance_550_grey,0
1136,0.338,0.0000,0.0000,0.0000,,1
1137,0.837,0.8379,0.7375,0.1003,new_balance_550_grey,0
1138,0.821,0.0000,0.0000,0.0000,new_balance_550_grey,0
1139,0.798,0.0000,0.0000,0.0000,new_balance_550_grey,0
1140,0.780,0.7960,0.7513,0.0447,new_balance_550_grey,0
1140,0.346,0.6886,0.6719,0.0167,,1
1141,0.728,0.0000,0.0000,0.0000,new_balance_550_grey,0
1141,0.418,0.0000,0.0000,0.0000,,1
1142,0.840,0.0000,0.0000,0.0000,new_balance_550_grey,0
1143,0.839,0.8024,0.7532,0.0492,new_balance_550_grey,0
1144,0.819,0.0000,0.0000,0.0000,new_balance_550_grey,0
1144,0.755,0.0000,0.0000,0.0000,,1
1145,0.792,0.0000,0.0000,0.0000,,1
1146,0.792,0.8093,0.7464,0.0629,new_balance_550_grey,0
1146,0.288,0.7617,0.7389,0.0228,,1
1147,0.698,0.0000,0.0000,0.0000,new_balance_550_grey,0
1148,0.674,0.0000,0.0000,0.0000,new_balance_550_grey,0
1149,0.738,0.7968,0.7742,0.0226,new_balance_550_grey,0
1150,0.896,0.0000,0.0000,0.0000,new_balance_550_grey,0
1151,0.925,0.0000,0.0000,0.0000,new_balance_550_grey,0
1152,0.937,0.7776,0.7543,0.0233,new_balance_550_grey,0
1153,0.931,0.0000,0.0000,0.0000,new_balance_550_grey,0
1154,0.906,0.0000,0.0000,0.0000,,1
1155,0.894,0.7935,0.7550,0.0385,,1
1156,0.927,0.0000,0.0000,0.0000,,1
1157,0.898,0.0000,0.0000,0.0000,,1
1158,0.842,0.8120,0.7620,0.0499,,1
1159,0.870,0.0000,0.0000,0.0000,,1
1160,0.866,0.0000,0.0000,0.0000,,1
1161,0.813,0.8014,0.7329,0.0685,new_balance_550_grey,0
1162,0.820,0.0000,0.0000,0.0000,new_balance_550_grey,0
1163,0.797,0.0000,0.0000,0.0000,new_balance_550_grey,0
1164,0.817,0.8050,0.7509,0.0542,new_balance_550_grey,0
1165,0.830,0.0000,0.0000,0.0000,new_balance_550_grey,0
1166,0.926,0.0000,0.0000,0.0000,new_balance_550_grey,0
1167,0.921,0.7967,0.7716,0.0251,new_balance_550_grey,0
1168,0.833,0.0000,0.0000,0.0000,new_balance_550_grey,0
1169,0.542,0.0000,0.0000,0.0000,new_balance_550_grey,0
1170,0.455,0.7598,0.7428,0.0170,new_balance_550_grey,0
1171,0.620,0.0000,0.0000,0.0000,new_balance_550_grey,0
1172,0.607,0.0000,0.0000,0.0000,,1
1173,0.725,0.8099,0.7606,0.0492,,1
1174,0.806,0.0000,0.0000,0.0000,,1
1175,0.725,0.0000,0.0000,0.0000,,1
1176,0.735,0.7501,0.7251,0.0250,,1
1177,0.733,0.0000,0.0000,0.0000,,1
1178,0.771,0.0000,0.0000,0.0000,,1
1179,0.685,0.7901,0.7655,0.0246,,1
1180,0.782,0.0000,0.0000,0.0000,,1
1181,0.825,0.0000,0.0000,0.0000,,1
1181,0.268,0.0000,0.0000,0.0000,,1
1182,0.816,0.7634,0.7275,0.0359,,1
1183,0.870,0.0000,0.0000,0.0000,,1
1183,0.294,0.0000,0.0000,0.0000,,1
1184,0.833,0.0000,0.0000,0.0000,,1
1185,0.834,0.7618,0.7323,0.0295,,1
1185,0.253,0.4887,0.4845,0.0042,,1
1186,0.817,0.0000,0.0000,0.0000,,1
1187,0.829,0.0000,0.0000,0.0000,,1
1188,0.789,0.7695,0.7272,0.0423,,1
1189,0.698,0.0000,0.0000,0.0000,,1
1190,0.826,0.0000,0.0000,0.0000,,1
1191,0.868,0.7845,0.7345,0.0500,new_balance_550_grey,0
1192,0.932,0.0000,0.0000,0.0000,new_balance_550_grey,0
1193,0.870,0.0000,0.0000,0.0000,new_balance_550_grey,0
1194,0.790,0.7928,0.7525,0.0403,new_balance_550_grey,0
1195,0.689,0.0000,0.0000,0.0000,new_balance_550_grey,0
1196,0.883,0.0000,0.0000,0.0000,new_balance_550_grey,0
1197,0.806,0.7907,0.7408,0.0499,new_balance_550_grey,0
1198,0.759,0.0000,0.0000,0.0000,new_balance_550_grey,0
1199,0.879,0.0000,0.0000,0.0000,,1
1200,0.804,0.7719,0.7582,0.0137,,1
1201,0.665,0.0000,0.0000,0.0000,,1
1202,0.698,0.0000,0.0000,0.0000,,1
1203,0.613,0.7543,0.7006,0.0537,new_balance_550_grey,0
1204,0.469,0.0000,0.0000,0.0000,new_balance_550_grey,0
1205,0.436,0.0000,0.0000,0.0000,new_balance_550_grey,0
1206,0.436,0.7424,0.6981,0.0443,new_balance_550_grey,0
1207,0.430,0.0000,0.0000,0.0000,new_balance_550_grey,0
1208,0.422,0.0000,0.0000,0.0000,new_balance_550_grey,0
1209,0.663,0.7567,0.6849,0.0718,new_balance_550_grey,0
1210,0.350,0.0000,0.0000,0.0000,new_balance_550_grey,0
1438,0.323,0.0000,0.0000,0.0000,new_balance_550_grey,0
1467,0.290,0.6102,0.5888,0.0214,new_balance_550_grey,0
1468,0.386,0.0000,0.0000,0.0000,new_balance_550_grey,0
1469,0.259,0.0000,0.0000,0.0000,new_balance_550_grey,0
1472,0.257,0.0000,0.0000,0.0000,new_balance_550_grey,0
1474,0.363,0.0000,0.0000,0.0000,new_balance_550_grey,0
1475,0.479,0.0000,0.0000,0.0000,,1
1476,0.506,0.5821,0.5639,0.0182,,1
1477,0.426,0.0000,0.0000,0.0000,,1
1478,0.471,0.0000,0.0000,0.0000,,1
1479,0.399,0.5759,0.5652,0.0107,,1
1480,0.448,0.0000,0.0000,0.0000,,1
1481,0.291,0.0000,0.0000,0.0000,,1
1487,0.320,0.0000,0.0000,0.0000,,1
1488,0.374,0.5909,0.5747,0.0162,,1
1492,0.270,0.0000,0.0000,0.0000,,1
1493,0.297,0.0000,0.0000,0.0000,,1
1494,0.374,0.5714,0.5598,0.0116,,1
1495,0.264,0.0000,0.0000,0.0000,,1
1504,0.315,0.0000,0.0000,0.0000,,1
1505,0.407,0.0000,0.0000,0.0000,,1
1506,0.361,0.4719,0.4691,0.0028,,1
1507,0.337,0.0000,0.0000,0.0000,,1
1597,0.302,0.0000,0.0000,0.0000,,1
1598,0.368,0.0000,0.0000,0.0000,,1
